# This file uses centimeters as units for non-parametric coordinates.

mtllib P_Kiosk_Obj.mtl
g default
v -995.620130 109.556847 -2089.053160
v -995.830213 109.556847 -2094.668639
v -1000.351514 109.556847 -2098.005431
v -1005.779371 109.556847 -2096.551085
v -1008.026563 109.556847 -2091.400572
v -1005.400770 109.556847 -2086.432433
v -999.879407 109.556847 -2085.387755
v -995.620130 117.678703 -2089.053160
v -995.830213 117.678703 -2094.668639
v -1000.351514 117.678703 -2098.005431
v -1005.779371 117.678703 -2096.551085
v -1008.026563 117.678703 -2091.400572
v -1005.400770 117.678703 -2086.432433
v -999.879407 117.678703 -2085.387755
v -1001.555433 109.556847 -2091.642760
v -997.523572 120.832222 -2089.864318
v -997.669263 120.832222 -2093.756652
v -1000.803174 120.832222 -2096.069518
v -1004.565442 120.832222 -2095.061461
v -1006.123060 120.832222 -2091.491393
v -1004.302991 120.832222 -2088.047789
v -1000.475965 120.832222 -2087.323668
v -997.523572 209.111282 -2089.864318
v -997.669263 209.111282 -2093.756652
v -1000.803174 209.111282 -2096.069518
v -1004.565442 209.111282 -2095.061461
v -1006.123060 209.111282 -2091.491393
v -1004.302991 209.111282 -2088.047789
v -1000.475965 209.111282 -2087.323668
v -996.747632 212.727753 -2089.533629
v -996.919568 212.727753 -2094.128356
v -1000.619031 212.727753 -2096.858702
v -1005.060315 212.727753 -2095.668639
v -1006.899000 212.727753 -2091.454405
v -1004.750562 212.727753 -2087.389342
v -1000.232740 212.727753 -2086.534484
v -994.391309 216.546234 -2088.529479
v -994.643079 216.546234 -2095.257262
v -1000.060010 216.546234 -2099.255187
v -1006.563062 216.546234 -2097.512633
v -1009.255323 216.546234 -2091.341979
v -1006.109449 216.546234 -2085.389708
v -999.494336 216.546234 -2084.137999
v -989.681165 219.966782 -2086.195983
v -990.092420 219.966782 -2097.880919
v -1001.298963 219.966782 -2091.584410
v -998.942457 219.966782 -2104.824401
v -1009.566968 219.966782 -2101.798033
v -1013.965467 219.966782 -2091.080626
v -1008.825879 219.966782 -2080.742614
v -998.018323 219.966782 -2078.568785
v -1319.169431 108.556824 -2099.282691
v -1356.669935 108.556908 -2099.282706
v -1319.169446 108.556778 -2263.049926
v -1356.669919 108.556831 -2263.049987
v -1319.169431 0.816853 -2099.282660
v -1356.669919 0.816853 -2099.282660
v -1356.669950 0.816860 -2263.050032
v -1319.169431 0.816853 -2263.049987
v -1002.050184 0.000000 -2261.357970
v -995.104200 0.000000 -2259.772643
v -989.533948 0.000000 -2264.214781
v -989.534009 0.000000 -2271.339293
v -995.104261 0.000000 -2275.781493
v -1002.050184 0.000000 -2274.196166
v -1005.141492 0.000000 -2267.777037
v -1002.050245 108.556847 -2261.357970
v -995.104261 108.556847 -2259.772643
v -989.533948 108.556847 -2264.214781
v -989.533948 108.556847 -2271.339293
v -995.104261 108.556847 -2275.781554
v -1002.050184 108.556847 -2274.196105
v -1005.141492 108.556847 -2267.777037
v -996.931165 0.000000 -2267.777159
v -1002.050245 109.556847 -2261.357970
v -995.104261 109.556847 -2259.772643
v -996.931165 109.556847 -2267.777037
v -989.533948 109.556847 -2264.214781
v -989.533948 109.556847 -2271.339293
v -995.104261 109.556847 -2275.781554
v -1002.050184 109.556847 -2274.196105
v -1005.141492 109.556847 -2267.777037
v -993.455640 108.556847 -2259.772643
v -987.885328 108.556847 -2264.214781
v -987.885328 109.556847 -2264.214781
v -993.455640 109.556847 -2259.772643
v -987.885389 108.556847 -2271.339293
v -987.885389 109.556847 -2271.339293
v -993.455640 108.556847 -2275.781554
v -993.455640 109.556847 -2275.781554
v -1319.169446 108.556847 -2271.054381
v -1358.318616 108.556847 -2271.054381
v -1319.169446 109.556847 -2271.054381
v -1358.318616 109.556847 -2271.054381
v -1319.169446 109.556847 -2099.282653
v -1358.318616 109.556847 -2099.282653
v -1319.169446 108.556847 -2099.282653
v -1358.318616 108.556847 -2099.282653
v -1316.853773 204.896729 -2430.228453
v -1316.853773 204.896729 -2442.987120
v -1316.853773 220.905609 -2430.228453
v -1316.853773 220.905609 -2442.987120
v -1178.290418 204.896729 -2430.228453
v -1178.290418 204.896729 -2442.987120
v -1178.290418 220.905609 -2442.987120
v -1178.290418 220.905609 -2430.228453
v -1316.853773 220.905624 -2430.228453
v -1316.853773 220.905624 -2438.677062
v -1178.290418 220.905624 -2430.228453
v -1178.290418 220.905624 -2438.677062
v -1316.853773 196.089203 -2438.677062
v -1178.290418 196.089203 -2438.677062
v -1178.290418 196.089203 -2430.228453
v -1316.853773 196.089203 -2430.228453
v -1202.483655 131.423340 -2240.660582
v -1240.026624 94.816566 -2203.117614
v -1202.483655 131.423340 -2292.116881
v -1240.026624 94.816597 -2329.659911
v -1199.706922 128.646637 -2240.660582
v -1240.026624 89.076973 -2203.117614
v -1240.026624 89.077003 -2329.659911
v -1199.706922 128.646637 -2289.340270
v -1242.604505 89.076996 -2200.539733
v -1242.604505 89.076981 -2332.237853
v -1242.604505 92.870026 -2200.539733
v -1242.604505 92.870026 -2332.237853
v -1240.026624 99.856941 -2329.659911
v -1240.026624 99.856918 -2203.117614
v -1242.604505 97.910370 -2332.237853
v -1242.604505 97.910370 -2200.539733
v -1332.737317 220.905594 -2266.898375
v -1345.495984 220.905594 -2266.898375
v -1332.737317 220.905594 -2282.907286
v -1345.495984 220.905594 -2282.907286
v -1332.737317 109.556839 -2266.898375
v -1345.495984 109.556839 -2266.898375
v -1345.495984 109.556839 -2282.907286
v -1332.737317 109.556839 -2282.907286
v -1332.737317 220.905594 -2291.714781
v -1341.185926 220.905594 -2291.714781
v -1332.737317 109.556839 -2291.714781
v -1341.185926 109.556839 -2291.714781
v -1341.185926 220.905594 -2258.090880
v -1341.185926 109.556839 -2258.090880
v -1332.737317 109.556839 -2258.090880
v -1332.737317 220.905594 -2258.090880
v -1348.907728 109.556847 -2268.464781
v -1349.117811 109.556847 -2274.080382
v -1353.639173 109.556847 -2277.417174
v -1359.066907 109.556847 -2275.962767
v -1361.314100 109.556847 -2270.812316
v -1358.688367 109.556847 -2265.844176
v -1353.167005 109.556847 -2264.799498
v -1348.907728 117.678703 -2268.464781
v -1349.117811 117.678703 -2274.080382
v -1353.639173 117.678703 -2277.417174
v -1359.066907 117.678703 -2275.962767
v -1361.314100 117.678703 -2270.812316
v -1358.688367 117.678703 -2265.844176
v -1353.167005 117.678703 -2264.799498
v -1354.843030 109.556847 -2271.054381
v -1350.811170 120.832222 -2269.276061
v -1350.956800 120.832222 -2273.168273
v -1354.090833 120.832222 -2275.481261
v -1357.853040 120.832222 -2274.473143
v -1359.410657 120.832222 -2270.903136
v -1357.590589 120.832222 -2267.459410
v -1353.763440 120.832222 -2266.735411
v -1350.811170 209.111282 -2269.276061
v -1350.956800 209.111282 -2273.168273
v -1354.090833 209.111282 -2275.481261
v -1357.853040 209.111282 -2274.473143
v -1359.410657 209.111282 -2270.903136
v -1357.590589 209.111282 -2267.459410
v -1353.763440 209.111282 -2266.735411
v -1350.035169 212.727753 -2268.945372
v -1350.207166 212.727753 -2273.540099
v -1353.906629 212.727753 -2276.270446
v -1358.347913 212.727753 -2275.080382
v -1360.186536 212.727753 -2270.866149
v -1358.038099 212.727753 -2266.800963
v -1353.520276 212.727753 -2265.946227
v -1347.678968 216.546234 -2267.941222
v -1347.930677 216.546234 -2274.669005
v -1353.347547 216.546234 -2278.666869
v -1359.850599 216.546234 -2276.924376
v -1362.542982 216.546234 -2270.753600
v -1359.396985 216.546234 -2264.801329
v -1352.781995 216.546234 -2263.549742
v -1342.968763 219.966782 -2262.291930
v -1343.380018 219.966782 -2281.020446
v -1354.586561 219.966782 -2270.928527
v -1352.229993 219.966782 -2292.149596
v -1362.854505 219.966782 -2287.298888
v -1367.253065 219.966782 -2270.120909
v -1362.113416 219.966782 -2253.551207
v -1351.305921 219.966782 -2250.067076
v -1332.737317 204.896698 -2128.335021
v -1345.495984 204.896698 -2128.335021
v -1332.737317 220.905579 -2128.335021
v -1345.495984 220.905579 -2128.335021
v -1332.737317 204.896698 -2266.898375
v -1345.495984 204.896698 -2266.898375
v -1345.495984 220.905579 -2266.898375
v -1332.737317 220.905579 -2266.898375
v -1332.737317 220.905594 -2128.335021
v -1341.185926 220.905594 -2128.335021
v -1332.737317 220.905594 -2266.898375
v -1341.185926 220.905594 -2266.898375
v -1341.185926 196.089172 -2128.335021
v -1341.185926 196.089172 -2266.898375
v -1332.737317 196.089172 -2266.898375
v -1332.737317 196.089172 -2128.335021
v -1332.737317 220.905609 -2112.451598
v -1345.495984 220.905609 -2099.692809
v -1332.737317 220.905609 -2128.460387
v -1345.495984 220.905609 -2128.460387
v -1332.737317 109.556847 -2112.451598
v -1345.495984 109.556847 -2099.692809
v -1345.495984 109.556847 -2128.460387
v -1332.737317 109.556847 -2128.460387
v -1332.737317 220.905609 -2137.268004
v -1341.185926 220.905609 -2137.268004
v -1332.737317 109.556847 -2137.268004
v -1341.185926 109.556847 -2137.268004
v -1316.728406 220.905609 -2112.451476
v -1316.728406 220.905609 -2099.692809
v -1332.737317 220.905609 -2112.451476
v -1316.728406 109.556847 -2112.451476
v -1316.728406 109.556847 -2099.692809
v -1332.737317 109.556847 -2112.451476
v -1307.920911 220.905609 -2104.002867
v -1307.920911 109.556847 -2104.002867
v -1307.920911 109.556847 -2112.451476
v -1307.920911 220.905609 -2112.451476
v -1017.900220 220.905594 -2275.781554
v -1005.141492 220.905594 -2275.781554
v -1017.900220 220.905594 -2259.772643
v -1005.141492 220.905594 -2259.772643
v -1017.900220 109.556839 -2275.781554
v -1005.141492 109.556839 -2275.781554
v -1005.141492 109.556839 -2259.772643
v -1017.900220 109.556839 -2259.772643
v -1017.900220 220.905594 -2250.965026
v -1009.451551 220.905594 -2250.965026
v -1017.900220 109.556839 -2250.965026
v -1009.451551 109.556839 -2250.965026
v -1009.451551 220.905594 -2284.589049
v -1009.451551 109.556839 -2284.589049
v -1017.900220 109.556839 -2284.589049
v -1017.900220 220.905594 -2284.589049
v -1202.483655 195.757736 -2292.116881
v -1240.026624 159.150970 -2329.659911
v -1147.937147 195.757736 -2292.116881
v -1110.394178 159.151001 -2329.659911
v -1199.706922 192.981049 -2289.340270
v -1240.026624 153.411377 -2329.659911
v -1110.394178 153.411407 -2329.659911
v -1147.937147 192.981049 -2289.340270
v -1242.604505 153.411392 -2332.237853
v -1107.816175 153.411377 -2332.237853
v -1242.604505 157.204422 -2332.237853
v -1107.816175 157.204422 -2332.237853
v -1110.394178 164.191345 -2329.659911
v -1240.026624 164.191315 -2329.659911
v -1107.816175 162.244766 -2332.237853
v -1242.604505 162.244766 -2332.237853
v -1033.783704 204.896729 -2112.451476
v -1033.783704 204.896729 -2099.692809
v -1033.783704 220.905609 -2112.451476
v -1033.783704 220.905609 -2099.692809
v -1172.347181 204.896729 -2112.451476
v -1172.347181 204.896729 -2099.692809
v -1172.347181 220.905609 -2099.692809
v -1172.347181 220.905609 -2112.451476
v -1033.783704 220.905624 -2112.451476
v -1033.783704 220.905624 -2104.002867
v -1172.347181 220.905624 -2112.451476
v -1172.347181 220.905624 -2104.002867
v -1033.783704 196.089203 -2104.002867
v -1172.347181 196.089203 -2104.002867
v -1172.347181 196.089203 -2112.451476
v -1033.783704 196.089203 -2112.451476
v -1202.483655 198.122620 -2292.116881
v -1147.937147 198.122620 -2292.116881
v -1202.483655 198.122620 -2240.660582
v -1147.937147 198.122620 -2240.660582
v -1202.483655 0.000000 -2292.116881
v -1147.937147 0.000000 -2292.116881
v -1147.937147 0.000000 -2240.660582
v -1202.483655 0.000000 -2240.660582
v -1319.169446 108.556847 -2442.826232
v -1358.318616 108.556847 -2442.826232
v -1319.169446 109.556847 -2442.826232
v -1358.318616 109.556847 -2442.826232
v -1319.169446 109.556847 -2271.054381
v -1358.318616 109.556847 -2271.054381
v -1319.169446 108.556847 -2271.054381
v -1358.318616 108.556847 -2271.054381
v -1021.581434 0.000013 -2096.005309
v -995.104200 0.000013 -2096.005309
v -1021.581434 0.000013 -2259.772643
v -995.104200 0.000013 -2259.772643
v -1021.581434 108.556847 -2096.005309
v -995.104200 108.556847 -2096.005309
v -995.104200 108.556847 -2259.772643
v -1021.581434 108.556847 -2259.772643
v -1140.349622 128.859772 -2416.711241
v -1140.349622 128.859772 -2384.422240
v -1221.921522 128.859772 -2416.711241
v -1221.921522 128.859772 -2384.422240
v -1140.349622 0.000000 -2416.711241
v -1140.349622 0.000000 -2384.422240
v -1221.921522 0.000000 -2384.422240
v -1221.921522 0.000000 -2416.711241
v -1221.921522 101.895813 -2384.422240
v -1140.349622 101.895813 -2384.422240
v -1140.349622 101.895813 -2416.711241
v -1221.921522 101.895813 -2416.711241
v -1216.092054 103.822769 -2386.029601
v -1146.179090 103.822769 -2386.029601
v -1146.179090 126.932816 -2386.029601
v -1216.092054 126.932816 -2386.029601
v -1216.092054 103.822769 -2389.210570
v -1146.179090 103.822769 -2389.210570
v -1146.179090 126.932816 -2389.210570
v -1216.092054 126.932816 -2389.210570
v -1147.458387 5.529366 -2384.422240
v -1216.996107 5.529366 -2384.422240
v -1147.458387 96.366447 -2384.422240
v -1216.996107 96.366447 -2384.422240
v -1147.458387 5.529366 -2388.746276
v -1216.996107 5.529366 -2388.746276
v -1147.458387 96.366447 -2388.746276
v -1216.996107 96.366447 -2388.746276
v -1140.349622 128.859772 -2394.620482
v -1140.349622 101.895813 -2394.620482
v -1140.349622 0.000000 -2394.620482
v -1221.921522 0.000000 -2394.620482
v -1221.921522 101.895813 -2394.620482
v -1221.921522 128.859772 -2394.620482
v -1140.349622 128.859772 -2396.274047
v -1140.349622 101.895813 -2396.274047
v -1140.349622 0.000000 -2396.274047
v -1221.921522 0.000000 -2396.274047
v -1221.921522 101.895813 -2396.274047
v -1221.921522 128.859772 -2396.274047
v -1141.781141 126.598404 -2394.620482
v -1141.781141 100.580833 -2394.620482
v -1141.781141 100.580833 -2396.274047
v -1141.781141 126.598404 -2396.274047
v -1141.781141 2.261368 -2396.274047
v -1141.781141 2.261368 -2394.620482
v -1220.490003 2.261368 -2396.274047
v -1220.490003 2.261368 -2394.620482
v -1220.490003 126.598404 -2394.620482
v -1220.490003 126.598404 -2396.274047
v -1140.286207 79.537949 -2381.602477
v -1147.458387 79.537949 -2381.602477
v -1140.286207 79.537949 -2384.422240
v -1147.458387 79.537949 -2384.422240
v -1140.286207 52.847443 -2381.602477
v -1147.458387 52.847443 -2381.602477
v -1147.458387 52.847443 -2384.422240
v -1140.286207 52.847443 -2384.422240
v -1147.458387 58.801865 -2380.632994
v -1140.286207 58.801865 -2380.632994
v -1140.286207 58.801865 -2384.422240
v -1147.458387 58.801865 -2384.422240
v -1147.458387 73.583527 -2380.632994
v -1140.286207 73.583527 -2380.632994
v -1140.286207 73.583527 -2384.422240
v -1147.458387 73.583527 -2384.422240
v -1147.458387 58.801865 -2384.212523
v -1147.458387 58.801865 -2381.818175
v -1147.458387 73.583527 -2381.818175
v -1147.458387 73.583527 -2384.212523
v -1145.746534 58.801865 -2384.212523
v -1145.746534 58.801865 -2381.818175
v -1145.746534 73.583527 -2381.818175
v -1145.746534 73.583527 -2384.212523
v -1017.900220 204.896759 -2267.023741
v -1005.141492 204.896759 -2267.023741
v -1017.900220 220.905640 -2267.023741
v -1005.141492 220.905640 -2267.023741
v -1017.900220 204.896759 -2128.460387
v -1005.141492 204.896759 -2128.460387
v -1005.141492 220.905640 -2128.460387
v -1017.900220 220.905640 -2128.460387
v -1017.900220 220.905655 -2267.023741
v -1009.451551 220.905655 -2267.023741
v -1017.900220 220.905655 -2128.460387
v -1009.451551 220.905655 -2128.460387
v -1009.451551 196.089233 -2267.023741
v -1009.451551 196.089233 -2128.460387
v -1017.900220 196.089233 -2128.460387
v -1017.900220 196.089233 -2267.023741
v -1021.581434 108.556847 -2439.548888
v -995.104200 108.556847 -2439.548888
v -1021.581434 108.556847 -2275.781554
v -995.104200 108.556847 -2275.781554
v -1021.581434 0.816860 -2439.548888
v -995.104200 0.816860 -2439.548888
v -995.104200 0.816860 -2275.781554
v -1021.581434 0.816860 -2275.781554
v -1349.724012 -0.000008 -2097.697203
v -1356.669935 -0.000008 -2099.282530
v -1362.240247 -0.000008 -2094.840392
v -1362.240247 -0.000008 -2087.715880
v -1356.669935 -0.000008 -2083.273741
v -1349.724012 -0.000008 -2084.859069
v -1346.632703 -0.000008 -2091.278136
v -1349.723890 108.556847 -2097.697203
v -1356.669935 108.556847 -2099.282530
v -1362.240247 108.556847 -2094.840514
v -1362.240247 108.556847 -2087.715880
v -1356.669935 108.556847 -2083.273741
v -1349.724012 108.556847 -2084.859069
v -1346.632703 108.556847 -2091.278136
v -1354.843030 -0.000008 -2091.278136
v -1349.723890 109.556847 -2097.697203
v -1356.669935 109.556847 -2099.282530
v -1354.843030 109.556847 -2091.278136
v -1362.240247 109.556847 -2094.840514
v -1362.240247 109.556847 -2087.715880
v -1356.669935 109.556847 -2083.273741
v -1349.724012 109.556847 -2084.859069
v -1346.632703 109.556847 -2091.278136
v -1358.318616 108.556847 -2099.282530
v -1358.318616 109.556847 -2099.282530
v -1356.943860 108.556847 -2081.867980
v -1349.724012 108.556831 -2083.210509
v -1349.724012 109.556831 -2083.210509
v -1356.943860 109.556847 -2081.867980
v -1345.647107 108.556847 -2091.006285
v -1345.647107 109.556847 -2091.006285
v -1363.888929 109.556847 -2094.840514
v -1363.888929 108.556847 -2094.840514
v -1363.378553 109.556847 -2086.802184
v -1363.378553 108.556847 -2086.802184
v -1147.937147 195.757736 -2292.116881
v -1110.394178 159.150970 -2329.659911
v -1147.937147 195.757736 -2240.660582
v -1110.394178 159.151001 -2203.117614
v -1150.713819 192.981049 -2292.116881
v -1110.394178 153.411377 -2329.659911
v -1110.394178 153.411407 -2203.117614
v -1150.713819 192.981049 -2243.437316
v -1107.816175 153.411392 -2332.237853
v -1107.816175 153.411377 -2200.539733
v -1107.816175 157.204422 -2332.237853
v -1107.816175 157.204422 -2200.539733
v -1110.394178 164.191345 -2203.117614
v -1110.394178 164.191315 -2329.659911
v -1107.816175 162.244766 -2200.539733
v -1107.816175 162.244766 -2332.237853
v -1184.371351 -0.000008 -2091.805114
v -1185.956678 -0.000008 -2084.859069
v -1181.514539 -0.000008 -2079.288878
v -1174.389905 -0.000008 -2079.288878
v -1169.947767 -0.000008 -2084.859069
v -1171.533094 -0.000008 -2091.805114
v -1177.952161 -0.000008 -2094.896300
v -1184.371351 108.556839 -2091.805114
v -1185.956678 108.556839 -2084.859069
v -1181.514539 108.556839 -2079.288878
v -1174.389905 108.556839 -2079.288878
v -1169.947767 108.556839 -2084.859191
v -1171.533216 108.556839 -2091.805114
v -1177.952161 108.556839 -2094.896422
v -1177.952161 -0.000008 -2086.686095
v -1184.371351 109.556847 -2091.805114
v -1185.956678 109.556847 -2084.859069
v -1177.952161 109.556847 -2086.686095
v -1181.514539 109.556847 -2079.288878
v -1174.389905 109.556847 -2079.288878
v -1169.947767 109.556847 -2084.859191
v -1171.533216 109.556847 -2091.805114
v -1177.952161 109.556847 -2094.896422
v -1185.956678 108.556839 -2083.210509
v -1181.514539 108.556839 -2077.640197
v -1181.514539 109.556847 -2077.640197
v -1185.956678 109.556847 -2083.210509
v -1174.389905 108.556839 -2077.640319
v -1174.389905 109.556847 -2077.640319
v -1169.947767 108.556839 -2083.210509
v -1169.947767 109.556847 -2083.210509
v -1000.331739 -0.000004 -2099.761290
v -1007.139844 -0.000004 -2097.661315
v -1009.742750 -0.000004 -2091.029113
v -1006.180433 -0.000004 -2084.859069
v -999.135389 -0.000004 -2083.797301
v -993.912732 -0.000004 -2088.643126
v -994.445081 -0.000004 -2095.747863
v -1000.331678 108.556847 -2099.761290
v -1007.139844 108.556847 -2097.661315
v -1009.742811 108.556847 -2091.029235
v -1006.180433 108.556847 -2084.859069
v -999.135389 108.556847 -2083.797179
v -993.912732 108.556847 -2088.643248
v -994.445081 108.556847 -2095.747863
v -1001.555372 -0.000004 -2091.642638
v -1000.331678 109.556847 -2099.761290
v -1007.139844 109.556847 -2097.661315
v -1001.555433 109.556847 -2091.642760
v -1009.742811 109.556847 -2091.029235
v -1006.180433 109.556847 -2084.859069
v -999.135389 109.556847 -2083.797179
v -993.912732 109.556847 -2088.643248
v -994.445081 109.556847 -2095.747863
v -1008.567579 108.556847 -2096.836974
v -1008.567579 109.556847 -2096.836974
v -998.669690 108.556847 -2082.442809
v -993.088392 108.556831 -2087.215392
v -993.088392 109.556831 -2087.215392
v -998.669690 109.556847 -2082.442809
v -993.455579 108.556847 -2096.005309
v -993.455579 109.556847 -2096.005309
v -1011.170545 109.556847 -2090.204894
v -1011.170545 108.556847 -2090.204894
v -1006.709424 109.556847 -2083.498717
v -1006.709424 108.556847 -2083.498717
v -1002.050184 108.556831 -2416.471862
v -1002.050184 108.556831 -2455.621031
v -1002.050184 109.556831 -2416.471862
v -1002.050184 109.556831 -2455.621031
v -1173.822034 109.556831 -2416.471862
v -1173.822034 109.556831 -2455.621031
v -1173.822034 108.556831 -2416.471862
v -1173.822034 108.556831 -2455.621031
v -1167.402845 -0.000011 -2447.026427
v -1165.817518 -0.000011 -2453.972411
v -1170.259656 -0.000011 -2459.542662
v -1177.384290 -0.000011 -2459.542601
v -1181.826429 -0.000011 -2453.972350
v -1180.241102 -0.000011 -2447.026427
v -1173.822034 -0.000011 -2443.935118
v -1167.402845 108.556831 -2447.026366
v -1165.817518 108.556831 -2453.972350
v -1170.259656 108.556831 -2459.542662
v -1177.384290 108.556831 -2459.542662
v -1181.826429 108.556831 -2453.972350
v -1180.240980 108.556831 -2447.026427
v -1173.822034 108.556831 -2443.935118
v -1173.822034 -0.000011 -2452.145446
v -1167.402845 109.556839 -2447.026366
v -1165.817518 109.556839 -2453.972350
v -1173.822034 109.556839 -2452.145446
v -1170.259656 109.556839 -2459.542662
v -1177.384290 109.556839 -2459.542662
v -1181.826429 109.556839 -2453.972350
v -1180.240980 109.556839 -2447.026427
v -1173.822034 109.556839 -2443.935118
v -1165.817518 108.556831 -2455.620970
v -1170.259656 108.556831 -2461.191283
v -1170.259656 109.556839 -2461.191283
v -1165.817518 109.556839 -2455.620970
v -1177.384290 108.556831 -2461.191222
v -1177.384290 109.556839 -2461.191222
v -1181.826429 108.556831 -2455.620970
v -1181.826429 109.556839 -2455.620970
v -1017.364271 132.540329 -2251.459288
v -1054.907239 95.933556 -2228.656920
v -1017.364271 132.540329 -2284.589049
v -1054.907239 95.933586 -2307.391417
v -1014.587537 129.763641 -2253.145812
v -1054.907239 90.193962 -2228.656920
v -1054.907239 90.193993 -2307.391417
v -1014.587537 129.763641 -2284.589049
v -1057.485181 90.193985 -2227.091246
v -1057.485181 90.193970 -2308.957213
v -1057.485181 93.987015 -2227.091246
v -1057.485181 93.987015 -2308.957213
v -1054.907239 100.973930 -2307.391417
v -1054.907239 100.973907 -2228.656920
v -1057.485181 99.027359 -2308.957213
v -1057.485181 99.027359 -2227.091246
v -1168.676771 220.905609 -2112.451476
v -1168.676771 220.905609 -2099.692809
v -1184.685682 220.905609 -2112.451476
v -1184.685682 220.905609 -2099.692809
v -1168.676771 109.556854 -2112.451476
v -1168.676771 109.556854 -2099.692809
v -1184.685682 109.556854 -2099.692809
v -1184.685682 109.556854 -2112.451476
v -1193.493177 220.905609 -2112.451476
v -1193.493177 220.905609 -2104.002867
v -1193.493177 109.556854 -2112.451476
v -1193.493177 109.556854 -2104.002867
v -1159.869275 220.905609 -2104.002867
v -1159.869275 109.556854 -2104.002867
v -1159.869275 109.556854 -2112.451476
v -1159.869275 220.905609 -2112.451476
v -1344.283460 109.556847 -2444.599242
v -1344.493665 109.556847 -2450.214720
v -1349.014905 109.556847 -2453.551512
v -1354.442762 109.556847 -2452.097106
v -1356.689954 109.556847 -2446.946715
v -1354.064222 109.556847 -2441.978514
v -1348.542737 109.556847 -2440.933837
v -1344.283460 117.678703 -2444.599242
v -1344.493665 117.678703 -2450.214720
v -1349.014905 117.678703 -2453.551512
v -1354.442762 117.678703 -2452.097106
v -1356.689954 117.678703 -2446.946715
v -1354.064222 117.678703 -2441.978514
v -1348.542737 117.678703 -2440.933837
v -1350.218763 109.556847 -2447.188780
v -1346.187024 120.832222 -2445.410338
v -1346.332654 120.832222 -2449.302672
v -1349.466565 120.832222 -2451.615599
v -1353.228895 120.832222 -2450.607482
v -1354.786390 120.832222 -2447.037535
v -1352.966443 120.832222 -2443.593871
v -1349.139295 120.832222 -2442.869811
v -1346.187024 209.111282 -2445.410338
v -1346.332654 209.111282 -2449.302672
v -1349.466565 209.111282 -2451.615599
v -1353.228895 209.111282 -2450.607482
v -1354.786390 209.111282 -2447.037535
v -1352.966443 209.111282 -2443.593871
v -1349.139295 209.111282 -2442.869811
v -1345.411023 212.727753 -2445.079711
v -1345.582898 212.727753 -2449.674498
v -1349.282483 212.727753 -2452.404784
v -1353.723768 212.727753 -2451.214781
v -1355.562391 212.727753 -2447.000426
v -1353.413953 212.727753 -2442.935363
v -1348.896131 212.727753 -2442.080565
v -1343.054700 216.546234 -2444.075621
v -1343.306409 216.546234 -2450.803405
v -1348.723401 216.546234 -2454.801207
v -1355.226453 216.546234 -2453.058776
v -1357.918714 216.546234 -2446.887999
v -1354.772840 216.546234 -2440.935729
v -1348.157728 216.546234 -2439.684142
v -1338.344495 219.966782 -2441.742003
v -1338.755872 219.966782 -2453.426940
v -1349.962293 219.966782 -2447.130492
v -1347.605848 219.966782 -2460.370482
v -1358.230359 219.966782 -2457.344176
v -1362.628919 219.966782 -2446.626647
v -1357.489271 219.966782 -2436.288695
v -1346.681653 219.966782 -2434.114867
v -1316.853773 204.896729 -2430.228453
v -1316.853773 204.896729 -2442.987120
v -1316.853773 220.905609 -2430.228453
v -1316.853773 220.905609 -2442.987120
v -1178.290418 204.896729 -2430.228453
v -1178.290418 204.896729 -2442.987120
v -1178.290418 220.905609 -2442.987120
v -1178.290418 220.905609 -2430.228453
v -1316.853773 220.905624 -2430.228453
v -1316.853773 220.905624 -2438.677062
v -1178.290418 220.905624 -2430.228453
v -1178.290418 220.905624 -2438.677062
v -1316.853773 196.089203 -2438.677062
v -1178.290418 196.089203 -2438.677062
v -1178.290418 196.089203 -2430.228453
v -1316.853773 196.089203 -2430.228453
v -1165.817518 -0.000002 -2453.972411
v -1165.817518 -0.000002 -2416.471862
v -1002.050184 -0.000002 -2453.972411
v -1002.050184 -0.000002 -2416.471862
v -1165.817518 108.556831 -2453.972411
v -1165.817518 108.556831 -2416.471862
v -1002.050184 108.556831 -2416.471862
v -1002.050184 108.556831 -2453.972411
v -1349.724012 -0.000004 -2277.473510
v -1356.669935 -0.000004 -2279.058898
v -1362.240247 -0.000004 -2274.616759
v -1362.240247 -0.000004 -2267.492125
v -1356.669935 -0.000004 -2263.049987
v -1349.724012 -0.000004 -2264.635314
v -1346.632703 -0.000004 -2271.054381
v -1349.723890 108.556847 -2277.473510
v -1356.669935 108.556847 -2279.058837
v -1362.240247 108.556847 -2274.616759
v -1362.240247 108.556847 -2267.492125
v -1356.669935 108.556847 -2263.049987
v -1349.724012 108.556847 -2264.635436
v -1346.632703 108.556847 -2271.054381
v -1354.843030 -0.000004 -2271.054381
v -1349.723890 109.556847 -2277.473510
v -1356.669935 109.556847 -2279.058837
v -1354.843030 109.556847 -2271.054381
v -1362.240247 109.556847 -2274.616759
v -1362.240247 109.556847 -2267.492125
v -1356.669935 109.556847 -2263.049987
v -1349.724012 109.556847 -2264.635436
v -1346.632703 109.556847 -2271.054381
v -1358.318616 108.556847 -2279.058837
v -1363.888929 108.556847 -2274.616759
v -1363.888929 109.556847 -2274.616759
v -1358.318616 109.556847 -2279.058837
v -1363.888807 108.556847 -2267.492125
v -1363.888807 109.556847 -2267.492125
v -1358.318616 108.556847 -2263.049987
v -1358.318616 109.556847 -2263.049987
v -1006.180433 -0.000002 -2084.859069
v -1006.180433 -0.000002 -2122.359679
v -1169.947767 -0.000002 -2084.859069
v -1169.947767 -0.000002 -2122.359679
v -1006.180433 108.556831 -2084.859069
v -1006.180433 108.556831 -2122.359679
v -1169.947767 108.556831 -2122.359679
v -1169.947767 108.556831 -2084.859069
v -1181.960706 220.905609 -2430.228453
v -1181.960706 220.905609 -2442.987120
v -1165.951795 220.905609 -2430.228453
v -1165.951795 220.905609 -2442.987120
v -1181.960706 109.556854 -2430.228453
v -1181.960706 109.556854 -2442.987120
v -1165.951795 109.556854 -2442.987120
v -1165.951795 109.556854 -2430.228453
v -1157.144239 220.905609 -2430.228453
v -1157.144239 220.905609 -2438.677062
v -1157.144239 109.556854 -2430.228453
v -1157.144239 109.556854 -2438.677062
v -1190.768201 220.905609 -2438.677062
v -1190.768201 109.556854 -2438.677062
v -1190.768201 109.556854 -2430.228453
v -1190.768201 220.905609 -2430.228453
v -1147.937147 131.423340 -2240.660582
v -1110.394178 94.816566 -2203.117614
v -1202.483655 131.423340 -2240.660582
v -1240.026624 94.816597 -2203.117614
v -1150.713819 128.646637 -2243.437316
v -1110.394178 89.076973 -2203.117614
v -1240.026624 89.077003 -2203.117614
v -1202.483655 128.646637 -2243.437316
v -1107.816175 89.076996 -2200.539733
v -1242.604505 89.076981 -2200.539733
v -1107.816175 92.870026 -2200.539733
v -1242.604505 92.870026 -2200.539733
v -1240.026624 99.856941 -2203.117614
v -1110.394178 99.856918 -2203.117614
v -1242.604505 97.910370 -2200.539733
v -1107.816175 97.910370 -2200.539733
v -1332.737317 220.905640 -2430.228453
v -1345.495984 220.905640 -2442.987181
v -1316.728284 220.905640 -2430.228453
v -1316.728284 220.905640 -2442.987120
v -1332.737317 109.556877 -2430.228453
v -1345.495984 109.556877 -2442.987181
v -1316.728284 109.556877 -2442.987120
v -1316.728284 109.556877 -2430.228453
v -1307.920789 220.905640 -2430.228453
v -1307.920789 220.905640 -2438.677062
v -1307.920789 109.556877 -2430.228453
v -1307.920789 109.556877 -2438.677062
v -1332.737317 220.905640 -2414.219542
v -1345.495984 220.905640 -2414.219542
v -1332.737317 220.905640 -2430.228453
v -1332.737317 109.556877 -2414.219542
v -1345.495984 109.556877 -2414.219542
v -1332.737317 109.556877 -2430.228453
v -1341.185926 220.905640 -2405.412047
v -1341.185926 109.556877 -2405.412047
v -1332.737317 109.556877 -2405.412047
v -1332.737317 220.905640 -2405.412047
v -1021.581434 108.556847 -2267.777037
v -993.455579 108.556847 -2267.777037
v -1021.581434 109.556847 -2267.777037
v -993.455579 109.556847 -2267.777037
v -1021.581434 109.556847 -2439.548888
v -993.455579 109.556847 -2439.548888
v -1021.581434 108.556847 -2439.548888
v -993.455579 108.556847 -2439.548888
v -1349.724012 108.556831 -2122.359679
v -1349.724012 108.556831 -2083.210509
v -1349.724012 109.556831 -2122.359679
v -1349.724012 109.556831 -2083.210509
v -1177.952161 109.556831 -2122.359679
v -1177.952161 109.556831 -2083.210509
v -1177.952161 108.556831 -2122.359679
v -1177.952161 108.556831 -2083.210509
v -1177.952161 108.556847 -2122.359679
v -1177.952161 108.556847 -2083.498717
v -1177.952161 109.556847 -2122.359679
v -1177.952161 109.556847 -2083.498717
v -1006.709424 109.556847 -2122.359679
v -1006.709424 109.556847 -2083.498717
v -1006.709424 108.556847 -2122.359679
v -1006.709424 108.556847 -2083.498717
v -1332.737317 220.905640 -2430.228453
v -1345.495984 220.905640 -2442.987181
v -1316.728284 220.905640 -2430.228453
v -1316.728284 220.905640 -2442.987120
v -1332.737317 109.556877 -2430.228453
v -1345.495984 109.556877 -2442.987181
v -1316.728284 109.556877 -2442.987120
v -1316.728284 109.556877 -2430.228453
v -1307.920789 220.905640 -2430.228453
v -1307.920789 220.905640 -2438.677062
v -1307.920789 109.556877 -2430.228453
v -1307.920789 109.556877 -2438.677062
v -1332.737317 220.905640 -2414.219542
v -1345.495984 220.905640 -2414.219542
v -1332.737317 220.905640 -2430.228453
v -1332.737317 109.556877 -2414.219542
v -1345.495984 109.556877 -2414.219542
v -1332.737317 109.556877 -2430.228453
v -1341.185926 220.905640 -2405.412047
v -1341.185926 109.556877 -2405.412047
v -1332.737317 109.556877 -2405.412047
v -1332.737317 220.905640 -2405.412047
v -1173.822034 108.556847 -2416.183715
v -1173.822034 108.556847 -2430.591063
v -1173.822042 109.556854 -2416.183684
v -1173.822042 109.556854 -2455.332854
v -1345.064710 109.556854 -2416.183684
v -1345.064710 109.556854 -2455.332854
v -1345.064710 108.556847 -2416.183715
v -1345.064710 108.556847 -2430.591063
v -1180.541761 109.556847 -2080.750792
v -1174.926282 109.556847 -2080.960875
v -1171.589490 109.556847 -2085.482115
v -1173.043836 109.556847 -2090.910094
v -1178.194349 109.556847 -2093.157164
v -1183.162488 109.556847 -2090.531432
v -1184.207166 109.556847 -2085.010070
v -1180.541761 117.678703 -2080.750792
v -1174.926282 117.678703 -2080.960875
v -1171.589490 117.678703 -2085.482115
v -1173.043836 117.678703 -2090.910094
v -1178.194349 117.678703 -2093.157164
v -1183.162488 117.678703 -2090.531432
v -1184.207166 117.678703 -2085.010070
v -1177.952161 109.556847 -2086.686095
v -1179.730604 120.832222 -2082.654235
v -1175.838270 120.832222 -2082.799864
v -1173.525403 120.832222 -2085.933776
v -1174.533460 120.832222 -2089.696105
v -1178.103528 120.832222 -2091.253722
v -1181.547132 120.832222 -2089.433654
v -1182.271253 120.832222 -2085.606627
v -1179.730604 209.111282 -2082.654235
v -1175.838270 209.111282 -2082.799864
v -1173.525403 209.111282 -2085.933776
v -1174.533460 209.111282 -2089.696105
v -1178.103528 209.111282 -2091.253722
v -1181.547132 209.111282 -2089.433654
v -1182.271253 209.111282 -2085.606627
v -1180.061292 212.727753 -2081.878234
v -1175.466565 212.727753 -2082.050231
v -1172.736219 212.727753 -2085.749694
v -1173.926160 212.727753 -2090.190978
v -1178.140516 212.727753 -2092.029723
v -1182.205579 212.727753 -2089.881163
v -1183.060438 212.727753 -2085.363463
v -1181.065442 216.546234 -2079.521910
v -1174.337659 216.546234 -2079.773741
v -1170.339734 216.546234 -2085.190612
v -1172.082166 216.546234 -2091.693785
v -1178.252942 216.546234 -2094.385924
v -1184.205213 216.546234 -2091.240172
v -1185.456800 216.546234 -2084.625060
v -1186.714734 219.966782 -2074.811827
v -1167.986097 219.966782 -2075.223082
v -1178.078138 219.966782 -2086.429625
v -1156.857068 219.966782 -2084.073180
v -1161.707654 219.966782 -2094.697692
v -1178.885633 219.966782 -2099.096129
v -1195.455335 219.966782 -2093.956481
v -1198.939588 219.966782 -2083.148986
v -1319.169446 0.000010 -2442.826232
v -1356.669935 0.000010 -2442.826232
v -1319.169446 0.000010 -2279.058898
v -1356.669935 0.000010 -2279.058898
v -1319.169446 108.556847 -2442.826232
v -1356.669935 108.556847 -2442.826232
v -1356.669935 108.556847 -2279.058898
v -1319.169446 108.556847 -2279.058898
v -1017.900281 220.905640 -2112.451476
v -1005.141492 220.905640 -2099.692809
v -1033.909131 220.905640 -2112.451476
v -1033.909131 220.905640 -2099.692809
v -1017.900281 109.556877 -2112.451476
v -1005.141492 109.556877 -2099.692809
v -1033.909131 109.556877 -2099.692809
v -1033.909131 109.556877 -2112.451476
v -1042.716688 220.905640 -2112.451476
v -1042.716688 220.905640 -2104.002867
v -1042.716688 109.556877 -2112.451476
v -1042.716688 109.556877 -2104.002867
v -1017.900220 220.905640 -2128.460387
v -1005.141492 220.905640 -2128.460387
v -1017.900220 220.905640 -2112.451476
v -1017.900220 109.556877 -2128.460387
v -1005.141492 109.556877 -2128.460387
v -1017.900220 109.556877 -2112.451476
v -1009.451551 220.905640 -2137.267882
v -1009.451551 109.556877 -2137.267882
v -1017.900220 109.556877 -2137.267882
v -1017.900220 220.905640 -2137.267882
v -1348.907728 109.556847 -2088.688536
v -1349.117811 109.556847 -2094.304015
v -1353.639173 109.556847 -2097.640807
v -1359.066907 109.556847 -2096.186461
v -1361.314100 109.556847 -2091.036071
v -1358.688367 109.556847 -2086.067809
v -1353.167005 109.556847 -2085.023131
v -1348.907728 117.678703 -2088.688536
v -1349.117811 117.678703 -2094.304015
v -1353.639173 117.678703 -2097.640807
v -1359.066907 117.678703 -2096.186461
v -1361.314100 117.678703 -2091.036071
v -1358.688367 117.678703 -2086.067809
v -1353.167005 117.678703 -2085.023131
v -1354.843030 109.556847 -2091.278136
v -1350.811170 120.832222 -2089.499694
v -1350.956800 120.832222 -2093.392028
v -1354.090833 120.832222 -2095.705016
v -1357.853040 120.832222 -2094.696837
v -1359.410657 120.832222 -2091.126891
v -1357.590589 120.832222 -2087.683165
v -1353.763440 120.832222 -2086.959166
v -1350.811170 209.111282 -2089.499694
v -1350.956800 209.111282 -2093.392028
v -1354.090833 209.111282 -2095.705016
v -1357.853040 209.111282 -2094.696837
v -1359.410657 209.111282 -2091.126891
v -1357.590589 209.111282 -2087.683165
v -1353.763440 209.111282 -2086.959166
v -1350.035169 212.727753 -2089.169127
v -1350.207166 212.727753 -2093.763854
v -1353.906629 212.727753 -2096.494200
v -1358.347913 212.727753 -2095.304137
v -1360.186536 212.727753 -2091.089781
v -1358.038099 212.727753 -2087.024718
v -1353.520276 212.727753 -2086.169982
v -1347.678968 216.546234 -2088.164977
v -1347.930677 216.546234 -2094.892760
v -1353.347547 216.546234 -2098.890563
v -1359.850599 216.546234 -2097.148131
v -1362.542982 216.546234 -2090.977355
v -1359.396985 216.546234 -2085.025084
v -1352.781995 216.546234 -2083.773497
v -1342.968763 219.966782 -2085.831359
v -1343.380018 219.966782 -2097.516295
v -1354.586561 219.966782 -2091.219908
v -1352.229993 219.966782 -2104.459899
v -1362.854505 219.966782 -2101.433531
v -1367.253065 219.966782 -2090.716002
v -1362.113416 219.966782 -2080.378112
v -1351.305921 219.966782 -2078.204283
v -1021.581434 108.556847 -2096.005309
v -993.455579 108.556847 -2096.005309
v -1021.581434 109.556847 -2096.005309
v -993.455579 109.556847 -2096.005309
v -1021.581434 109.556847 -2267.777037
v -993.455579 109.556847 -2267.777037
v -1021.581434 108.556847 -2267.777037
v -993.455579 108.556847 -2267.777037
v -1332.737317 204.896759 -2275.656127
v -1345.495984 204.896759 -2275.656127
v -1332.737317 220.905640 -2275.656127
v -1345.495984 220.905640 -2275.656127
v -1332.737317 204.896759 -2414.219542
v -1345.495984 204.896759 -2414.219542
v -1345.495984 220.905640 -2414.219542
v -1332.737317 220.905640 -2414.219542
v -1332.737317 220.905655 -2275.656127
v -1341.185926 220.905655 -2275.656127
v -1332.737317 220.905655 -2414.219542
v -1341.185926 220.905655 -2414.219542
v -1341.185926 196.089233 -2275.656127
v -1341.185926 196.089233 -2414.219542
v -1332.737317 196.089233 -2414.219542
v -1332.737317 196.089233 -2275.656127
v -990.995862 109.556847 -2265.187560
v -991.206006 109.556847 -2270.803038
v -995.727308 109.556847 -2274.139830
v -1001.155164 109.556847 -2272.685485
v -1003.402295 109.556847 -2267.534972
v -1000.776563 109.556847 -2262.566832
v -995.255201 109.556847 -2261.522155
v -990.995862 117.678703 -2265.187560
v -991.206006 117.678703 -2270.803038
v -995.727308 117.678703 -2274.139830
v -1001.155164 117.678703 -2272.685485
v -1003.402295 117.678703 -2267.534972
v -1000.776563 117.678703 -2262.566832
v -995.255201 117.678703 -2261.522155
v -996.931165 109.556847 -2267.777037
v -992.899366 120.832222 -2265.998717
v -993.044996 120.832222 -2269.891051
v -996.178968 120.832222 -2272.203917
v -999.941236 120.832222 -2271.195861
v -1001.498792 120.832222 -2267.625792
v -999.678785 120.832222 -2264.182189
v -995.851697 120.832222 -2263.458068
v -992.899366 209.111282 -2265.998717
v -993.044996 209.111282 -2269.891051
v -996.178968 209.111282 -2272.203917
v -999.941236 209.111282 -2271.195861
v -1001.498792 209.111282 -2267.625792
v -999.678785 209.111282 -2264.182189
v -995.851697 209.111282 -2263.458068
v -992.123426 212.727753 -2265.668029
v -992.295301 212.727753 -2270.262755
v -995.994825 212.727753 -2272.993102
v -1000.436109 212.727753 -2271.803160
v -1002.274793 212.727753 -2267.588805
v -1000.126294 212.727753 -2263.523619
v -995.608533 212.727753 -2262.668883
v -989.767103 216.546234 -2264.663878
v -990.018812 216.546234 -2271.391661
v -995.435743 216.546234 -2275.389586
v -1001.938856 216.546234 -2273.647032
v -1004.631116 216.546234 -2267.476256
v -1001.485242 216.546234 -2261.524108
v -994.870130 216.546234 -2260.272399
v -985.056898 219.966782 -2259.014586
v -985.468213 219.966782 -2277.743102
v -996.674695 219.966782 -2267.651183
v -994.318250 219.966782 -2288.872252
v -1004.942762 219.966782 -2284.021605
v -1009.341260 219.966782 -2266.843688
v -1004.201673 219.966782 -2250.273986
v -993.394117 219.966782 -2246.789733
v -1202.483655 131.423325 -2292.116881
v -1240.026624 94.816551 -2329.659911
v -1147.937147 131.423325 -2292.116881
v -1110.394178 94.816582 -2329.659911
v -1199.706922 128.646637 -2289.340270
v -1240.026624 89.076958 -2329.659911
v -1110.394178 89.076988 -2329.659911
v -1147.937147 128.646637 -2289.340270
v -1242.604505 89.076981 -2332.237853
v -1107.816175 89.076965 -2332.237853
v -1242.604505 92.870010 -2332.237853
v -1107.816175 92.870010 -2332.237853
v -1110.394178 99.856926 -2329.659911
v -1240.026624 99.856903 -2329.659911
v -1107.816175 97.910355 -2332.237853
v -1242.604505 97.910355 -2332.237853
v -1147.937147 195.757751 -2240.660582
v -1110.394178 159.150970 -2203.117614
v -1202.483655 195.757751 -2240.660582
v -1240.026624 159.151001 -2203.117614
v -1150.713819 192.981049 -2243.437316
v -1110.394178 153.411377 -2203.117614
v -1240.026624 153.411407 -2203.117614
v -1202.483655 192.981049 -2243.437316
v -1107.816175 153.411407 -2200.539733
v -1242.604505 153.411392 -2200.539733
v -1107.816175 157.204437 -2200.539733
v -1242.604505 157.204437 -2200.539733
v -1240.026624 164.191345 -2203.117614
v -1110.394178 164.191330 -2203.117614
v -1242.604505 162.244781 -2200.539733
v -1107.816175 162.244781 -2200.539733
v -1172.472547 204.896729 -2430.228453
v -1172.472547 204.896729 -2442.987120
v -1172.472547 220.905609 -2430.228453
v -1172.472547 220.905609 -2442.987120
v -1033.909070 204.896729 -2430.228453
v -1033.909070 204.896729 -2442.987120
v -1033.909070 220.905609 -2442.987120
v -1033.909070 220.905609 -2430.228453
v -1172.472547 220.905624 -2430.228453
v -1172.472547 220.905624 -2438.677062
v -1033.909070 220.905624 -2430.228453
v -1033.909070 220.905624 -2438.677062
v -1172.472547 196.089203 -2438.677062
v -1033.909070 196.089203 -2438.677062
v -1033.909070 196.089203 -2430.228453
v -1172.472547 196.089203 -2430.228453
v -1345.593763 -0.000010 -2453.972350
v -1345.593763 -0.000010 -2416.471862
v -1181.826429 -0.000010 -2453.972350
v -1181.826429 -0.000010 -2416.471862
v -1345.593763 108.556831 -2453.972350
v -1345.593763 108.556831 -2416.471862
v -1181.826429 108.556831 -2416.471862
v -1181.826429 108.556831 -2453.972350
v -1147.937147 131.423325 -2292.116881
v -1110.394178 94.816551 -2329.659911
v -1147.937147 131.423325 -2240.660582
v -1110.394178 94.816582 -2203.117614
v -1150.713819 128.646637 -2292.116881
v -1110.394178 89.076958 -2329.659911
v -1110.394178 89.076988 -2203.117614
v -1150.713819 128.646637 -2243.437316
v -1107.816175 89.076981 -2332.237853
v -1107.816175 89.076965 -2200.539733
v -1107.816175 92.870010 -2332.237853
v -1107.816175 92.870010 -2200.539733
v -1110.394178 99.856926 -2203.117614
v -1110.394178 99.856903 -2329.659911
v -1107.816175 97.910355 -2200.539733
v -1107.816175 97.910355 -2332.237853
v -1332.737317 204.896759 -2275.656127
v -1345.495984 204.896759 -2275.656127
v -1332.737317 220.905640 -2275.656127
v -1345.495984 220.905640 -2275.656127
v -1332.737317 204.896759 -2414.219542
v -1345.495984 204.896759 -2414.219542
v -1345.495984 220.905640 -2414.219542
v -1332.737317 220.905640 -2414.219542
v -1332.737317 220.905655 -2275.656127
v -1341.185926 220.905655 -2275.656127
v -1332.737317 220.905655 -2414.219542
v -1341.185926 220.905655 -2414.219542
v -1341.185926 196.089233 -2275.656127
v -1341.185926 196.089233 -2414.219542
v -1332.737317 196.089233 -2414.219542
v -1332.737317 196.089233 -2275.656127
v -1162.022962 97.881775 -2150.832091
v -1162.176893 97.881775 -2151.133971
v -1162.416517 97.881775 -2151.373595
v -1162.718519 97.881775 -2151.527526
v -1163.053235 97.881775 -2151.580504
v -1163.387952 97.881775 -2151.527526
v -1163.689832 97.881775 -2151.373595
v -1163.929456 97.881775 -2151.133971
v -1164.083387 97.881775 -2150.832091
v -1164.136365 97.881775 -2150.497374
v -1164.083387 97.881775 -2150.162657
v -1163.929456 97.881775 -2149.860655
v -1163.689832 97.881775 -2149.621031
v -1163.387952 97.881775 -2149.467101
v -1163.053235 97.881775 -2149.414122
v -1162.718519 97.881775 -2149.467101
v -1162.416517 97.881775 -2149.621031
v -1162.176893 97.881775 -2149.860655
v -1162.022962 97.881775 -2150.162657
v -1161.969983 97.881775 -2150.497374
v -1162.022962 114.782036 -2150.832091
v -1162.176893 114.782036 -2151.133971
v -1162.416517 114.782036 -2151.373595
v -1162.718519 114.782036 -2151.527526
v -1163.053235 114.782036 -2151.580504
v -1163.387952 114.782036 -2151.527526
v -1163.689832 114.782036 -2151.373595
v -1163.929456 114.782036 -2151.133971
v -1164.083387 114.782036 -2150.832091
v -1164.136365 114.782036 -2150.497374
v -1164.083387 114.782036 -2150.162657
v -1163.929456 114.782036 -2149.860655
v -1163.689832 114.782036 -2149.621031
v -1163.387952 114.782036 -2149.467101
v -1163.053235 114.782036 -2149.414122
v -1162.718519 114.782036 -2149.467101
v -1162.416517 114.782036 -2149.621031
v -1162.176893 114.782036 -2149.860655
v -1162.022962 114.782036 -2150.162657
v -1161.969983 114.782036 -2150.497374
v -1163.053235 97.881775 -2150.497374
v -1163.053235 114.782036 -2150.497374
v -1154.673414 97.881775 -2150.832091
v -1154.827283 97.881775 -2151.133971
v -1155.066907 97.881775 -2151.373595
v -1155.368848 97.881775 -2151.527526
v -1155.703565 97.881775 -2151.580504
v -1156.038282 97.881775 -2151.527526
v -1156.340284 97.881775 -2151.373595
v -1156.579908 97.881775 -2151.133971
v -1156.733777 97.881775 -2150.832091
v -1156.786756 97.881775 -2150.497374
v -1156.733777 97.881775 -2150.162657
v -1156.579908 97.881775 -2149.860655
v -1156.340284 97.881775 -2149.621031
v -1156.038282 97.881775 -2149.467101
v -1155.703565 97.881775 -2149.414122
v -1155.368848 97.881775 -2149.467101
v -1155.066907 97.881775 -2149.621031
v -1154.827283 97.881775 -2149.860655
v -1154.673414 97.881775 -2150.162657
v -1154.620374 97.881775 -2150.497374
v -1154.673414 114.782036 -2150.832091
v -1154.827283 114.782036 -2151.133971
v -1155.066907 114.782036 -2151.373595
v -1155.368848 114.782036 -2151.527526
v -1155.703565 114.782036 -2151.580504
v -1156.038282 114.782036 -2151.527526
v -1156.340284 114.782036 -2151.373595
v -1156.579908 114.782036 -2151.133971
v -1156.733777 114.782036 -2150.832091
v -1156.786756 114.782036 -2150.497374
v -1156.733777 114.782036 -2150.162657
v -1156.579908 114.782036 -2149.860655
v -1156.340284 114.782036 -2149.621031
v -1156.038282 114.782036 -2149.467101
v -1155.703565 114.782036 -2149.414122
v -1155.368848 114.782036 -2149.467101
v -1155.066907 114.782036 -2149.621031
v -1154.827283 114.782036 -2149.860655
v -1154.673414 114.782036 -2150.162657
v -1154.620374 114.782036 -2150.497374
v -1155.703565 97.881775 -2150.497374
v -1155.703565 114.782036 -2150.497374
v -1130.015760 104.534172 -2152.035216
v -1130.722669 104.534172 -2153.422667
v -1131.823743 104.534172 -2154.523619
v -1133.211072 104.534172 -2155.230529
v -1134.749036 104.534172 -2155.474181
v -1136.286939 104.534172 -2155.230529
v -1137.674329 104.534172 -2154.523619
v -1138.775403 104.534172 -2153.422667
v -1139.482313 104.534172 -2152.035216
v -1139.725843 104.534172 -2150.497374
v -1139.482313 104.534172 -2148.959410
v -1138.775403 104.534172 -2147.572081
v -1137.674329 104.534172 -2146.471007
v -1136.286939 104.534172 -2145.764098
v -1134.749036 104.534172 -2145.520568
v -1133.211133 104.534172 -2145.764098
v -1131.823743 104.534172 -2146.471007
v -1130.722669 104.534172 -2147.572081
v -1130.015760 104.534172 -2148.959410
v -1129.772230 104.534172 -2150.497374
v -1130.015760 110.280602 -2152.035216
v -1130.722669 110.280602 -2153.422667
v -1131.823743 110.280602 -2154.523619
v -1133.211072 110.280602 -2155.230529
v -1134.749036 110.280602 -2155.474181
v -1136.286939 110.280602 -2155.230529
v -1137.674329 110.280602 -2154.523619
v -1138.775403 110.280602 -2153.422667
v -1139.482313 110.280602 -2152.035216
v -1139.725843 110.280602 -2150.497374
v -1139.482313 110.280602 -2148.959410
v -1138.775403 110.280602 -2147.572081
v -1137.674329 110.280602 -2146.471007
v -1136.286939 110.280602 -2145.764098
v -1134.749036 110.280602 -2145.520568
v -1133.211133 110.280602 -2145.764098
v -1131.823743 110.280602 -2146.471007
v -1130.722669 110.280602 -2147.572081
v -1130.015760 110.280602 -2148.959410
v -1129.772230 110.280602 -2150.497374
v -1134.749036 110.280602 -2150.497374
v -1130.015760 100.934204 -2152.035216
v -1130.722669 100.934204 -2153.422667
v -1134.749036 100.934204 -2150.497374
v -1131.823743 100.934204 -2154.523619
v -1133.211072 100.934204 -2155.230529
v -1134.749036 100.934204 -2155.474181
v -1136.286939 100.934204 -2155.230529
v -1137.674329 100.934204 -2154.523619
v -1138.775403 100.934204 -2153.422667
v -1139.482313 100.934204 -2152.035216
v -1139.725843 100.934204 -2150.497374
v -1139.482313 100.934204 -2148.959410
v -1138.775403 100.934204 -2147.572081
v -1137.674329 100.934204 -2146.471007
v -1136.286939 100.934204 -2145.764098
v -1134.749036 100.934204 -2145.520568
v -1133.211133 100.934204 -2145.764098
v -1131.823743 100.934204 -2146.471007
v -1130.722669 100.934204 -2147.572081
v -1130.015760 100.934204 -2148.959410
v -1129.772230 100.934204 -2150.497374
v -1128.949842 104.534172 -2152.381652
v -1129.815931 104.534172 -2154.081481
v -1128.949842 100.934204 -2152.381652
v -1129.815931 100.934204 -2154.081481
v -1131.164930 104.534172 -2155.430480
v -1131.164930 100.934204 -2155.430480
v -1132.864759 104.534172 -2156.296569
v -1132.864759 100.934204 -2156.296569
v -1134.749036 104.534172 -2156.595030
v -1134.749036 100.934204 -2156.595030
v -1136.633314 104.534172 -2156.296569
v -1136.633314 100.934204 -2156.296569
v -1138.333143 104.534172 -2155.430480
v -1138.333143 100.934204 -2155.430480
v -1139.682142 104.534172 -2154.081481
v -1139.682142 100.934204 -2154.081481
v -1140.548231 104.534172 -2152.381652
v -1140.548231 100.934204 -2152.381652
v -1140.846692 104.534172 -2150.497374
v -1140.846692 100.934204 -2150.497374
v -1140.548231 104.534172 -2148.613097
v -1140.548231 100.934204 -2148.613097
v -1139.682142 104.534172 -2146.913268
v -1139.682142 100.934204 -2146.913268
v -1138.333143 104.534172 -2145.564269
v -1138.333143 100.934204 -2145.564269
v -1136.633314 104.534172 -2144.698058
v -1136.633314 100.934204 -2144.698058
v -1134.749036 104.534172 -2144.399718
v -1134.749036 100.934204 -2144.399718
v -1132.864759 104.534172 -2144.698058
v -1132.864759 100.934204 -2144.698058
v -1131.164930 104.534172 -2145.564269
v -1131.164930 100.934204 -2145.564269
v -1129.815931 104.534172 -2146.913268
v -1129.815931 100.934204 -2146.913268
v -1128.949842 104.534172 -2148.613097
v -1128.949842 100.934204 -2148.613097
v -1128.651380 104.534172 -2150.497374
v -1128.651380 100.934204 -2150.497374
v -1133.766981 102.926384 -2167.799864
v -1133.920850 103.228355 -2167.799864
v -1134.160474 103.467979 -2167.799864
v -1134.462415 103.621834 -2167.799864
v -1134.797132 103.674858 -2167.799864
v -1135.131849 103.621834 -2167.799864
v -1135.433851 103.467979 -2167.799864
v -1135.673475 103.228355 -2167.799864
v -1135.827344 102.926384 -2167.799864
v -1135.880384 102.591667 -2167.799864
v -1135.827344 102.256950 -2167.799864
v -1135.673475 101.954987 -2167.799864
v -1135.433851 101.715347 -2167.799864
v -1135.131849 101.561493 -2167.799864
v -1134.797132 101.508476 -2167.799864
v -1134.462415 101.561493 -2167.799864
v -1134.160474 101.715347 -2167.799864
v -1133.920850 101.954987 -2167.799864
v -1133.766981 102.256950 -2167.799864
v -1133.714002 102.591667 -2167.799864
v -1133.766981 102.926384 -2155.024352
v -1133.920850 103.228355 -2155.024352
v -1134.160474 103.467979 -2155.024352
v -1134.462415 103.621834 -2155.024352
v -1134.797132 103.674858 -2155.024352
v -1135.131849 103.621834 -2155.024352
v -1135.433851 103.467979 -2155.024352
v -1135.673475 103.228355 -2155.024352
v -1135.827344 102.926384 -2155.024352
v -1135.880384 102.591667 -2155.024352
v -1135.827344 102.256950 -2155.024352
v -1135.673475 101.954987 -2155.024352
v -1135.433851 101.715347 -2155.024352
v -1135.131849 101.561493 -2155.024352
v -1134.797132 101.508476 -2155.024352
v -1134.462415 101.561493 -2155.024352
v -1134.160474 101.715347 -2155.024352
v -1133.920850 101.954987 -2155.024352
v -1133.766981 102.256950 -2155.024352
v -1133.714002 102.591667 -2155.024352
v -1134.797132 102.591667 -2167.799864
v -1134.797132 102.591667 -2155.024352
v -1133.752210 101.832458 -2159.282897
v -1134.037977 101.546707 -2159.282897
v -1134.398023 101.363243 -2159.282897
v -1134.797132 101.300026 -2159.282897
v -1135.196302 101.363243 -2159.282897
v -1135.556348 101.546707 -2159.282897
v -1135.842115 101.832458 -2159.282897
v -1136.025586 102.192528 -2159.282897
v -1136.088819 102.591667 -2159.282897
v -1136.025586 102.990807 -2159.282897
v -1135.842115 103.350868 -2159.282897
v -1135.556348 103.636620 -2159.282897
v -1135.196302 103.820091 -2159.282897
v -1134.797132 103.883308 -2159.282897
v -1134.398023 103.820091 -2159.282897
v -1134.037977 103.636635 -2159.282897
v -1133.752210 103.350868 -2159.282897
v -1133.568738 102.990807 -2159.282897
v -1133.505506 102.591667 -2159.282897
v -1133.568738 102.192528 -2159.282897
v -1133.752210 101.832458 -2163.541442
v -1134.037977 101.546707 -2163.541442
v -1134.398023 101.363243 -2163.541442
v -1134.797132 101.300026 -2163.541442
v -1135.196302 101.363243 -2163.541442
v -1135.556348 101.546707 -2163.541442
v -1135.842115 101.832458 -2163.541442
v -1136.025586 102.192528 -2163.541442
v -1136.088819 102.591667 -2163.541442
v -1136.025586 102.990807 -2163.541442
v -1135.842115 103.350868 -2163.541442
v -1135.556348 103.636620 -2163.541442
v -1135.196302 103.820091 -2163.541442
v -1134.797132 103.883308 -2163.541442
v -1134.398023 103.820091 -2163.541442
v -1134.037977 103.636635 -2163.541442
v -1133.752210 103.350868 -2163.541442
v -1133.568738 102.990807 -2163.541442
v -1133.505506 102.591667 -2163.541442
v -1133.568738 102.192528 -2163.541442
v -1123.725294 85.474861 -2137.796569
v -1186.041639 85.474861 -2137.796324
v -1123.725294 72.523560 -2137.796569
v -1186.041639 72.523560 -2137.796324
v -1123.725294 72.523560 -2163.250426
v -1186.041639 72.523560 -2163.250182
v -1123.725294 85.474861 -2163.250426
v -1186.041639 85.474861 -2163.250182
v -1123.725294 109.042122 -2137.796569
v -1186.041639 109.042122 -2137.796324
v -1123.725294 122.697502 -2137.796569
v -1186.041639 122.697502 -2137.796324
v -1186.041639 109.042122 -2157.031310
v -1123.725294 109.042122 -2157.031432
v -1123.725294 122.697502 -2157.031432
v -1186.041639 122.697502 -2157.031310
v -1181.625745 110.009789 -2157.031310
v -1128.141248 110.009789 -2157.031432
v -1128.141248 121.729836 -2157.031432
v -1181.625745 121.729836 -2157.031310
v -1181.625745 110.009789 -2155.505309
v -1128.141248 110.009789 -2155.505431
v -1128.141248 121.729836 -2155.505431
v -1181.625745 121.729836 -2155.505309
v -1123.725294 -0.000002 -2137.796569
v -1186.041639 -0.000002 -2137.796324
v -1123.725294 -0.000002 -2163.250426
v -1186.041639 -0.000002 -2163.250182
v -1123.725294 72.523560 -2164.964781
v -1186.041639 72.523560 -2164.964659
v -1186.041639 -0.000002 -2164.964659
v -1123.725294 -0.000002 -2164.964781
v -1123.725294 72.523560 -2169.162413
v -1186.041639 72.523560 -2169.162291
v -1186.041639 -0.000002 -2169.162291
v -1123.725294 -0.000002 -2169.162413
v -1184.686780 71.739449 -2163.250182
v -1184.686780 0.784106 -2163.250182
v -1184.686780 0.784106 -2164.964659
v -1184.686780 71.739449 -2164.964659
v -1125.080091 69.311462 -2163.250426
v -1125.080091 3.212094 -2163.250426
v -1125.080091 69.311462 -2164.964781
v -1125.080091 3.212094 -2164.964781
v -1123.725294 85.474861 -2122.449645
v -1124.874952 85.474861 -2121.299987
v -1124.874952 72.523560 -2121.299987
v -1123.725294 72.523560 -2122.449645
v -1184.891981 85.474861 -2121.299987
v -1186.041639 85.474861 -2122.449645
v -1186.041639 72.523560 -2122.449645
v -1184.891981 72.523560 -2121.299987
v -1123.725294 109.042122 -2122.449645
v -1124.874952 109.042122 -2121.299987
v -1184.891981 109.042122 -2121.299987
v -1186.041639 109.042122 -2122.449645
v -1123.725294 122.697502 -2122.449645
v -1124.874952 121.547829 -2121.299987
v -1184.891981 121.547829 -2121.299987
v -1186.041639 122.697502 -2122.449645
v -1124.874952 1.149664 -2121.299987
v -1123.725294 -0.000002 -2122.449645
v -1186.041639 -0.000002 -2122.449645
v -1184.891981 1.149664 -2121.299987
v -1153.407483 109.042122 -2152.017760
v -1153.407483 109.042122 -2144.816954
v -1167.443860 109.042122 -2152.017760
v -1167.443860 109.042122 -2144.816954
v -1153.407483 103.465889 -2152.017760
v -1153.407483 103.465889 -2144.816954
v -1167.443860 103.465889 -2144.816954
v -1167.443860 103.465889 -2152.017760
v -990.995862 109.556847 -2444.963805
v -991.206006 109.556847 -2450.579283
v -995.727308 109.556847 -2453.916075
v -1001.155164 109.556847 -2452.461730
v -1003.402295 109.556847 -2447.311278
v -1000.776563 109.556847 -2442.343077
v -995.255201 109.556847 -2441.298400
v -990.995862 117.678703 -2444.963805
v -991.206006 117.678703 -2450.579283
v -995.727308 117.678703 -2453.916075
v -1001.155164 117.678703 -2452.461730
v -1003.402295 117.678703 -2447.311278
v -1000.776563 117.678703 -2442.343077
v -995.255201 117.678703 -2441.298400
v -996.931165 109.556847 -2447.553405
v -992.899366 120.832222 -2445.774962
v -993.044996 120.832222 -2449.667296
v -996.178968 120.832222 -2451.980162
v -999.941236 120.832222 -2450.972106
v -1001.498792 120.832222 -2447.402098
v -999.678785 120.832222 -2443.958434
v -995.851697 120.832222 -2443.234374
v -992.899366 209.111282 -2445.774962
v -993.044996 209.111282 -2449.667296
v -996.178968 209.111282 -2451.980162
v -999.941236 209.111282 -2450.972106
v -1001.498792 209.111282 -2447.402098
v -999.678785 209.111282 -2443.958434
v -995.851697 209.111282 -2443.234374
v -992.123426 212.727753 -2445.444274
v -992.295301 212.727753 -2450.039061
v -995.994825 212.727753 -2452.769347
v -1000.436109 212.727753 -2451.579405
v -1002.274793 212.727753 -2447.365050
v -1000.126294 212.727753 -2443.299987
v -995.608533 212.727753 -2442.445128
v -989.767103 216.546234 -2444.440184
v -990.018812 216.546234 -2451.167968
v -995.435743 216.546234 -2455.165831
v -1001.938856 216.546234 -2453.423339
v -1004.631116 216.546234 -2447.252623
v -1001.485242 216.546234 -2441.300353
v -994.870130 216.546234 -2440.048705
v -985.056898 219.966782 -2442.106627
v -985.468213 219.966782 -2453.791564
v -996.674695 219.966782 -2447.495055
v -994.318250 219.966782 -2460.735045
v -1004.942762 219.966782 -2457.708739
v -1009.341260 219.966782 -2446.991271
v -1004.201612 219.966782 -2436.653258
v -993.394117 219.966782 -2434.479430
v -1413.990735 232.064194 -2512.472960
v -941.894788 232.064194 -2512.472960
v -1413.990735 232.064194 -2031.000426
v -941.894849 232.064194 -2031.000426
v -1413.990735 219.966782 -2512.472960
v -941.894788 219.966782 -2512.472960
v -941.894849 219.966782 -2031.000426
v -1413.990735 219.966782 -2031.000426
v -1362.694837 263.526825 -2460.158263
v -993.190687 263.526825 -2460.158263
v -1362.694837 263.526825 -2083.315123
v -993.190687 263.526825 -2083.315123
v -1362.694837 289.037048 -2460.158263
v -993.190687 289.037048 -2460.158263
v -1362.694837 289.037048 -2083.315123
v -993.190687 289.037048 -2083.315123
v -1362.694837 323.120819 -2460.158263
v -993.190687 323.120819 -2460.158263
v -1362.694837 323.120819 -2083.315123
v -993.190687 323.120819 -2083.315123
v -1389.376966 289.037048 -2487.370238
v -966.508680 289.037048 -2487.370238
v -1389.376966 323.120819 -2487.370238
v -966.508680 323.120819 -2487.370238
v -1389.376966 289.037048 -2056.103209
v -1389.376966 323.120819 -2056.103209
v -966.508741 289.037048 -2056.103209
v -966.508741 323.120819 -2056.103209
v -1017.900220 204.896698 -2414.344908
v -1005.141492 204.896698 -2414.344908
v -1017.900220 220.905579 -2414.344908
v -1005.141492 220.905579 -2414.344908
v -1017.900220 204.896698 -2275.781493
v -1005.141492 204.896698 -2275.781493
v -1005.141492 220.905579 -2275.781493
v -1017.900220 220.905579 -2275.781493
v -1017.900220 220.905594 -2414.344908
v -1009.451551 220.905594 -2414.344908
v -1017.900220 220.905594 -2275.781493
v -1009.451551 220.905594 -2275.781493
v -1009.451551 196.089172 -2414.344908
v -1009.451551 196.089172 -2275.781493
v -1017.900220 196.089172 -2275.781493
v -1017.900220 196.089172 -2414.344908
v -1176.411512 109.556839 -2446.210082
v -1170.796033 109.556839 -2446.420226
v -1167.459241 109.556839 -2450.941527
v -1168.913587 109.556839 -2456.369384
v -1174.064100 109.556839 -2458.616515
v -1179.032239 109.556839 -2455.990782
v -1180.076917 109.556839 -2450.469420
v -1176.411512 117.678696 -2446.210082
v -1170.796033 117.678696 -2446.420226
v -1167.459241 117.678696 -2450.941527
v -1168.913587 117.678696 -2456.369384
v -1174.064100 117.678696 -2458.616515
v -1179.032239 117.678696 -2455.990782
v -1180.076917 117.678696 -2450.469420
v -1173.822034 109.556839 -2452.145446
v -1175.600355 120.832214 -2448.113585
v -1171.708143 120.832214 -2448.259215
v -1169.395154 120.832214 -2451.393187
v -1170.403211 120.832214 -2455.155455
v -1173.973279 120.832214 -2456.713072
v -1177.416883 120.832214 -2454.893004
v -1178.141004 120.832214 -2451.065917
v -1175.600355 209.111267 -2448.113585
v -1171.708143 209.111267 -2448.259215
v -1169.395154 209.111267 -2451.393187
v -1170.403211 209.111267 -2455.155455
v -1173.973279 209.111267 -2456.713072
v -1177.416883 209.111267 -2454.893004
v -1178.141004 209.111267 -2451.065917
v -1175.931043 212.727753 -2447.337584
v -1171.336316 212.727753 -2447.509581
v -1168.605970 212.727753 -2451.209044
v -1169.796033 212.727753 -2455.650328
v -1174.010267 212.727753 -2457.489012
v -1178.075452 212.727753 -2455.340514
v -1178.930189 212.727753 -2450.822753
v -1176.935193 216.546234 -2444.981322
v -1170.207410 216.546234 -2445.233092
v -1166.209485 216.546234 -2450.649962
v -1167.952039 216.546234 -2457.153075
v -1174.122815 216.546234 -2459.845336
v -1180.075086 216.546234 -2456.699462
v -1181.326673 216.546234 -2450.084349
v -1182.584485 219.966766 -2440.271178
v -1163.855970 219.966766 -2440.682433
v -1173.947889 219.966766 -2451.888976
v -1152.726819 219.966766 -2449.532469
v -1157.577527 219.966766 -2460.156981
v -1174.755506 219.966766 -2464.555480
v -1191.325208 219.966766 -2459.415831
v -1194.809339 219.966766 -2448.608336
v -1002.050184 -0.000004 -2441.134337
v -995.104200 -0.000004 -2439.548888
v -989.533948 -0.000004 -2443.991027
v -989.534009 -0.000004 -2451.115660
v -995.104261 -0.000004 -2455.557738
v -1002.050184 -0.000004 -2453.972411
v -1005.141492 -0.000004 -2447.553405
v -1002.050245 108.556847 -2441.134337
v -995.104261 108.556847 -2439.548888
v -989.533948 108.556847 -2443.991027
v -989.533948 108.556847 -2451.115660
v -995.104261 108.556847 -2455.557799
v -1002.050184 108.556847 -2453.972350
v -1005.141492 108.556847 -2447.553343
v -996.931165 -0.000004 -2447.553405
v -1002.050245 109.556847 -2441.134337
v -995.104261 109.556847 -2439.548888
v -996.931165 109.556847 -2447.553405
v -989.533948 109.556847 -2443.991027
v -989.533948 109.556847 -2451.115660
v -995.104261 109.556847 -2455.557799
v -1002.050184 109.556847 -2453.972350
v -1005.141492 109.556847 -2447.553343
v -993.455610 108.556847 -2439.548888
v -993.455610 109.556847 -2439.548888
v -994.830335 108.556847 -2456.963561
v -1002.050184 108.556831 -2455.621031
v -1002.050184 109.556831 -2455.621031
v -994.830335 109.556847 -2456.963561
v -1006.127088 108.556847 -2447.825194
v -1006.127088 109.556847 -2447.825194
v -987.885267 109.556847 -2443.991027
v -987.885267 108.556847 -2443.991027
v -988.395643 109.556847 -2452.029357
v -988.395643 108.556847 -2452.029357
v -1185.956678 -0.000010 -2084.859069
v -1185.956678 -0.000010 -2122.359557
v -1349.724012 -0.000010 -2084.859069
v -1349.724012 -0.000010 -2122.359557
v -1185.956678 108.556831 -2084.859069
v -1185.956678 108.556831 -2122.359557
v -1349.724012 108.556831 -2122.359557
v -1349.724012 108.556831 -2084.859069
v -1351.442396 -0.000008 -2439.070189
v -1344.634290 -0.000008 -2441.170226
v -1342.031507 -0.000008 -2447.802306
v -1345.593763 -0.000008 -2453.972350
v -1352.638807 -0.000008 -2455.034239
v -1357.861585 -0.000008 -2450.188292
v -1357.329114 -0.000008 -2443.083678
v -1351.442518 108.556847 -2439.070128
v -1344.634412 108.556847 -2441.170226
v -1342.031385 108.556847 -2447.802306
v -1345.593763 108.556847 -2453.972350
v -1352.638807 108.556847 -2455.034239
v -1357.861585 108.556847 -2450.188292
v -1357.329114 108.556847 -2443.083556
v -1350.218763 -0.000008 -2447.188780
v -1351.442518 109.556847 -2439.070128
v -1344.634412 109.556847 -2441.170226
v -1350.218763 109.556847 -2447.188780
v -1342.031385 109.556847 -2447.802306
v -1345.593763 109.556847 -2453.972350
v -1352.638807 109.556847 -2455.034239
v -1357.861585 109.556847 -2450.188292
v -1357.329114 109.556847 -2443.083556
v -1343.206617 108.556847 -2441.994506
v -1343.206617 109.556847 -2441.994506
v -1353.104505 108.556847 -2456.388610
v -1358.685804 108.556831 -2451.616088
v -1358.685804 109.556831 -2451.616088
v -1353.104505 109.556847 -2456.388610
v -1358.318616 108.556847 -2442.826232
v -1358.318616 109.556847 -2442.826232
v -1340.603650 109.556847 -2448.626647
v -1340.603650 108.556847 -2448.626647
v -1345.064832 109.556847 -2455.332823
v -1345.064832 108.556847 -2455.332823
v -1202.483655 195.757751 -2240.660582
v -1240.026624 159.150970 -2203.117614
v -1202.483655 195.757751 -2292.116881
v -1240.026624 159.151001 -2329.659911
v -1199.706922 192.981049 -2240.660582
v -1240.026624 153.411377 -2203.117614
v -1240.026624 153.411407 -2329.659911
v -1199.706922 192.981049 -2289.340270
v -1242.604505 153.411407 -2200.539733
v -1242.604505 153.411392 -2332.237853
v -1242.604505 157.204437 -2200.539733
v -1242.604505 157.204437 -2332.237853
v -1240.026624 164.191345 -2329.659911
v -1240.026624 164.191330 -2203.117614
v -1242.604505 162.244781 -2332.237853
v -1242.604505 162.244781 -2200.539733
v -1178.164930 204.896729 -2112.451476
v -1178.164930 204.896729 -2099.692809
v -1178.164930 220.905609 -2112.451476
v -1178.164930 220.905609 -2099.692809
v -1316.728406 204.896729 -2112.451476
v -1316.728406 204.896729 -2099.692809
v -1316.728406 220.905609 -2099.692809
v -1316.728406 220.905609 -2112.451476
v -1178.164930 220.905624 -2112.451476
v -1178.164930 220.905624 -2104.002867
v -1316.728406 220.905624 -2112.451476
v -1316.728406 220.905624 -2104.002867
v -1178.164930 196.089203 -2104.002867
v -1316.728406 196.089203 -2104.002867
v -1316.728406 196.089203 -2112.451476
v -1178.164930 196.089203 -2112.451476
v -1017.900220 220.905609 -2430.228392
v -1005.141492 220.905609 -2442.987120
v -1017.900220 220.905609 -2414.219542
v -1005.141492 220.905609 -2414.219542
v -1017.900220 109.556847 -2430.228392
v -1005.141492 109.556847 -2442.987120
v -1005.141492 109.556847 -2414.219542
v -1017.900220 109.556847 -2414.219542
v -1017.900220 220.905609 -2405.411925
v -1009.451551 220.905609 -2405.411925
v -1017.900220 109.556847 -2405.411925
v -1009.451551 109.556847 -2405.411925
v -1033.909070 220.905609 -2430.228453
v -1033.909070 220.905609 -2442.987120
v -1017.900220 220.905609 -2430.228453
v -1033.909070 109.556847 -2430.228453
v -1033.909070 109.556847 -2442.987120
v -1017.900220 109.556847 -2430.228453
v -1042.716627 220.905609 -2438.677062
v -1042.716627 109.556847 -2438.677062
v -1042.716627 109.556847 -2430.228453
v -1042.716627 220.905609 -2430.228453
v -1345.495984 220.905609 -2099.692809
v -1345.495984 220.905609 -2099.692809
v -1345.495984 220.905609 -2099.692809
v -1345.495984 220.905609 -2099.692809
v -1345.495984 220.905609 -2099.692809
v -1345.495984 109.556847 -2099.692809
v -1345.495984 109.556847 -2099.692809
v -1345.495984 109.556847 -2099.692809
v -1345.495984 109.556847 -2099.692809
v -1345.495984 109.556847 -2099.692809
v -1356.669935 108.556847 -2099.282530
v -1356.669935 108.556847 -2099.282530
v -1356.669935 108.556847 -2099.282530
v -1356.669935 108.556847 -2099.282530
v -1356.669935 108.556847 -2099.282530
v -1356.669935 109.556847 -2099.282530
v -1356.669935 109.556847 -2099.282530
v -1356.669935 109.556847 -2099.282530
v -1356.669935 109.556847 -2099.282530
v -1356.669935 109.556847 -2099.282530
v -1358.318616 108.556847 -2099.282530
v -1358.318616 108.556847 -2099.282530
v -1358.318616 108.556847 -2099.282530
v -1358.318616 109.556847 -2099.282530
v -1358.318616 109.556847 -2099.282530
v -1358.318616 109.556847 -2099.282530
v -1007.139844 108.556847 -2097.661315
v -1007.139844 108.556847 -2097.661315
v -1007.139844 108.556847 -2097.661315
v -1007.139844 108.556847 -2097.661315
v -1007.139844 108.556847 -2097.661315
v -1007.139844 109.556847 -2097.661315
v -1007.139844 109.556847 -2097.661315
v -1007.139844 109.556847 -2097.661315
v -1007.139844 109.556847 -2097.661315
v -1007.139844 109.556847 -2097.661315
v -1008.567579 108.556847 -2096.836974
v -1008.567579 108.556847 -2096.836974
v -1008.567579 108.556847 -2096.836974
v -1008.567579 109.556847 -2096.836974
v -1008.567579 109.556847 -2096.836974
v -1008.567579 109.556847 -2096.836974
v -1345.495984 220.905640 -2442.987181
v -1345.495984 220.905640 -2442.987181
v -1345.495984 220.905640 -2442.987181
v -1345.495984 220.905640 -2442.987181
v -1345.495984 220.905640 -2442.987181
v -1345.495984 109.556877 -2442.987181
v -1345.495984 109.556877 -2442.987181
v -1345.495984 109.556877 -2442.987181
v -1345.495984 109.556877 -2442.987181
v -1345.495984 109.556877 -2442.987181
v -1345.495984 220.905640 -2442.987181
v -1345.495984 220.905640 -2442.987181
v -1345.495984 220.905640 -2442.987181
v -1345.495984 220.905640 -2442.987181
v -1345.495984 220.905640 -2442.987181
v -1345.495984 109.556877 -2442.987181
v -1345.495984 109.556877 -2442.987181
v -1345.495984 109.556877 -2442.987181
v -1345.495984 109.556877 -2442.987181
v -1345.495984 109.556877 -2442.987181
v -1005.141492 220.905640 -2099.692809
v -1005.141492 220.905640 -2099.692809
v -1005.141492 220.905640 -2099.692809
v -1005.141492 220.905640 -2099.692809
v -1005.141492 220.905640 -2099.692809
v -1005.141492 109.556877 -2099.692809
v -1005.141492 109.556877 -2099.692809
v -1005.141492 109.556877 -2099.692809
v -1005.141492 109.556877 -2099.692809
v -1005.141492 109.556877 -2099.692809
v -995.104261 108.556847 -2439.548888
v -995.104261 108.556847 -2439.548888
v -995.104261 108.556847 -2439.548888
v -995.104261 108.556847 -2439.548888
v -995.104261 108.556847 -2439.548888
v -995.104261 109.556847 -2439.548888
v -995.104261 109.556847 -2439.548888
v -995.104261 109.556847 -2439.548888
v -995.104261 109.556847 -2439.548888
v -995.104261 109.556847 -2439.548888
v -993.455610 108.556847 -2439.548888
v -993.455610 108.556847 -2439.548888
v -993.455610 108.556847 -2439.548888
v -993.455610 109.556847 -2439.548888
v -993.455610 109.556847 -2439.548888
v -993.455610 109.556847 -2439.548888
v -1344.634412 108.556847 -2441.170226
v -1344.634412 108.556847 -2441.170226
v -1344.634412 108.556847 -2441.170226
v -1344.634412 108.556847 -2441.170226
v -1344.634412 108.556847 -2441.170226
v -1344.634412 109.556847 -2441.170226
v -1344.634412 109.556847 -2441.170226
v -1344.634412 109.556847 -2441.170226
v -1344.634412 109.556847 -2441.170226
v -1344.634412 109.556847 -2441.170226
v -1343.206617 108.556847 -2441.994506
v -1343.206617 108.556847 -2441.994506
v -1343.206617 108.556847 -2441.994506
v -1343.206617 109.556847 -2441.994506
v -1343.206617 109.556847 -2441.994506
v -1343.206617 109.556847 -2441.994506
v -1005.141492 220.905609 -2442.987120
v -1005.141492 220.905609 -2442.987120
v -1005.141492 220.905609 -2442.987120
v -1005.141492 220.905609 -2442.987120
v -1005.141492 220.905609 -2442.987120
v -1005.141492 109.556847 -2442.987120
v -1005.141492 109.556847 -2442.987120
v -1005.141492 109.556847 -2442.987120
v -1005.141492 109.556847 -2442.987120
v -1005.141492 109.556847 -2442.987120
vt 0.449505 0.995421
vt 0.449478 0.994726
vt 0.449478 0.994726
vt 0.449496 0.995188
vt 0.362670 0.763833
vt 0.366189 0.763833
vt 0.366189 0.768576
vt 0.362670 0.768576
vt 0.368279 0.763833
vt 0.368279 0.768576
vt 0.365617 0.770418
vt 0.363178 0.770418
vt 0.360373 0.763833
vt 0.360373 0.768576
vt 0.367066 0.770418
vt 0.365617 0.821974
vt 0.363178 0.821974
vt 0.361586 0.770418
vt 0.367066 0.821974
vt 0.365850 0.824086
vt 0.362971 0.824086
vt 0.361586 0.821974
vt 0.367561 0.824086
vt 0.366557 0.826316
vt 0.362342 0.826316
vt 0.361092 0.824086
vt 0.369062 0.826316
vt 0.368201 0.828314
vt 0.360880 0.828314
vt 0.359590 0.826316
vt 0.609093 0.763832
vt 0.612320 0.763832
vt 0.612320 0.768575
vt 0.609093 0.768575
vt 0.615433 0.763832
vt 0.615433 0.768575
vt 0.612263 0.770417
vt 0.610026 0.770417
vt 0.614421 0.770417
vt 0.612263 0.821974
vt 0.610026 0.821974
vt 0.614421 0.821974
vt 0.612286 0.824086
vt 0.609646 0.824086
vt 0.614833 0.824086
vt 0.612357 0.826316
vt 0.608490 0.826316
vt 0.616086 0.826316
vt 0.612521 0.828313
vt 0.605805 0.828313
vt 0.618998 0.828313
vt 0.249276 0.388017
vt 0.181769 0.388017
vt 0.181769 0.292374
vt 0.249276 0.292374
vt 0.922367 0.451764
vt 0.922367 0.356121
vt 0.989875 0.356121
vt 0.989875 0.451764
vt 0.118113 0.829166
vt 0.122577 0.829166
vt 0.122577 0.892565
vt 0.118113 0.892565
vt 0.125360 0.829166
vt 0.125360 0.892565
vt 0.115329 0.829166
vt 0.115329 0.892565
vt 0.781673 0.806073
vt 0.785695 0.806073
vt 0.785695 0.869472
vt 0.781673 0.869472
vt 0.789717 0.806073
vt 0.789717 0.869472
vt 0.785695 0.870056
vt 0.781673 0.870056
vt 0.789717 0.870056
vt 0.099697 0.984184
vt 0.099697 0.980023
vt 0.100323 0.980023
vt 0.100323 0.984184
vt 0.099697 0.977429
vt 0.100323 0.977429
vt 0.099697 0.986779
vt 0.100323 0.986779
vt 0.957541 0.231411
vt 0.957541 0.131093
vt 0.958167 0.131093
vt 0.958167 0.231411
vt 0.928230 0.334682
vt 0.928230 0.234364
vt 0.928856 0.234364
vt 0.928856 0.334682
vt 0.142687 0.965222
vt 0.150681 0.965222
vt 0.150681 0.974571
vt 0.142687 0.974571
vt 0.142687 0.960078
vt 0.147980 0.960078
vt 0.147980 0.974571
vt 0.142687 0.974571
vt 0.547183 0.967627
vt 0.555177 0.967627
vt 0.555177 0.976977
vt 0.547183 0.976977
vt 0.549883 0.962484
vt 0.555177 0.962484
vt 0.555177 0.976977
vt 0.549883 0.976977
vt 0.721096 0.700587
vt 0.721096 0.623673
vt 0.723473 0.623673
vt 0.723473 0.700587
vt 0.726631 0.623673
vt 0.726631 0.700587
vt 0.727851 0.625178
vt 0.727851 0.699081
vt 0.595723 0.697260
vt 0.595723 0.623357
vt 0.598881 0.623357
vt 0.598881 0.697260
vt 0.594503 0.621852
vt 0.597661 0.621852
vt 0.594503 0.698766
vt 0.597661 0.698766
vt 0.592127 0.623357
vt 0.592127 0.621852
vt 0.592127 0.697260
vt 0.592127 0.698766
vt 0.218552 0.748723
vt 0.218552 0.683693
vt 0.228583 0.683693
vt 0.228583 0.748723
vt 0.213034 0.748723
vt 0.213034 0.683693
vt 0.234102 0.683693
vt 0.234102 0.748723
vt 0.501895 0.700085
vt 0.511926 0.700085
vt 0.511926 0.765114
vt 0.501895 0.765114
vt 0.517444 0.700085
vt 0.517444 0.765114
vt 0.496376 0.765114
vt 0.496376 0.700085
vt 0.179774 0.763833
vt 0.183293 0.763833
vt 0.183293 0.768576
vt 0.179774 0.768576
vt 0.185383 0.763833
vt 0.185383 0.768576
vt 0.182721 0.770418
vt 0.180282 0.770418
vt 0.177477 0.763833
vt 0.177477 0.768576
vt 0.184170 0.770418
vt 0.182721 0.821974
vt 0.180282 0.821974
vt 0.178690 0.770418
vt 0.184170 0.821974
vt 0.182954 0.824086
vt 0.180075 0.824086
vt 0.178690 0.821974
vt 0.184665 0.824086
vt 0.183661 0.826316
vt 0.179446 0.826316
vt 0.178196 0.824086
vt 0.186166 0.826316
vt 0.187641 0.828314
vt 0.175906 0.828314
vt 0.176694 0.826316
vt 0.102891 0.763833
vt 0.106119 0.763833
vt 0.106119 0.768576
vt 0.102891 0.768576
vt 0.109231 0.763833
vt 0.109231 0.768576
vt 0.106062 0.770418
vt 0.103825 0.770418
vt 0.108219 0.770418
vt 0.106062 0.821974
vt 0.103825 0.821974
vt 0.108219 0.821974
vt 0.106085 0.824086
vt 0.103444 0.824086
vt 0.108632 0.824086
vt 0.106155 0.826316
vt 0.102289 0.826316
vt 0.109885 0.826316
vt 0.106552 0.828314
vt 0.095788 0.828314
vt 0.750064 0.601622
vt 0.750064 0.520699
vt 0.760095 0.520699
vt 0.760095 0.601622
vt 0.744545 0.601622
vt 0.744545 0.520699
vt 0.760095 0.520699
vt 0.760095 0.601622
vt 0.992631 0.625300
vt 0.982600 0.625300
vt 0.982600 0.544376
vt 0.992631 0.544376
vt 0.977082 0.625300
vt 0.977082 0.544376
vt 0.553223 0.770578
vt 0.553223 0.705549
vt 0.563254 0.705549
vt 0.563254 0.770578
vt 0.568772 0.705549
vt 0.568772 0.770578
vt 0.580059 0.709776
vt 0.580059 0.774806
vt 0.574540 0.774806
vt 0.574540 0.709776
vt 0.011762 0.748722
vt 0.011762 0.683693
vt 0.017056 0.683693
vt 0.017056 0.748722
vt 0.742248 0.796077
vt 0.742248 0.731048
vt 0.752278 0.731048
vt 0.752278 0.796077
vt 0.736729 0.796077
vt 0.736729 0.731048
vt 0.757797 0.731048
vt 0.757797 0.796077
vt 0.818457 0.731341
vt 0.828488 0.731341
vt 0.828488 0.796370
vt 0.818457 0.796370
vt 0.834006 0.731341
vt 0.834006 0.796370
vt 0.812938 0.796370
vt 0.812938 0.731341
vt 0.965357 0.970639
vt 0.973351 0.970639
vt 0.973351 0.979989
vt 0.965357 0.979989
vt 0.965357 0.965495
vt 0.970651 0.965495
vt 0.970651 0.979989
vt 0.965357 0.979989
vt 0.732821 0.966997
vt 0.740815 0.966997
vt 0.740815 0.976347
vt 0.732821 0.976347
vt 0.735521 0.961853
vt 0.740815 0.961853
vt 0.740815 0.976347
vt 0.735521 0.976347
vt 0.928230 0.119797
vt 0.928230 0.004091
vt 0.960471 0.004091
vt 0.960471 0.119797
vt 0.965357 0.126121
vt 0.997598 0.126121
vt 0.997598 0.241828
vt 0.965357 0.241828
vt 0.920413 0.349252
vt 0.920413 0.248935
vt 0.921040 0.248935
vt 0.921040 0.349252
vt 0.887194 0.349253
vt 0.887194 0.248935
vt 0.887820 0.248935
vt 0.887820 0.349253
vt 0.830525 0.364989
vt 0.898544 0.364989
vt 0.898544 0.460632
vt 0.830525 0.460632
vt 0.372895 0.390489
vt 0.372895 0.486132
vt 0.304876 0.486132
vt 0.304876 0.390489
vt 0.085145 0.749607
vt 0.072339 0.749607
vt 0.072339 0.733860
vt 0.085145 0.733860
vt 0.072339 0.674351
vt 0.085145 0.674351
vt 0.086181 0.749607
vt 0.086181 0.733860
vt 0.086181 0.674351
vt 0.092571 0.749607
vt 0.092571 0.733860
vt 0.092571 0.674351
vt 0.871561 0.735036
vt 0.871561 0.719288
vt 0.884367 0.719288
vt 0.884367 0.735036
vt 0.871561 0.659779
vt 0.884367 0.659779
vt 0.609753 0.963239
vt 0.609753 0.976736
vt 0.607759 0.976736
vt 0.607759 0.963239
vt 0.248207 0.977973
vt 0.248207 0.964476
vt 0.250201 0.964476
vt 0.250201 0.977973
vt 0.622193 0.890678
vt 0.622193 0.943729
vt 0.619484 0.943729
vt 0.619484 0.890678
vt 0.467065 0.943730
vt 0.467065 0.890680
vt 0.469774 0.890680
vt 0.469774 0.943730
vt 0.846158 0.734278
vt 0.846158 0.718530
vt 0.852548 0.718530
vt 0.852548 0.734278
vt 0.852548 0.659021
vt 0.846158 0.659021
vt 0.734775 0.695466
vt 0.734775 0.680272
vt 0.735811 0.680272
vt 0.735811 0.695466
vt 0.735811 0.622851
vt 0.734775 0.622851
vt 0.987460 0.017757
vt 0.986852 0.014279
vt 0.989226 0.014279
vt 0.989226 0.017757
vt 0.986852 0.005647
vt 0.989226 0.005647
vt 0.987460 0.002169
vt 0.989226 0.002169
vt 0.713280 0.992349
vt 0.715654 0.992349
vt 0.715047 0.995827
vt 0.713280 0.995827
vt 0.723050 0.991167
vt 0.724817 0.991167
vt 0.725425 0.994645
vt 0.723050 0.994645
vt 0.384993 0.002004
vt 0.386494 0.002004
vt 0.386494 0.010637
vt 0.384993 0.010637
vt 0.686665 0.980074
vt 0.686665 0.988707
vt 0.685923 0.988707
vt 0.685923 0.980074
vt 0.865699 0.988707
vt 0.865699 0.980074
vt 0.865830 0.980074
vt 0.865830 0.988707
vt 0.822365 0.647157
vt 0.822365 0.566233
vt 0.832396 0.566233
vt 0.832396 0.647157
vt 0.816847 0.647157
vt 0.816847 0.566233
vt 0.832396 0.566233
vt 0.832396 0.647157
vt 0.855845 0.647157
vt 0.845814 0.647157
vt 0.845814 0.566233
vt 0.855845 0.566233
vt 0.840296 0.647157
vt 0.840296 0.566233
vt 0.190653 0.490013
vt 0.123146 0.490013
vt 0.123146 0.394370
vt 0.190653 0.394370
vt 0.195447 0.490013
vt 0.195447 0.394370
vt 0.262955 0.394370
vt 0.262955 0.490013
vt 0.155241 0.829166
vt 0.159705 0.829166
vt 0.159705 0.892565
vt 0.155240 0.892565
vt 0.162488 0.829166
vt 0.162488 0.892565
vt 0.152457 0.829166
vt 0.838342 0.808373
vt 0.842364 0.808373
vt 0.842364 0.871772
vt 0.838342 0.871772
vt 0.846386 0.808373
vt 0.846386 0.871772
vt 0.846386 0.872356
vt 0.842364 0.872356
vt 0.803168 0.995601
vt 0.803168 0.991048
vt 0.803795 0.991048
vt 0.803795 0.995601
vt 0.391482 0.009115
vt 0.391482 0.013810
vt 0.390856 0.013810
vt 0.390856 0.009115
vt 0.390856 0.016404
vt 0.391482 0.006234
vt 0.390856 0.006234
vt 0.564769 0.699911
vt 0.564769 0.622997
vt 0.567146 0.622997
vt 0.567146 0.699911
vt 0.570304 0.622997
vt 0.570304 0.699911
vt 0.571524 0.624503
vt 0.571524 0.698405
vt 0.582044 0.698405
vt 0.582044 0.624503
vt 0.585203 0.624503
vt 0.585202 0.698405
vt 0.580825 0.622997
vt 0.583983 0.622997
vt 0.580825 0.699911
vt 0.583983 0.699911
vt 0.578448 0.624503
vt 0.578448 0.622997
vt 0.578448 0.698405
vt 0.578448 0.699911
vt 0.875469 0.809131
vt 0.879821 0.809131
vt 0.879821 0.872530
vt 0.875469 0.872530
vt 0.883312 0.809131
vt 0.883312 0.872530
vt 0.879821 0.873114
vt 0.875469 0.873114
vt 0.880854 0.872530
vt 0.880854 0.873114
vt 0.884345 0.872530
vt 0.884345 0.873114
vt 0.858497 0.809131
vt 0.862850 0.809131
vt 0.862850 0.872530
vt 0.858497 0.872530
vt 0.862850 0.873114
vt 0.858497 0.873114
vt 0.855007 0.809131
vt 0.855007 0.872530
vt 0.857464 0.873114
vt 0.857464 0.872530
vt 0.853974 0.872530
vt 0.853974 0.873114
vt 0.281427 0.829166
vt 0.285583 0.829166
vt 0.285582 0.892565
vt 0.289449 0.829166
vt 0.289449 0.892565
vt 0.245382 0.810953
vt 0.249833 0.810953
vt 0.249833 0.874352
vt 0.245382 0.874352
vt 0.252348 0.810953
vt 0.252348 0.874352
vt 0.242345 0.810953
vt 0.242345 0.874352
vt 0.252348 0.874936
vt 0.249833 0.874936
vt 0.769949 0.990562
vt 0.769949 0.985428
vt 0.770575 0.985428
vt 0.770575 0.990562
vt 0.769949 0.993349
vt 0.770575 0.993349
vt 0.364125 0.989411
vt 0.363499 0.993284
vt 0.363499 0.989411
vt 0.364125 0.985494
vt 0.363499 0.985494
vt 0.275565 0.969858
vt 0.275565 0.946995
vt 0.276191 0.946995
vt 0.276191 0.969858
vt 0.725631 0.947267
vt 0.725631 0.970131
vt 0.725005 0.970131
vt 0.725005 0.947267
vt 0.029349 0.816416
vt 0.033701 0.816416
vt 0.033701 0.879815
vt 0.029349 0.879815
vt 0.037192 0.816416
vt 0.037192 0.879815
vt 0.033701 0.880399
vt 0.029349 0.880399
vt 0.034734 0.879815
vt 0.034734 0.880399
vt 0.038225 0.879815
vt 0.038225 0.880399
vt 0.049505 0.816416
vt 0.053857 0.816416
vt 0.053857 0.879815
vt 0.049505 0.879815
vt 0.053857 0.880399
vt 0.049505 0.880399
vt 0.046015 0.816416
vt 0.046015 0.879815
vt 0.048472 0.880399
vt 0.048472 0.879815
vt 0.044982 0.879815
vt 0.044982 0.880399
vt 0.189585 0.943500
vt 0.189585 0.895689
vt 0.191961 0.895689
vt 0.191961 0.943500
vt 0.195120 0.895689
vt 0.195120 0.943500
vt 0.196339 0.896604
vt 0.196339 0.942586
vt 0.204906 0.940765
vt 0.204906 0.894782
vt 0.208064 0.894782
vt 0.208064 0.940765
vt 0.203686 0.893868
vt 0.206844 0.893868
vt 0.203686 0.941679
vt 0.206844 0.941679
vt 0.201309 0.894782
vt 0.201309 0.893868
vt 0.201309 0.940765
vt 0.201309 0.941679
vt 0.640410 0.770578
vt 0.635117 0.770578
vt 0.635117 0.705548
vt 0.640410 0.705548
vt 0.523734 0.770579
vt 0.523734 0.705549
vt 0.529027 0.705549
vt 0.529027 0.770579
vt 0.518997 0.776582
vt 0.522515 0.776582
vt 0.522515 0.781325
vt 0.518997 0.781325
vt 0.524606 0.776582
vt 0.524606 0.781325
vt 0.521944 0.783167
vt 0.519505 0.783167
vt 0.516700 0.776582
vt 0.516700 0.781325
vt 0.523393 0.783167
vt 0.521944 0.834724
vt 0.519505 0.834724
vt 0.517913 0.783167
vt 0.523393 0.834724
vt 0.522177 0.836836
vt 0.519298 0.836836
vt 0.517913 0.834724
vt 0.523888 0.836836
vt 0.522884 0.839066
vt 0.518669 0.839066
vt 0.517419 0.836836
vt 0.525389 0.839066
vt 0.524528 0.841063
vt 0.517207 0.841063
vt 0.515917 0.839066
vt 0.722430 0.782046
vt 0.725657 0.782046
vt 0.725657 0.786789
vt 0.722430 0.786789
vt 0.728770 0.782046
vt 0.728770 0.786789
vt 0.725600 0.788631
vt 0.723363 0.788631
vt 0.727758 0.788631
vt 0.725600 0.840187
vt 0.723363 0.840187
vt 0.727758 0.840187
vt 0.725623 0.842299
vt 0.722983 0.842299
vt 0.728171 0.842299
vt 0.725694 0.844529
vt 0.721827 0.844529
vt 0.729423 0.844529
vt 0.725858 0.846527
vt 0.719142 0.846527
vt 0.732335 0.846527
vt 0.693739 0.974328
vt 0.701733 0.974328
vt 0.701733 0.983677
vt 0.693739 0.983677
vt 0.693739 0.969184
vt 0.699033 0.969184
vt 0.699033 0.983677
vt 0.693739 0.983677
vt 0.379131 0.974329
vt 0.387125 0.974329
vt 0.387125 0.983679
vt 0.379131 0.983679
vt 0.381832 0.969186
vt 0.387125 0.969186
vt 0.387125 0.983679
vt 0.381832 0.983679
vt 0.384993 0.829167
vt 0.408490 0.829167
vt 0.408490 0.892566
vt 0.384993 0.892566
vt 0.332281 0.832809
vt 0.332281 0.896208
vt 0.308784 0.896208
vt 0.308784 0.832809
vt 0.419042 0.829167
vt 0.423506 0.829167
vt 0.423506 0.892566
vt 0.419042 0.892566
vt 0.426290 0.829167
vt 0.426290 0.892566
vt 0.416259 0.829167
vt 0.416259 0.892566
vt 0.193493 0.823702
vt 0.197515 0.823702
vt 0.197515 0.887101
vt 0.193493 0.887101
vt 0.201537 0.823702
vt 0.201537 0.887101
vt 0.197515 0.887685
vt 0.193493 0.887685
vt 0.201537 0.887685
vt 0.996623 0.987780
vt 0.996623 0.983620
vt 0.997249 0.983620
vt 0.997249 0.987780
vt 0.996623 0.981025
vt 0.997249 0.981025
vt 0.996623 0.990375
vt 0.997249 0.990375
vt 0.340049 0.832809
vt 0.363546 0.832809
vt 0.363546 0.896208
vt 0.340049 0.896208
vt 0.506195 0.845558
vt 0.506195 0.908957
vt 0.482698 0.908957
vt 0.482698 0.845558
vt 0.988238 0.779684
vt 0.982944 0.779684
vt 0.982944 0.714655
vt 0.988238 0.714655
vt 0.484652 0.768757
vt 0.484652 0.703727
vt 0.489946 0.703727
vt 0.489946 0.768757
vt 0.800645 0.798192
vt 0.795352 0.798192
vt 0.795352 0.733162
vt 0.800645 0.733162
vt 0.273267 0.823398
vt 0.273267 0.758369
vt 0.283298 0.758369
vt 0.283298 0.823398
vt 0.267748 0.823398
vt 0.267748 0.758369
vt 0.291292 0.758369
vt 0.164620 0.758369
vt 0.164620 0.823398
vt 0.170139 0.758369
vt 0.170139 0.823398
vt 0.910643 0.349253
vt 0.910643 0.248935
vt 0.911269 0.248935
vt 0.911269 0.349253
vt 0.996623 0.353441
vt 0.996623 0.253124
vt 0.997249 0.253124
vt 0.997249 0.353441
vt 0.001992 0.971679
vt 0.001992 0.948815
vt 0.002619 0.948815
vt 0.002619 0.971679
vt 0.190211 0.948816
vt 0.190211 0.971680
vt 0.189585 0.971680
vt 0.189585 0.948816
vt 0.410397 0.971596
vt 0.410397 0.948901
vt 0.411023 0.948901
vt 0.411023 0.971596
vt 0.434472 0.003614
vt 0.434472 0.026309
vt 0.433846 0.026309
vt 0.433846 0.003614
vt 0.628686 0.814291
vt 0.623392 0.814291
vt 0.623392 0.749261
vt 0.628686 0.749261
vt 0.304532 0.823398
vt 0.304532 0.758369
vt 0.314563 0.758369
vt 0.314563 0.823398
vt 0.299014 0.823398
vt 0.299014 0.758369
vt 0.322557 0.758369
vt 0.434284 0.758370
vt 0.434284 0.823399
vt 0.439803 0.758370
vt 0.439803 0.823399
vt 0.195447 0.971680
vt 0.195447 0.963265
vt 0.196074 0.948816
vt 0.196074 0.971680
vt 0.399299 0.003530
vt 0.399299 0.026393
vt 0.398672 0.011944
vt 0.398672 0.003530
vt 0.668005 0.853079
vt 0.671406 0.853079
vt 0.671406 0.857822
vt 0.668005 0.857822
vt 0.670645 0.859664
vt 0.668288 0.859664
vt 0.665172 0.853079
vt 0.665172 0.857822
vt 0.670645 0.911220
vt 0.668288 0.911220
vt 0.666324 0.859664
vt 0.670955 0.913332
vt 0.668172 0.913332
vt 0.666324 0.911220
vt 0.671897 0.915562
vt 0.667822 0.915562
vt 0.665854 0.913332
vt 0.664428 0.915562
vt 0.760622 0.873114
vt 0.764082 0.873114
vt 0.764082 0.877857
vt 0.760622 0.877857
vt 0.766750 0.873114
vt 0.766750 0.877857
vt 0.763708 0.879699
vt 0.761310 0.879699
vt 0.765558 0.879699
vt 0.763708 0.931255
vt 0.761310 0.931255
vt 0.765558 0.931255
vt 0.763860 0.933367
vt 0.761030 0.933367
vt 0.766044 0.933367
vt 0.764323 0.935597
vt 0.760178 0.935597
vt 0.767521 0.935597
vt 0.330279 0.492485
vt 0.398298 0.492485
vt 0.398298 0.588128
vt 0.330279 0.588128
vt 0.171624 0.494306
vt 0.171624 0.589949
vt 0.103605 0.589949
vt 0.103605 0.494306
vt 0.007286 0.819755
vt 0.001992 0.819755
vt 0.001992 0.754726
vt 0.007286 0.754726
vt 0.537069 0.841612
vt 0.537069 0.776582
vt 0.547099 0.776582
vt 0.547099 0.841612
vt 0.531550 0.841612
vt 0.531550 0.776582
vt 0.555094 0.776582
vt 0.963841 0.780224
vt 0.963841 0.845254
vt 0.969360 0.780224
vt 0.969360 0.845254
vt 0.669462 0.782046
vt 0.672980 0.782046
vt 0.672980 0.786789
vt 0.669462 0.786789
vt 0.675071 0.782046
vt 0.675071 0.786789
vt 0.672409 0.788631
vt 0.669970 0.788631
vt 0.667165 0.782046
vt 0.667165 0.786789
vt 0.673858 0.788631
vt 0.672409 0.840187
vt 0.669970 0.840187
vt 0.668378 0.788631
vt 0.673858 0.840187
vt 0.672642 0.842299
vt 0.669763 0.842299
vt 0.668378 0.840187
vt 0.674353 0.842299
vt 0.673349 0.844529
vt 0.669134 0.844529
vt 0.667884 0.842299
vt 0.675854 0.844529
vt 0.674993 0.846527
vt 0.667671 0.846527
vt 0.666382 0.844529
vt 0.974507 0.785688
vt 0.977734 0.785688
vt 0.977734 0.790431
vt 0.974507 0.790431
vt 0.980847 0.785688
vt 0.980847 0.790431
vt 0.977677 0.792273
vt 0.975440 0.792273
vt 0.979835 0.792273
vt 0.977677 0.843829
vt 0.975440 0.843829
vt 0.979835 0.843829
vt 0.977701 0.845941
vt 0.975060 0.845941
vt 0.980248 0.845941
vt 0.977771 0.848172
vt 0.973905 0.848172
vt 0.981501 0.848172
vt 0.977935 0.850169
vt 0.971219 0.850169
vt 0.984412 0.850169
vt 0.345912 0.363823
vt 0.345912 0.263506
vt 0.346538 0.263506
vt 0.346538 0.363823
vt 0.330279 0.369288
vt 0.330279 0.268970
vt 0.330906 0.268970
vt 0.330906 0.369288
vt 0.410053 0.672657
vt 0.410053 0.591733
vt 0.420084 0.591733
vt 0.420084 0.672657
vt 0.404534 0.672657
vt 0.404534 0.591733
vt 0.420084 0.591733
vt 0.420084 0.672657
vt 0.443533 0.672657
vt 0.433502 0.672657
vt 0.433502 0.591733
vt 0.443533 0.591733
vt 0.427983 0.672657
vt 0.427983 0.591733
vt 0.767954 0.802081
vt 0.771473 0.802081
vt 0.771473 0.806824
vt 0.767954 0.806824
vt 0.773563 0.802081
vt 0.773563 0.806824
vt 0.770901 0.808666
vt 0.768462 0.808666
vt 0.765657 0.802081
vt 0.765657 0.806824
vt 0.772350 0.808666
vt 0.770901 0.860222
vt 0.768462 0.860222
vt 0.766870 0.808666
vt 0.772350 0.860222
vt 0.771134 0.862334
vt 0.768255 0.862334
vt 0.766870 0.860222
vt 0.772845 0.862334
vt 0.771841 0.864564
vt 0.767626 0.864564
vt 0.766376 0.862334
vt 0.774347 0.864564
vt 0.775821 0.866562
vt 0.764086 0.866562
vt 0.764874 0.864564
vt 0.804409 0.802374
vt 0.807636 0.802374
vt 0.807636 0.807117
vt 0.804409 0.807117
vt 0.810749 0.802374
vt 0.810749 0.807117
vt 0.807579 0.808959
vt 0.805342 0.808959
vt 0.809737 0.808959
vt 0.807579 0.860515
vt 0.805342 0.860515
vt 0.809737 0.860515
vt 0.807602 0.862627
vt 0.804962 0.862627
vt 0.810149 0.862627
vt 0.807673 0.864858
vt 0.803806 0.864858
vt 0.811402 0.864858
vt 0.808069 0.866855
vt 0.797306 0.866855
vt 0.807076 0.974621
vt 0.815070 0.974621
vt 0.815070 0.983970
vt 0.807076 0.983970
vt 0.807076 0.969477
vt 0.812370 0.969477
vt 0.812370 0.983970
vt 0.807076 0.983970
vt 0.918459 0.977970
vt 0.926453 0.977970
vt 0.926453 0.987320
vt 0.918459 0.987320
vt 0.921160 0.972826
vt 0.926453 0.972826
vt 0.926453 0.987320
vt 0.921160 0.987320
vt 0.590173 0.849786
vt 0.613670 0.849786
vt 0.613670 0.913185
vt 0.590173 0.913185
vt 0.656659 0.851022
vt 0.656659 0.914421
vt 0.633162 0.914421
vt 0.633162 0.851022
vt 0.891102 0.718800
vt 0.891102 0.641886
vt 0.893478 0.641886
vt 0.893478 0.718800
vt 0.896637 0.641886
vt 0.896637 0.718800
vt 0.897856 0.643392
vt 0.897856 0.717295
vt 0.908377 0.719116
vt 0.908377 0.645213
vt 0.911535 0.645213
vt 0.911535 0.719116
vt 0.907157 0.643708
vt 0.910315 0.643708
vt 0.907157 0.720622
vt 0.910315 0.720622
vt 0.904780 0.645213
vt 0.904780 0.643708
vt 0.904780 0.719116
vt 0.904780 0.720622
vt 0.353384 0.674477
vt 0.353384 0.593554
vt 0.363415 0.593554
vt 0.363415 0.674477
vt 0.347866 0.674477
vt 0.347866 0.593554
vt 0.363415 0.593554
vt 0.363415 0.674477
vt 0.117200 0.676299
vt 0.107169 0.676299
vt 0.107169 0.595375
vt 0.117200 0.595375
vt 0.101651 0.676299
vt 0.101651 0.595375
vt 0.968070 0.004793
vt 0.968259 0.004793
vt 0.968259 0.014663
vt 0.968070 0.014663
vt 0.968409 0.004793
vt 0.968409 0.014663
vt 0.967860 0.004793
vt 0.967860 0.014663
vt 0.967651 0.004793
vt 0.967651 0.014663
vt 0.967461 0.004793
vt 0.967461 0.014663
vt 0.967311 0.004793
vt 0.967311 0.014663
vt 0.447674 0.002971
vt 0.447863 0.002971
vt 0.447863 0.012841
vt 0.447674 0.012841
vt 0.448073 0.002971
vt 0.448073 0.012841
vt 0.447524 0.002971
vt 0.447524 0.012841
vt 0.448283 0.002971
vt 0.448283 0.012841
vt 0.448472 0.002971
vt 0.448472 0.012841
vt 0.448622 0.002971
vt 0.448622 0.012841
vt 0.002751 0.979220
vt 0.002940 0.979220
vt 0.002940 0.989090
vt 0.002751 0.989090
vt 0.003090 0.979220
vt 0.003090 0.989090
vt 0.002541 0.979220
vt 0.002541 0.989090
vt 0.002331 0.979220
vt 0.002331 0.989090
vt 0.002142 0.979220
vt 0.002142 0.989090
vt 0.001992 0.979220
vt 0.001992 0.989090
vt 0.600093 0.977983
vt 0.600282 0.977983
vt 0.600282 0.987853
vt 0.600093 0.987853
vt 0.600492 0.977983
vt 0.600492 0.987853
vt 0.599943 0.977983
vt 0.599943 0.987853
vt 0.600702 0.977983
vt 0.600702 0.987853
vt 0.600891 0.977983
vt 0.600891 0.987853
vt 0.601041 0.977983
vt 0.601041 0.987853
vt 0.336141 0.003993
vt 0.336141 0.003183
vt 0.339742 0.003183
vt 0.339742 0.003993
vt 0.336141 0.002540
vt 0.339742 0.002540
vt 0.336141 0.004891
vt 0.339742 0.004891
vt 0.336141 0.005790
vt 0.339742 0.005790
vt 0.336141 0.006600
vt 0.339742 0.006600
vt 0.336141 0.007243
vt 0.339742 0.007243
vt 0.379131 0.995599
vt 0.379131 0.994789
vt 0.382732 0.994789
vt 0.382732 0.995599
vt 0.379131 0.993891
vt 0.382732 0.993891
vt 0.379131 0.996242
vt 0.382732 0.996242
vt 0.379131 0.992993
vt 0.382732 0.992993
vt 0.379131 0.992183
vt 0.382732 0.992183
vt 0.379131 0.991540
vt 0.382732 0.991540
vt 0.430239 0.992687
vt 0.430239 0.993679
vt 0.427983 0.993679
vt 0.427983 0.992687
vt 0.430239 0.994780
vt 0.427983 0.994780
vt 0.430239 0.991899
vt 0.427983 0.991899
vt 0.430239 0.995880
vt 0.427983 0.995880
vt 0.430239 0.996873
vt 0.427983 0.996873
vt 0.430239 0.997661
vt 0.427983 0.997661
vt 0.230922 0.995904
vt 0.230922 0.996897
vt 0.228667 0.996897
vt 0.228667 0.995904
vt 0.230922 0.997685
vt 0.228667 0.997685
vt 0.230922 0.994804
vt 0.228667 0.994804
vt 0.230922 0.993703
vt 0.228667 0.993703
vt 0.230922 0.992711
vt 0.228667 0.992711
vt 0.230922 0.991923
vt 0.228667 0.991923
vt 0.477700 0.001992
vt 0.477889 0.001992
vt 0.477966 0.004479
vt 0.477740 0.004479
vt 0.478039 0.001992
vt 0.478145 0.004479
vt 0.477966 0.006966
vt 0.477740 0.006966
vt 0.477490 0.001992
vt 0.477490 0.004479
vt 0.478145 0.006966
vt 0.477889 0.009453
vt 0.477700 0.009453
vt 0.477490 0.006966
vt 0.477281 0.001992
vt 0.477240 0.004479
vt 0.478039 0.009453
vt 0.477490 0.009453
vt 0.477240 0.006966
vt 0.477091 0.001992
vt 0.477015 0.004479
vt 0.477281 0.009453
vt 0.477015 0.006966
vt 0.476941 0.001992
vt 0.476836 0.004479
vt 0.477091 0.009453
vt 0.476836 0.006966
vt 0.476941 0.009453
vt 0.042128 0.992987
vt 0.041938 0.992987
vt 0.041979 0.990500
vt 0.042204 0.990500
vt 0.041729 0.992987
vt 0.041729 0.990500
vt 0.041979 0.988013
vt 0.042204 0.988013
vt 0.042278 0.992987
vt 0.042383 0.990500
vt 0.041519 0.992987
vt 0.041479 0.990500
vt 0.041729 0.988013
vt 0.041938 0.985526
vt 0.042128 0.985526
vt 0.042383 0.988013
vt 0.041330 0.992987
vt 0.041253 0.990500
vt 0.041479 0.988013
vt 0.041729 0.985526
vt 0.042278 0.985526
vt 0.041180 0.992987
vt 0.041074 0.990500
vt 0.041253 0.988013
vt 0.041519 0.985526
vt 0.041074 0.988013
vt 0.041330 0.985526
vt 0.041180 0.985526
vt 0.965673 0.745847
vt 0.965673 0.753410
vt 0.949724 0.753410
vt 0.949724 0.745847
vt 0.975289 0.745847
vt 0.975289 0.753410
vt 0.949724 0.703492
vt 0.965673 0.703492
vt 0.975289 0.703492
vt 0.976010 0.753410
vt 0.976010 0.745847
vt 0.975289 0.767174
vt 0.965673 0.767174
vt 0.976010 0.704163
vt 0.976010 0.767174
vt 0.975289 0.775149
vt 0.965673 0.775149
vt 0.976010 0.774478
vt 0.953621 0.775149
vt 0.953621 0.767174
vt 0.715800 0.753410
vt 0.715800 0.745847
vt 0.731749 0.745847
vt 0.731749 0.753410
vt 0.706184 0.753410
vt 0.706184 0.745847
vt 0.715800 0.703492
vt 0.731749 0.703492
vt 0.715800 0.767174
vt 0.706184 0.767174
vt 0.705464 0.753410
vt 0.705464 0.745847
vt 0.706184 0.703492
vt 0.715800 0.775149
vt 0.706184 0.775149
vt 0.705464 0.767174
vt 0.705464 0.704163
vt 0.727852 0.767174
vt 0.727852 0.775149
vt 0.705464 0.774478
vt 0.899874 0.989945
vt 0.899874 0.996790
vt 0.898918 0.996790
vt 0.898918 0.989945
vt 0.392810 0.989097
vt 0.392810 0.982253
vt 0.393766 0.982253
vt 0.393766 0.989097
vt 0.412351 0.942555
vt 0.412351 0.900200
vt 0.413425 0.900200
vt 0.413425 0.942555
vt 0.421241 0.900200
vt 0.421241 0.942555
vt 0.420167 0.942555
vt 0.420167 0.900200
vt 0.103605 0.944376
vt 0.103605 0.902021
vt 0.106235 0.902021
vt 0.106235 0.944376
vt 0.090602 0.903842
vt 0.090602 0.946197
vt 0.087972 0.946197
vt 0.087972 0.903842
vt 0.077787 0.991114
vt 0.077787 0.995319
vt 0.074293 0.995319
vt 0.074293 0.991114
vt 0.570217 0.995904
vt 0.566723 0.995904
vt 0.566723 0.991698
vt 0.570217 0.991698
vt 0.741763 0.803902
vt 0.745281 0.803902
vt 0.745281 0.808645
vt 0.741763 0.808645
vt 0.747372 0.803902
vt 0.747372 0.808645
vt 0.744710 0.810487
vt 0.742271 0.810487
vt 0.739466 0.803902
vt 0.739466 0.808645
vt 0.746159 0.810487
vt 0.744710 0.862044
vt 0.742271 0.862044
vt 0.740679 0.810487
vt 0.746159 0.862044
vt 0.744943 0.864156
vt 0.742064 0.864156
vt 0.740679 0.862044
vt 0.746654 0.864156
vt 0.745650 0.866386
vt 0.741435 0.866386
vt 0.740185 0.864156
vt 0.748155 0.866386
vt 0.747294 0.868383
vt 0.739973 0.868383
vt 0.738683 0.866386
vt 0.822088 0.804195
vt 0.825315 0.804195
vt 0.825315 0.808939
vt 0.822088 0.808939
vt 0.828428 0.804195
vt 0.828428 0.808939
vt 0.825259 0.810780
vt 0.823022 0.810780
vt 0.827416 0.810780
vt 0.825259 0.862337
vt 0.823022 0.862337
vt 0.827416 0.862337
vt 0.825282 0.864449
vt 0.822641 0.864449
vt 0.827829 0.864449
vt 0.825352 0.866679
vt 0.821486 0.866679
vt 0.829082 0.866679
vt 0.825516 0.868676
vt 0.818801 0.868676
vt 0.831994 0.868676
vt 0.312456 0.286032
vt 0.304876 0.286032
vt 0.304876 0.004844
vt 0.312456 0.004844
vt 0.332170 0.035397
vt 0.332170 0.255479
vt 0.348154 0.035397
vt 0.348154 0.255479
vt 0.355682 0.286032
vt 0.355682 0.004844
vt 0.363262 0.004844
vt 0.363262 0.286032
vt 0.382976 0.035397
vt 0.382976 0.255479
vt 0.398960 0.035397
vt 0.398960 0.255479
vt 0.777765 0.255960
vt 0.777765 0.004092
vt 0.799121 0.004092
vt 0.799121 0.255960
vt 0.805122 0.255960
vt 0.805122 0.004092
vt 0.826478 0.004092
vt 0.826478 0.255960
vt 0.128664 0.676299
vt 0.128664 0.595375
vt 0.138695 0.595375
vt 0.138695 0.676299
vt 0.123146 0.676299
vt 0.123146 0.595375
vt 0.138695 0.595375
vt 0.138695 0.676299
vt 0.160190 0.676299
vt 0.150159 0.676299
vt 0.150159 0.595375
vt 0.160190 0.595375
vt 0.144641 0.676299
vt 0.144641 0.595375
vt 0.871230 0.878578
vt 0.874631 0.878578
vt 0.874631 0.883321
vt 0.871230 0.883321
vt 0.873870 0.885163
vt 0.871513 0.885163
vt 0.868397 0.878578
vt 0.868397 0.883321
vt 0.873870 0.936719
vt 0.871513 0.936719
vt 0.869549 0.885163
vt 0.874180 0.938832
vt 0.871397 0.938832
vt 0.869549 0.936719
vt 0.875122 0.941062
vt 0.871047 0.941062
vt 0.869079 0.938832
vt 0.867653 0.941062
vt 0.846602 0.880399
vt 0.850061 0.880399
vt 0.850061 0.885143
vt 0.846602 0.885143
vt 0.852730 0.880399
vt 0.852730 0.885143
vt 0.849688 0.886984
vt 0.847290 0.886984
vt 0.851538 0.886984
vt 0.849688 0.938541
vt 0.847290 0.938541
vt 0.851538 0.938541
vt 0.849840 0.940653
vt 0.847009 0.940653
vt 0.852024 0.940653
vt 0.850303 0.942883
vt 0.846158 0.942883
vt 0.853500 0.942883
vt 0.094664 0.832809
vt 0.099128 0.832809
vt 0.099128 0.896208
vt 0.094664 0.896208
vt 0.101911 0.832809
vt 0.101911 0.896208
vt 0.091880 0.832809
vt 0.060615 0.825523
vt 0.064637 0.825523
vt 0.064637 0.888923
vt 0.060615 0.888923
vt 0.068659 0.825523
vt 0.068659 0.888923
vt 0.068659 0.889507
vt 0.064637 0.889507
vt 0.810984 0.995601
vt 0.810984 0.991048
vt 0.811611 0.991048
vt 0.811611 0.995601
vt 0.997249 0.009115
vt 0.997249 0.013810
vt 0.996623 0.013810
vt 0.996623 0.009115
vt 0.996623 0.016404
vt 0.997249 0.006234
vt 0.996623 0.006234
vt 0.541320 0.851607
vt 0.564817 0.851607
vt 0.564817 0.915006
vt 0.541320 0.915006
vt 0.969313 0.854664
vt 0.969313 0.918063
vt 0.945816 0.918063
vt 0.945816 0.854664
vt 0.168090 0.832809
vt 0.172245 0.832809
vt 0.172245 0.896208
vt 0.176111 0.832809
vt 0.176111 0.896208
vt 0.079284 0.825523
vt 0.083735 0.825523
vt 0.083736 0.888923
vt 0.079284 0.888923
vt 0.086250 0.825523
vt 0.086250 0.888923
vt 0.076247 0.825523
vt 0.076247 0.888923
vt 0.086250 0.889507
vt 0.083736 0.889507
vt 0.510055 0.990562
vt 0.510055 0.985429
vt 0.510682 0.985429
vt 0.510682 0.990562
vt 0.510055 0.993349
vt 0.510682 0.993349
vt 0.371941 0.989411
vt 0.371315 0.993284
vt 0.371315 0.989411
vt 0.371941 0.985494
vt 0.371315 0.985494
vt 0.803168 0.727524
vt 0.803168 0.650610
vt 0.805545 0.650610
vt 0.805545 0.727524
vt 0.808703 0.650610
vt 0.808703 0.727524
vt 0.809922 0.652116
vt 0.809922 0.726019
vt 0.863433 0.729369
vt 0.863433 0.655466
vt 0.866591 0.655466
vt 0.866591 0.729369
vt 0.862213 0.653960
vt 0.865371 0.653960
vt 0.862213 0.730874
vt 0.865371 0.730874
vt 0.859837 0.655466
vt 0.859837 0.653960
vt 0.859837 0.729369
vt 0.859837 0.730874
vt 0.170044 0.979792
vt 0.178038 0.979792
vt 0.178038 0.989142
vt 0.170044 0.989142
vt 0.170044 0.974648
vt 0.175338 0.974648
vt 0.175338 0.989142
vt 0.170044 0.989142
vt 0.777765 0.976397
vt 0.785759 0.976397
vt 0.785759 0.985746
vt 0.777765 0.985746
vt 0.780465 0.971253
vt 0.785759 0.971253
vt 0.785759 0.985746
vt 0.780465 0.985746
vt 0.695871 0.845254
vt 0.695871 0.780224
vt 0.705902 0.780224
vt 0.705902 0.845254
vt 0.711421 0.780224
vt 0.711421 0.845254
vt 0.640635 0.780224
vt 0.640635 0.845254
vt 0.635117 0.845254
vt 0.635117 0.780224
vt 0.992714 0.783282
vt 0.992714 0.718252
vt 0.998008 0.718252
vt 0.998008 0.783282
vt 0.056532 0.986086
vt 0.056664 0.989366
vt 0.052945 0.987853
vt 0.053995 0.991506
vt 0.053699 0.984137
vt 0.050535 0.990896
vt 0.050298 0.984987
vt 0.048890 0.987995
vt 0.138362 0.964180
vt 0.138104 0.971004
vt 0.131082 0.967327
vt 0.132559 0.975059
vt 0.133138 0.959725
vt 0.125902 0.973292
vt 0.126366 0.960995
vt 0.123146 0.967033
vt 0.756402 0.974455
vt 0.753897 0.977619
vt 0.750408 0.976966
vt 0.754758 0.971797
vt 0.754989 0.981417
vt 0.752304 0.983171
vt 0.108311 0.978150
vt 0.105559 0.975170
vt 0.107021 0.972419
vt 0.111800 0.977288
vt 0.107526 0.982013
vt 0.110438 0.983600
vt 0.106273 0.981220
vt 0.106809 0.978581
vt 0.146643 0.385985
vt 0.123146 0.385985
vt 0.123146 0.290342
vt 0.146643 0.290343
vt 0.152457 0.292456
vt 0.175954 0.292456
vt 0.175954 0.388098
vt 0.152457 0.388099
vt 0.352201 0.989837
vt 0.347849 0.988911
vt 0.351056 0.985162
vt 0.345912 0.985163
vt 0.355691 0.987243
vt 0.347849 0.981414
vt 0.355691 0.983082
vt 0.352201 0.980488
vt 0.579441 0.988440
vt 0.578448 0.984384
vt 0.583463 0.985451
vt 0.581231 0.981131
vt 0.583463 0.990246
vt 0.578448 0.983421
vt 0.581231 0.980168
vt 0.585695 0.981131
vt 0.587485 0.988440
vt 0.585695 0.980168
vt 0.588479 0.984384
vt 0.588479 0.983421
vt 0.322463 0.986194
vt 0.325953 0.983600
vt 0.326986 0.983600
vt 0.323496 0.986194
vt 0.325953 0.979439
vt 0.326986 0.979439
vt 0.322463 0.976845
vt 0.323496 0.976845
vt 0.995749 0.121390
vt 0.971219 0.121390
vt 0.971219 0.021072
vt 0.995749 0.021072
vt 0.952759 0.225706
vt 0.928230 0.225706
vt 0.928230 0.125388
vt 0.952759 0.125388
vt 0.984329 0.539026
vt 0.979036 0.539026
vt 0.979036 0.458103
vt 0.984329 0.458103
vt 0.987030 0.458103
vt 0.987030 0.539026
vt 0.893056 0.545797
vt 0.893056 0.464874
vt 0.898350 0.464874
vt 0.898350 0.545797
vt 0.689492 0.622998
vt 0.689492 0.696901
vt 0.687877 0.698406
vt 0.687877 0.621492
vt 0.714756 0.674975
vt 0.714756 0.646545
vt 0.492646 0.971105
vt 0.484652 0.971105
vt 0.484652 0.961755
vt 0.492646 0.961755
vt 0.492646 0.976248
vt 0.487352 0.976248
vt 0.487352 0.956611
vt 0.492646 0.956611
vt 0.500285 0.964074
vt 0.508279 0.964074
vt 0.508279 0.973423
vt 0.500285 0.973423
vt 0.502985 0.958930
vt 0.508279 0.958930
vt 0.508279 0.978567
vt 0.502985 0.978567
vt 0.972999 0.986899
vt 0.973131 0.990179
vt 0.969412 0.988666
vt 0.970462 0.992319
vt 0.970166 0.984950
vt 0.967002 0.991709
vt 0.966765 0.985800
vt 0.965357 0.988808
vt 0.808614 0.948927
vt 0.808356 0.959865
vt 0.801334 0.953971
vt 0.802811 0.966364
vt 0.803390 0.941787
vt 0.796154 0.963531
vt 0.796618 0.943822
vt 0.793398 0.953499
vt 0.208354 0.974826
vt 0.205849 0.977989
vt 0.197401 0.977337
vt 0.204374 0.972168
vt 0.206941 0.981787
vt 0.200441 0.983541
vt 0.562815 0.983462
vt 0.566545 0.981624
vt 0.573594 0.983211
vt 0.563212 0.986212
vt 0.567329 0.977761
vt 0.575777 0.976899
vt 0.565292 0.980831
vt 0.565828 0.978192
vt 0.564578 0.974781
vt 0.568117 0.972030
vt 0.805869 0.475459
vt 0.811162 0.475459
vt 0.811162 0.556382
vt 0.805869 0.556382
vt 0.803168 0.556382
vt 0.803168 0.475459
vt 0.404534 0.571189
vt 0.404534 0.490265
vt 0.409828 0.490265
vt 0.409828 0.571189
vt 0.754494 0.962951
vt 0.746499 0.953601
vt 0.754494 0.953601
vt 0.749200 0.948457
vt 0.754494 0.948457
vt 0.426207 0.957658
vt 0.426207 0.967007
vt 0.418213 0.967007
vt 0.426207 0.972151
vt 0.420914 0.972151
vt 0.070385 0.953563
vt 0.078380 0.953563
vt 0.070385 0.962912
vt 0.070385 0.948419
vt 0.075679 0.948419
vt 0.099697 0.955388
vt 0.107691 0.955388
vt 0.107691 0.964738
vt 0.099697 0.972189
vt 0.102397 0.950245
vt 0.107691 0.950245
vt 0.515917 0.962274
vt 0.523912 0.962274
vt 0.523912 0.971623
vt 0.515917 0.971623
vt 0.515917 0.957130
vt 0.521211 0.957130
vt 0.521211 0.976767
vt 0.515917 0.976767
vt 0.371493 0.974726
vt 0.363499 0.974726
vt 0.363499 0.965377
vt 0.371493 0.965377
vt 0.368792 0.979870
vt 0.363499 0.979870
vt 0.363499 0.960233
vt 0.368792 0.960233
vt 0.238098 0.597987
vt 0.238098 0.673695
vt 0.236483 0.675200
vt 0.236483 0.596482
vt 0.263362 0.650147
vt 0.263362 0.619913
vt 0.895756 0.554661
vt 0.901050 0.554661
vt 0.901050 0.635585
vt 0.895756 0.635585
vt 0.893056 0.635585
vt 0.893056 0.554661
vt 0.937431 0.555220
vt 0.937431 0.636143
vt 0.932138 0.636143
vt 0.932138 0.555220
vt 0.965357 0.956321
vt 0.965357 0.924465
vt 0.997598 0.924465
vt 0.997598 0.956321
vt 0.942884 0.935098
vt 0.942884 0.966954
vt 0.910643 0.966954
vt 0.910643 0.935098
vt 0.960576 0.345560
vt 0.936046 0.345560
vt 0.936046 0.245243
vt 0.960576 0.245243
vt 0.991841 0.347594
vt 0.967311 0.347594
vt 0.967311 0.247276
vt 0.991841 0.247276
vt 0.256024 0.292363
vt 0.272614 0.292363
vt 0.272614 0.388006
vt 0.256024 0.388006
vt 0.296063 0.386078
vt 0.279473 0.386078
vt 0.279473 0.290435
vt 0.296063 0.290435
vt 0.070385 0.894902
vt 0.083191 0.894902
vt 0.083191 0.942541
vt 0.070385 0.942541
vt 0.283381 0.947388
vt 0.283381 0.899749
vt 0.296186 0.899749
vt 0.296186 0.947388
vt 0.215995 0.939778
vt 0.215995 0.898948
vt 0.217988 0.898948
vt 0.217988 0.939778
vt 0.214988 0.943182
vt 0.214988 0.895543
vt 0.003985 0.897048
vt 0.003985 0.937878
vt 0.001992 0.937878
vt 0.001992 0.897048
vt 0.004992 0.893643
vt 0.004992 0.941283
vt 0.164182 0.944997
vt 0.164182 0.904386
vt 0.166891 0.904386
vt 0.166891 0.944997
vt 0.479545 0.913685
vt 0.479545 0.954296
vt 0.476836 0.954296
vt 0.476836 0.913685
vt 0.443616 0.945168
vt 0.443616 0.897529
vt 0.450006 0.897529
vt 0.450006 0.945168
vt 0.429937 0.900766
vt 0.436327 0.900766
vt 0.436327 0.948406
vt 0.429937 0.948406
vt 0.859837 0.924060
vt 0.859837 0.878092
vt 0.860873 0.878092
vt 0.860873 0.924060
vt 0.860873 0.924896
vt 0.859837 0.924896
vt 0.457295 0.946969
vt 0.457295 0.901002
vt 0.458331 0.901002
vt 0.458331 0.946969
vt 0.458331 0.947805
vt 0.457295 0.947805
vt 0.443429 0.990421
vt 0.443429 0.994610
vt 0.441662 0.994610
vt 0.441662 0.990421
vt 0.592127 0.996317
vt 0.592127 0.992128
vt 0.593893 0.992128
vt 0.593893 0.996317
vt 0.455341 0.005463
vt 0.455341 0.003250
vt 0.455341 0.003942
vt 0.455341 0.005341
vt 0.456413 0.003942
vt 0.456413 0.005341
vt 0.945816 0.992248
vt 0.945816 0.994461
vt 0.945816 0.994338
vt 0.945816 0.992940
vt 0.191539 0.991415
vt 0.191539 0.990017
vt 0.192612 0.990017
vt 0.192612 0.991415
vt 0.808462 0.643881
vt 0.803168 0.643881
vt 0.803168 0.562957
vt 0.808462 0.562957
vt 0.811162 0.562957
vt 0.811162 0.643881
vt 0.972605 0.555761
vt 0.972605 0.636684
vt 0.967311 0.636684
vt 0.967311 0.555761
vt 0.435800 0.362115
vt 0.452390 0.362115
vt 0.452390 0.457758
vt 0.435800 0.457758
vt 0.811942 0.465677
vt 0.795352 0.465677
vt 0.795352 0.370034
vt 0.811942 0.370034
vt 0.404116 0.979748
vt 0.408469 0.980674
vt 0.405261 0.984423
vt 0.410405 0.984423
vt 0.400626 0.982342
vt 0.408469 0.988172
vt 0.400626 0.986503
vt 0.404116 0.989097
vt 0.725152 0.980183
vt 0.721130 0.983173
vt 0.723362 0.987493
vt 0.721130 0.978378
vt 0.726146 0.985203
vt 0.723362 0.988456
vt 0.718898 0.987493
vt 0.717108 0.980183
vt 0.718326 0.988158
vt 0.716115 0.984240
vt 0.716075 0.980183
vt 0.720960 0.977802
vt 0.715234 0.984400
vt 0.125360 0.982302
vt 0.124367 0.978246
vt 0.125400 0.978246
vt 0.126241 0.982462
vt 0.120345 0.976440
vt 0.120515 0.975865
vt 0.122577 0.985555
vt 0.123149 0.986220
vt 0.118113 0.985555
vt 0.118113 0.986518
vt 0.631069 0.696901
vt 0.631069 0.622998
vt 0.632684 0.621493
vt 0.632684 0.698407
vt 0.605805 0.644924
vt 0.605805 0.673354
vt 0.150930 0.989721
vt 0.146578 0.988796
vt 0.149785 0.985047
vt 0.144641 0.985047
vt 0.154420 0.987127
vt 0.146578 0.981298
vt 0.154420 0.982966
vt 0.150930 0.980372
vt 0.454380 0.989288
vt 0.453386 0.985232
vt 0.458402 0.986299
vt 0.456170 0.981979
vt 0.458402 0.991094
vt 0.453386 0.984269
vt 0.456170 0.981016
vt 0.460634 0.981979
vt 0.462424 0.989288
vt 0.460634 0.981016
vt 0.463417 0.985232
vt 0.463417 0.984269
vt 0.646841 0.987669
vt 0.650331 0.985075
vt 0.651364 0.985075
vt 0.647874 0.987669
vt 0.650331 0.980914
vt 0.651364 0.980914
vt 0.646841 0.978320
vt 0.647874 0.978320
vt 0.247884 0.982517
vt 0.252150 0.981291
vt 0.251383 0.986032
vt 0.255839 0.983635
vt 0.246253 0.986391
vt 0.256172 0.987784
vt 0.248485 0.989994
vt 0.252900 0.990614
vt 0.681141 0.984208
vt 0.676055 0.984923
vt 0.675670 0.989704
vt 0.678627 0.980770
vt 0.679309 0.989018
vt 0.675154 0.990538
vt 0.671804 0.987624
vt 0.674175 0.980459
vt 0.670952 0.987933
vt 0.671139 0.983509
vt 0.673281 0.979978
vt 0.678788 0.980192
vt 0.670290 0.983238
vt 0.192410 0.979748
vt 0.189373 0.976698
vt 0.190268 0.976217
vt 0.193258 0.979476
vt 0.184922 0.977009
vt 0.184760 0.976431
vt 0.191744 0.983863
vt 0.192597 0.984172
vt 0.187878 0.985943
vt 0.188395 0.986777
vt 0.435800 0.256836
vt 0.460330 0.256836
vt 0.460330 0.357154
vt 0.435800 0.357154
vt 0.857009 0.356035
vt 0.832479 0.356035
vt 0.832479 0.255718
vt 0.857009 0.255718
vt 0.611250 0.979275
vt 0.615602 0.980200
vt 0.612394 0.983949
vt 0.617539 0.983949
vt 0.607759 0.981869
vt 0.615602 0.987698
vt 0.607759 0.986030
vt 0.611250 0.988624
vt 0.958762 0.981845
vt 0.959755 0.985902
vt 0.954740 0.984835
vt 0.956972 0.989155
vt 0.954740 0.980040
vt 0.959755 0.986865
vt 0.956972 0.990118
vt 0.952508 0.989155
vt 0.950718 0.981845
vt 0.952508 0.990118
vt 0.949724 0.985902
vt 0.949724 0.986865
vt 0.164797 0.978921
vt 0.161307 0.981515
vt 0.160274 0.981515
vt 0.163764 0.978921
vt 0.161307 0.985676
vt 0.160274 0.985676
vt 0.164797 0.988270
vt 0.163764 0.988270
vt 0.251777 0.892816
vt 0.251777 0.938798
vt 0.250162 0.939713
vt 0.250162 0.891901
vt 0.277040 0.924496
vt 0.277040 0.906133
vt 0.009808 0.962002
vt 0.017803 0.962002
vt 0.017803 0.971352
vt 0.009808 0.971352
vt 0.009808 0.956858
vt 0.015102 0.956858
vt 0.015102 0.976495
vt 0.009808 0.976495
vt 0.023487 0.963828
vt 0.031481 0.963828
vt 0.031481 0.973177
vt 0.023487 0.973177
vt 0.026188 0.958684
vt 0.031481 0.958684
vt 0.031481 0.978321
vt 0.026188 0.978321
vt 0.988632 0.987851
vt 0.988763 0.991131
vt 0.985045 0.989618
vt 0.986095 0.993271
vt 0.985799 0.985902
vt 0.982635 0.992661
vt 0.982398 0.986752
vt 0.980990 0.989760
vt 0.689414 0.966010
vt 0.689157 0.972835
vt 0.682135 0.969157
vt 0.683611 0.976890
vt 0.684190 0.961556
vt 0.676954 0.975122
vt 0.677419 0.962826
vt 0.674198 0.968863
vt 0.095921 0.974445
vt 0.093416 0.977609
vt 0.089926 0.976956
vt 0.094277 0.971788
vt 0.094508 0.981407
vt 0.091822 0.983161
vt 0.841093 0.979961
vt 0.838342 0.976981
vt 0.839804 0.974230
vt 0.844583 0.979099
vt 0.840309 0.983824
vt 0.843221 0.985411
vt 0.839056 0.983031
vt 0.839592 0.980392
vt 0.869038 0.648309
vt 0.863745 0.648309
vt 0.863745 0.567385
vt 0.869038 0.567385
vt 0.871739 0.567385
vt 0.871739 0.648309
vt 0.879377 0.645972
vt 0.879377 0.565048
vt 0.884671 0.565048
vt 0.884671 0.645972
vt 0.402628 0.487294
vt 0.379131 0.487294
vt 0.379131 0.391651
vt 0.402628 0.391651
vt 0.482746 0.485318
vt 0.459249 0.485318
vt 0.459249 0.389675
vt 0.482746 0.389675
vt 0.736311 0.980349
vt 0.740663 0.981275
vt 0.737456 0.985024
vt 0.742600 0.985024
vt 0.732821 0.982944
vt 0.740663 0.988773
vt 0.732821 0.987105
vt 0.736311 0.989699
vt 0.636338 0.983302
vt 0.637331 0.987359
vt 0.632316 0.986292
vt 0.634548 0.990612
vt 0.632316 0.981497
vt 0.637331 0.988322
vt 0.634548 0.991575
vt 0.630084 0.990612
vt 0.628294 0.983302
vt 0.630084 0.991575
vt 0.627300 0.987359
vt 0.627300 0.988322
vt 0.291812 0.978574
vt 0.288322 0.981168
vt 0.287289 0.981168
vt 0.290779 0.978574
vt 0.288322 0.985329
vt 0.287289 0.985329
vt 0.291812 0.987924
vt 0.290779 0.987924
vt 0.269702 0.392870
vt 0.293199 0.392870
vt 0.293199 0.488513
vt 0.269702 0.488513
vt 0.076247 0.395742
vt 0.099745 0.395742
vt 0.099745 0.491385
vt 0.076247 0.491385
vt 0.047114 0.971377
vt 0.039120 0.971377
vt 0.039120 0.962028
vt 0.047114 0.962028
vt 0.047114 0.976521
vt 0.041820 0.976521
vt 0.041820 0.956884
vt 0.047114 0.956884
vt 0.062747 0.973151
vt 0.054753 0.973151
vt 0.054753 0.963802
vt 0.062747 0.963802
vt 0.060046 0.978295
vt 0.054753 0.978295
vt 0.054753 0.958658
vt 0.060046 0.958658
vt 0.052659 0.676379
vt 0.052659 0.600671
vt 0.054274 0.599166
vt 0.054274 0.677884
vt 0.027395 0.624219
vt 0.027395 0.654453
vt 0.308962 0.964759
vt 0.300968 0.955410
vt 0.308962 0.955410
vt 0.303668 0.950266
vt 0.308962 0.950266
vt 0.316600 0.966533
vt 0.316600 0.957184
vt 0.324595 0.957184
vt 0.316600 0.952040
vt 0.321894 0.952040
vt 0.471151 0.967029
vt 0.463157 0.967029
vt 0.471151 0.957680
vt 0.471151 0.972173
vt 0.465858 0.972173
vt 0.332233 0.957222
vt 0.340227 0.957222
vt 0.340227 0.966572
vt 0.332233 0.974023
vt 0.334934 0.952079
vt 0.340227 0.952079
vt 0.863745 0.257900
vt 0.881368 0.257900
vt 0.881368 0.358218
vt 0.863745 0.358218
vt 0.775811 0.261940
vt 0.793434 0.261940
vt 0.793434 0.362258
vt 0.775811 0.362258
vt 0.825744 0.362873
vt 0.801214 0.362873
vt 0.801214 0.262555
vt 0.825744 0.262555
vt 0.375223 0.273676
vt 0.399753 0.273676
vt 0.399753 0.373994
vt 0.375223 0.373994
vt 0.026341 0.390124
vt 0.001992 0.390124
vt 0.001992 0.290115
vt 0.026341 0.290115
vt 0.033258 0.288318
vt 0.057607 0.288318
vt 0.057607 0.388326
vt 0.033258 0.388326
vt 0.094012 0.964759
vt 0.086018 0.955410
vt 0.094012 0.955410
vt 0.088719 0.950266
vt 0.094012 0.950266
vt 0.443616 0.966534
vt 0.443616 0.957185
vt 0.451610 0.957185
vt 0.443616 0.952041
vt 0.448910 0.952041
vt 0.865877 0.968849
vt 0.857882 0.968849
vt 0.865877 0.959500
vt 0.865877 0.973993
vt 0.860583 0.973993
vt 0.949724 0.959043
vt 0.957719 0.959043
vt 0.957719 0.968393
vt 0.949724 0.975844
vt 0.952425 0.953899
vt 0.957719 0.953899
vt 0.064523 0.291429
vt 0.089053 0.291429
vt 0.089053 0.391437
vt 0.064523 0.391437
vt 0.118364 0.388834
vt 0.109337 0.388834
vt 0.109337 0.288825
vt 0.118364 0.288825
vt 0.093834 0.388834
vt 0.093834 0.288825
vt 0.754141 0.988855
vt 0.754273 0.992135
vt 0.750554 0.990623
vt 0.751604 0.994276
vt 0.751309 0.986907
vt 0.748145 0.993665
vt 0.747908 0.987756
vt 0.746499 0.990764
vt 0.814893 0.960957
vt 0.815150 0.950019
vt 0.822172 0.955913
vt 0.820696 0.943520
vt 0.820116 0.968097
vt 0.827353 0.946353
vt 0.826888 0.966062
vt 0.830108 0.956385
vt 0.213416 0.955728
vt 0.210022 0.953393
vt 0.210722 0.945519
vt 0.216268 0.952018
vt 0.205948 0.954410
vt 0.204065 0.948352
vt 0.213574 0.959657
vt 0.216525 0.962956
vt 0.204261 0.958014
vt 0.201309 0.958384
vt 0.212098 0.959070
vt 0.211990 0.956387
vt 0.210377 0.962222
vt 0.211301 0.970096
vt 0.206232 0.961491
vt 0.204530 0.968061
vt 0.797354 0.565944
vt 0.773857 0.565944
vt 0.773857 0.470301
vt 0.797354 0.470301
vt 0.299014 0.489517
vt 0.322511 0.489517
vt 0.322511 0.585160
vt 0.299014 0.585160
vt 0.709372 0.959513
vt 0.717366 0.968862
vt 0.709372 0.968862
vt 0.714666 0.974006
vt 0.709372 0.974006
vt 0.355860 0.961338
vt 0.355860 0.970688
vt 0.347866 0.970688
vt 0.355860 0.975832
vt 0.350566 0.975832
vt 0.283381 0.957245
vt 0.291375 0.957245
vt 0.283381 0.966594
vt 0.283381 0.952101
vt 0.288675 0.952101
vt 0.164360 0.970649
vt 0.156365 0.970649
vt 0.156365 0.961300
vt 0.164360 0.953849
vt 0.161659 0.975793
vt 0.156365 0.975793
vt 0.887019 0.988120
vt 0.887151 0.991400
vt 0.883432 0.989887
vt 0.884482 0.993540
vt 0.884186 0.986171
vt 0.881023 0.992930
vt 0.880785 0.987021
vt 0.879377 0.990029
vt 0.601480 0.966373
vt 0.601223 0.973197
vt 0.594201 0.969520
vt 0.595677 0.977252
vt 0.596256 0.961918
vt 0.589020 0.975485
vt 0.589485 0.963188
vt 0.586264 0.969225
vt 0.342136 0.976489
vt 0.339631 0.979653
vt 0.336141 0.979000
vt 0.340492 0.973832
vt 0.340723 0.983451
vt 0.338038 0.985205
vt 0.237280 0.980184
vt 0.234529 0.977204
vt 0.235991 0.974453
vt 0.240770 0.979322
vt 0.236496 0.984048
vt 0.239408 0.985634
vt 0.235243 0.983254
vt 0.235779 0.980615
vt 0.474881 0.285078
vt 0.492504 0.285078
vt 0.492504 0.385396
vt 0.474881 0.385396
vt 0.406488 0.285760
vt 0.424111 0.285760
vt 0.424111 0.386078
vt 0.406488 0.386078
vt 0.092627 0.584882
vt 0.097920 0.584882
vt 0.097920 0.665806
vt 0.092627 0.665806
vt 0.089926 0.665806
vt 0.089926 0.584882
vt 0.791443 0.650895
vt 0.791443 0.569971
vt 0.796737 0.569971
vt 0.796737 0.650895
vt 0.205043 0.988860
vt 0.205175 0.992139
vt 0.201456 0.990627
vt 0.202506 0.994280
vt 0.202210 0.986911
vt 0.199046 0.993670
vt 0.198809 0.987760
vt 0.197401 0.990768
vt 0.851604 0.955827
vt 0.851346 0.966765
vt 0.844324 0.960871
vt 0.845801 0.973264
vt 0.846380 0.948687
vt 0.839143 0.970431
vt 0.839608 0.950722
vt 0.836387 0.960399
vt 0.077430 0.976739
vt 0.074925 0.979903
vt 0.066477 0.979250
vt 0.073450 0.974082
vt 0.076017 0.983701
vt 0.069516 0.985455
vt 0.435800 0.984768
vt 0.439529 0.982930
vt 0.446578 0.984517
vt 0.436196 0.987518
vt 0.440313 0.979067
vt 0.448761 0.978205
vt 0.438276 0.982137
vt 0.438812 0.979498
vt 0.437562 0.976087
vt 0.441102 0.973336
vt 0.492129 0.621664
vt 0.492129 0.697372
vt 0.490514 0.698878
vt 0.490514 0.620159
vt 0.517393 0.673825
vt 0.517393 0.643590
vt 0.666242 0.698235
vt 0.666242 0.622527
vt 0.667857 0.621022
vt 0.667857 0.699740
vt 0.640979 0.646075
vt 0.640979 0.676309
vt 0.081541 0.668344
vt 0.076247 0.668344
vt 0.076247 0.587421
vt 0.081541 0.587421
vt 0.084242 0.587421
vt 0.084242 0.668344
vt 0.291197 0.671471
vt 0.291197 0.590548
vt 0.296491 0.590548
vt 0.296491 0.671471
vt 0.199403 0.591112
vt 0.175906 0.591112
vt 0.175906 0.495469
vt 0.199403 0.495469
vt 0.230669 0.589135
vt 0.207172 0.589135
vt 0.207172 0.493492
vt 0.230669 0.493492
vt 0.988666 0.706007
vt 0.988666 0.632105
vt 0.990282 0.630599
vt 0.990282 0.707513
vt 0.963403 0.654030
vt 0.963403 0.682460
vt 0.477582 0.592168
vt 0.482876 0.592168
vt 0.482876 0.673091
vt 0.477582 0.673091
vt 0.474881 0.673091
vt 0.474881 0.592168
vt 0.371315 0.672751
vt 0.371315 0.591828
vt 0.376609 0.591828
vt 0.376609 0.672751
vt 0.222078 0.991358
vt 0.222174 0.991534
vt 0.221529 0.991730
vt 0.222208 0.991730
vt 0.221928 0.991218
vt 0.222174 0.991925
vt 0.221739 0.991128
vt 0.222078 0.992102
vt 0.221529 0.991097
vt 0.221928 0.992242
vt 0.221319 0.991128
vt 0.221739 0.992332
vt 0.221130 0.991218
vt 0.221529 0.992362
vt 0.220980 0.991358
vt 0.221319 0.992332
vt 0.220883 0.991534
vt 0.221130 0.992242
vt 0.220850 0.991730
vt 0.220980 0.992102
vt 0.220883 0.991925
vt 0.872449 0.993845
vt 0.872639 0.993935
vt 0.872240 0.994447
vt 0.872789 0.994075
vt 0.872240 0.993815
vt 0.872885 0.994252
vt 0.872030 0.993845
vt 0.872918 0.994447
vt 0.871841 0.993935
vt 0.872885 0.994643
vt 0.871691 0.994075
vt 0.872789 0.994819
vt 0.871594 0.994252
vt 0.872639 0.994959
vt 0.871561 0.994447
vt 0.872449 0.995049
vt 0.871594 0.994643
vt 0.872240 0.995080
vt 0.871691 0.994819
vt 0.872030 0.995049
vt 0.871841 0.994959
vt 0.239665 0.991358
vt 0.239761 0.991534
vt 0.239116 0.991730
vt 0.239794 0.991730
vt 0.239515 0.991218
vt 0.239761 0.991925
vt 0.239325 0.991128
vt 0.239665 0.992102
vt 0.239116 0.991097
vt 0.239515 0.992242
vt 0.238906 0.991128
vt 0.239325 0.992332
vt 0.238717 0.991218
vt 0.239116 0.992363
vt 0.238567 0.991358
vt 0.238906 0.992332
vt 0.238470 0.991534
vt 0.238717 0.992242
vt 0.238437 0.991730
vt 0.238567 0.992102
vt 0.238470 0.991925
vt 0.413239 0.993845
vt 0.413428 0.993935
vt 0.413029 0.994447
vt 0.413578 0.994075
vt 0.413029 0.993814
vt 0.413675 0.994251
vt 0.412820 0.993845
vt 0.413708 0.994447
vt 0.412630 0.993935
vt 0.413675 0.994642
vt 0.412480 0.994075
vt 0.413578 0.994819
vt 0.412384 0.994251
vt 0.413428 0.994958
vt 0.412351 0.994447
vt 0.413239 0.995048
vt 0.412384 0.994642
vt 0.413029 0.995079
vt 0.412480 0.994819
vt 0.412820 0.995048
vt 0.412630 0.994958
vt 0.539847 0.986963
vt 0.540290 0.987773
vt 0.537325 0.988671
vt 0.540416 0.986578
vt 0.540958 0.987571
vt 0.540443 0.988671
vt 0.539158 0.986320
vt 0.539570 0.985790
vt 0.541145 0.988671
vt 0.540290 0.989570
vt 0.538288 0.985907
vt 0.538505 0.985285
vt 0.540958 0.989772
vt 0.539847 0.990380
vt 0.537325 0.985765
vt 0.537325 0.985110
vt 0.540416 0.990765
vt 0.539158 0.991023
vt 0.536361 0.985907
vt 0.536144 0.985285
vt 0.539570 0.991552
vt 0.538288 0.991436
vt 0.535492 0.986320
vt 0.535079 0.985790
vt 0.538505 0.992058
vt 0.537325 0.991578
vt 0.534802 0.986963
vt 0.534234 0.986578
vt 0.537325 0.992233
vt 0.536361 0.991436
vt 0.534359 0.987773
vt 0.533691 0.987571
vt 0.536144 0.992058
vt 0.535492 0.991023
vt 0.534206 0.988671
vt 0.533504 0.988671
vt 0.535079 0.991552
vt 0.534802 0.990380
vt 0.534359 0.989570
vt 0.533691 0.989772
vt 0.534234 0.990765
vt 0.109689 0.995346
vt 0.109246 0.996156
vt 0.106723 0.994448
vt 0.108556 0.996799
vt 0.109842 0.994448
vt 0.107687 0.997212
vt 0.109689 0.993549
vt 0.106723 0.997354
vt 0.109246 0.992739
vt 0.105760 0.997212
vt 0.108556 0.992096
vt 0.104890 0.996799
vt 0.107687 0.991683
vt 0.104200 0.996156
vt 0.106723 0.991541
vt 0.103757 0.995346
vt 0.105760 0.991683
vt 0.103605 0.994448
vt 0.104890 0.992096
vt 0.103757 0.993549
vt 0.104200 0.992739
vt 0.700083 0.996155
vt 0.700526 0.995345
vt 0.701193 0.995547
vt 0.700651 0.996540
vt 0.700678 0.994447
vt 0.701380 0.994447
vt 0.699393 0.996798
vt 0.699806 0.997328
vt 0.700526 0.993549
vt 0.701193 0.993346
vt 0.698523 0.997211
vt 0.698740 0.997834
vt 0.700083 0.992738
vt 0.700651 0.992354
vt 0.697560 0.997353
vt 0.697560 0.998008
vt 0.699393 0.992095
vt 0.699806 0.991566
vt 0.696596 0.997211
vt 0.696379 0.997834
vt 0.698523 0.991682
vt 0.698740 0.991060
vt 0.695727 0.996798
vt 0.695314 0.997328
vt 0.697560 0.991540
vt 0.697560 0.990886
vt 0.695037 0.996155
vt 0.694469 0.996540
vt 0.696596 0.991682
vt 0.696379 0.991060
vt 0.694594 0.995345
vt 0.693926 0.995547
vt 0.695727 0.992095
vt 0.695314 0.991566
vt 0.694441 0.994447
vt 0.693739 0.994447
vt 0.695037 0.992738
vt 0.694469 0.992354
vt 0.694594 0.993549
vt 0.693926 0.993346
vt 0.034132 0.993624
vt 0.033943 0.993624
vt 0.033983 0.991137
vt 0.034209 0.991137
vt 0.033733 0.993624
vt 0.033733 0.991137
vt 0.033983 0.988650
vt 0.034209 0.988650
vt 0.033523 0.993624
vt 0.033483 0.991137
vt 0.033733 0.988650
vt 0.033943 0.986163
vt 0.034132 0.986163
vt 0.033334 0.993624
vt 0.033257 0.991137
vt 0.033483 0.988650
vt 0.033733 0.986163
vt 0.033257 0.988650
vt 0.033523 0.986163
vt 0.033334 0.986163
vt 0.009885 0.983446
vt 0.010074 0.983446
vt 0.010034 0.985933
vt 0.009808 0.985933
vt 0.010284 0.983446
vt 0.010284 0.985933
vt 0.010034 0.988420
vt 0.009808 0.988420
vt 0.010494 0.983446
vt 0.010534 0.985933
vt 0.010284 0.988420
vt 0.010074 0.990907
vt 0.009885 0.990907
vt 0.010683 0.983446
vt 0.010760 0.985933
vt 0.010534 0.988420
vt 0.010284 0.990907
vt 0.010760 0.988420
vt 0.010494 0.990907
vt 0.010683 0.990907
vt 0.512575 0.953106
vt 0.512575 0.916713
vt 0.528524 0.916713
vt 0.528524 0.953106
vt 0.502959 0.916713
vt 0.502959 0.953106
vt 0.529598 0.916713
vt 0.529598 0.953106
vt 0.502239 0.917384
vt 0.502239 0.952435
vt 0.532228 0.916713
vt 0.532228 0.953106
vt 0.694055 0.917055
vt 0.694055 0.953449
vt 0.678107 0.953449
vt 0.678106 0.917055
vt 0.629254 0.958024
vt 0.629254 0.921630
vt 0.641307 0.921630
vt 0.641307 0.958024
vt 0.660847 0.918224
vt 0.660847 0.954618
vt 0.648795 0.954618
vt 0.648795 0.918224
vt 0.670463 0.918224
vt 0.670463 0.954618
vt 0.671184 0.918895
vt 0.671184 0.953946
vt 0.171998 0.932944
vt 0.171998 0.901708
vt 0.172954 0.901708
vt 0.172954 0.932944
vt 0.225715 0.914148
vt 0.225715 0.945384
vt 0.224758 0.945384
vt 0.224758 0.914148
vt 0.611464 0.917588
vt 0.611464 0.953982
vt 0.610390 0.953982
vt 0.610390 0.917588
vt 0.607759 0.953982
vt 0.607759 0.917588
vt 0.480744 0.991568
vt 0.480744 0.990567
vt 0.481593 0.990567
vt 0.481593 0.991568
vt 0.777765 0.994037
vt 0.777765 0.993036
vt 0.778614 0.993036
vt 0.778614 0.994037
vt 0.577343 0.993373
vt 0.577343 0.994374
vt 0.576494 0.994374
vt 0.576494 0.993373
vt 0.600792 0.991150
vt 0.600792 0.992152
vt 0.599943 0.992152
vt 0.599943 0.991150
vt 0.263840 0.981561
vt 0.268352 0.981561
vt 0.268352 0.989758
vt 0.263840 0.989758
vt 0.521779 0.983669
vt 0.526291 0.983669
vt 0.526291 0.991867
vt 0.521779 0.991867
vt 0.097568 0.989506
vt 0.097700 0.992786
vt 0.093981 0.991273
vt 0.095031 0.994926
vt 0.094735 0.987557
vt 0.091571 0.994316
vt 0.091334 0.988407
vt 0.089926 0.991415
vt 0.648378 0.968045
vt 0.648121 0.974869
vt 0.641099 0.971192
vt 0.642576 0.978924
vt 0.643155 0.963590
vt 0.635918 0.977157
vt 0.636383 0.964860
vt 0.633162 0.970897
vt 0.895142 0.976054
vt 0.892637 0.979217
vt 0.889148 0.978565
vt 0.893498 0.973396
vt 0.893729 0.983015
vt 0.891044 0.984770
vt 0.278316 0.979749
vt 0.275565 0.976769
vt 0.277027 0.974018
vt 0.281806 0.978887
vt 0.277532 0.983612
vt 0.280444 0.985199
vt 0.276279 0.982819
vt 0.276815 0.980180
vt 0.001992 0.002609
vt 0.297796 0.002609
vt 0.297796 0.283798
vt 0.001992 0.283798
vt 0.754388 0.240937
vt 0.522865 0.240937
vt 0.522865 0.020854
vt 0.754388 0.020854
vt 0.771106 0.256829
vt 0.506147 0.256829
vt 0.506147 0.004962
vt 0.771106 0.004962
vt 0.752434 0.277224
vt 0.520911 0.277224
vt 0.504193 0.261331
vt 0.769152 0.261331
vt 0.520911 0.497306
vt 0.504193 0.513199
vt 0.752434 0.497306
vt 0.769152 0.513199
vt 0.388333 0.674985
vt 0.383039 0.674985
vt 0.383039 0.594062
vt 0.388333 0.594062
vt 0.391034 0.594062
vt 0.391034 0.674985
vt 0.308216 0.591755
vt 0.308216 0.672678
vt 0.302922 0.672678
vt 0.302922 0.591755
vt 0.335967 0.990342
vt 0.336099 0.993621
vt 0.332380 0.992109
vt 0.333430 0.995762
vt 0.333134 0.988393
vt 0.329970 0.995152
vt 0.329733 0.989242
vt 0.328325 0.992250
vt 0.228667 0.964643
vt 0.228924 0.953705
vt 0.235946 0.959599
vt 0.234469 0.947205
vt 0.233890 0.971782
vt 0.241127 0.950038
vt 0.240662 0.969747
vt 0.243883 0.960071
vt 0.576876 0.955977
vt 0.573482 0.953642
vt 0.574182 0.945768
vt 0.579728 0.952267
vt 0.569408 0.954660
vt 0.567525 0.948601
vt 0.577034 0.959906
vt 0.579985 0.963205
vt 0.567721 0.958263
vt 0.564769 0.958633
vt 0.575558 0.959319
vt 0.575450 0.956636
vt 0.573837 0.962471
vt 0.574762 0.970345
vt 0.569692 0.961740
vt 0.567990 0.968310
vt 0.494849 0.990484
vt 0.490497 0.989558
vt 0.493704 0.985809
vt 0.488560 0.985809
vt 0.498339 0.987889
vt 0.490497 0.982060
vt 0.498339 0.983729
vt 0.494849 0.981134
vt 0.415298 0.985512
vt 0.419320 0.982522
vt 0.417088 0.978202
vt 0.419320 0.987317
vt 0.414305 0.980492
vt 0.417088 0.977239
vt 0.421552 0.978202
vt 0.423342 0.985512
vt 0.422125 0.977537
vt 0.424336 0.981455
vt 0.424375 0.985512
vt 0.419490 0.987893
vt 0.425216 0.981295
vt 0.471854 0.980646
vt 0.472848 0.984703
vt 0.471814 0.984703
vt 0.470973 0.980486
vt 0.476869 0.986508
vt 0.476699 0.987084
vt 0.474637 0.977393
vt 0.474065 0.976728
vt 0.479102 0.977393
vt 0.479102 0.976430
vt 0.238437 0.494866
vt 0.261934 0.494866
vt 0.261934 0.590509
vt 0.238437 0.590509
vt 0.564769 0.519594
vt 0.588266 0.519594
vt 0.588266 0.615237
vt 0.564769 0.615237
vt 0.023959 0.989537
vt 0.019693 0.990764
vt 0.020459 0.986022
vt 0.016004 0.988420
vt 0.025589 0.985664
vt 0.015671 0.984271
vt 0.023357 0.982061
vt 0.018943 0.981440
vt 0.848112 0.985128
vt 0.853199 0.984414
vt 0.853583 0.979632
vt 0.850627 0.988566
vt 0.849944 0.980318
vt 0.854100 0.978798
vt 0.857449 0.981713
vt 0.855078 0.988877
vt 0.858302 0.981404
vt 0.858115 0.985827
vt 0.855973 0.989358
vt 0.850465 0.989144
vt 0.858963 0.986099
vt 0.131811 0.985021
vt 0.134847 0.988071
vt 0.133952 0.988552
vt 0.130962 0.985293
vt 0.139299 0.987760
vt 0.139460 0.988338
vt 0.132476 0.980906
vt 0.131624 0.980597
vt 0.136342 0.978826
vt 0.135826 0.977992
vt 0.925937 0.643033
vt 0.925937 0.716936
vt 0.924321 0.718441
vt 0.924321 0.641527
vt 0.951200 0.695010
vt 0.951200 0.666580
vt 0.168836 0.596553
vt 0.174130 0.596553
vt 0.174130 0.677477
vt 0.168836 0.677477
vt 0.166136 0.677477
vt 0.166136 0.596553
vt 0.206603 0.595290
vt 0.206603 0.676214
vt 0.201309 0.676214
vt 0.201309 0.595290
vt 0.394764 0.959501
vt 0.402758 0.968850
vt 0.394764 0.968850
vt 0.400058 0.973994
vt 0.394764 0.973994
vt 0.762132 0.972036
vt 0.762132 0.962686
vt 0.770126 0.962686
vt 0.762132 0.957542
vt 0.767426 0.957542
vt 0.625524 0.970709
vt 0.617530 0.970709
vt 0.625524 0.961360
vt 0.625524 0.975853
vt 0.620230 0.975853
vt 0.267926 0.972484
vt 0.259932 0.972484
vt 0.259932 0.963135
vt 0.267926 0.955683
vt 0.265226 0.977628
vt 0.259932 0.977628
vt 0.224742 0.888612
vt 0.221341 0.888612
vt 0.221341 0.883868
vt 0.224742 0.883868
vt 0.222102 0.882027
vt 0.224459 0.882027
vt 0.222102 0.830470
vt 0.224459 0.830470
vt 0.221792 0.828358
vt 0.224575 0.828358
vt 0.220850 0.826128
vt 0.224925 0.826128
vt 0.107513 0.834866
vt 0.110973 0.834866
vt 0.110973 0.839609
vt 0.107513 0.839609
vt 0.110599 0.841451
vt 0.108201 0.841451
vt 0.110599 0.893007
vt 0.108201 0.893007
vt 0.110751 0.895119
vt 0.107920 0.895119
vt 0.709372 0.856684
vt 0.732869 0.856684
vt 0.732869 0.919606
vt 0.709372 0.919606
vt 0.914551 0.927170
vt 0.914551 0.864248
vt 0.938048 0.864248
vt 0.938048 0.927170
vt 0.373269 0.772704
vt 0.377621 0.772704
vt 0.377621 0.836103
vt 0.373269 0.836103
vt 0.377621 0.836687
vt 0.373269 0.836687
vt 0.378654 0.836103
vt 0.378654 0.836687
vt 0.598433 0.845719
vt 0.594081 0.845719
vt 0.594081 0.782320
vt 0.598433 0.782320
vt 0.594081 0.781736
vt 0.598433 0.781736
vt 0.599466 0.781736
vt 0.599466 0.782320
vt 0.950351 0.924826
vt 0.950351 0.947690
vt 0.949724 0.947690
vt 0.949724 0.924826
vt 0.958167 0.925137
vt 0.958167 0.948001
vt 0.957541 0.948001
vt 0.957541 0.925137
vt 0.275221 0.576124
vt 0.275221 0.495201
vt 0.285252 0.495201
vt 0.285252 0.576124
vt 0.269702 0.576124
vt 0.269702 0.495201
vt 0.285252 0.495201
vt 0.285252 0.576124
vt 0.076247 0.498950
vt 0.086278 0.498950
vt 0.086278 0.579873
vt 0.076247 0.579873
vt 0.091797 0.498950
vt 0.091797 0.579873
vt 0.787535 0.659659
vt 0.792829 0.659659
vt 0.792829 0.724689
vt 0.787535 0.724689
vt 0.386948 0.745079
vt 0.386948 0.680050
vt 0.392241 0.680050
vt 0.392241 0.745079
vt 0.375207 0.906825
vt 0.371806 0.906825
vt 0.371806 0.902082
vt 0.375207 0.902082
vt 0.372566 0.900240
vt 0.374924 0.900240
vt 0.372566 0.848684
vt 0.374924 0.848684
vt 0.372256 0.846571
vt 0.375039 0.846571
vt 0.371315 0.844341
vt 0.375390 0.844341
vt 0.785581 0.877341
vt 0.789041 0.877341
vt 0.789041 0.882084
vt 0.785581 0.882084
vt 0.788667 0.883926
vt 0.786269 0.883926
vt 0.788667 0.935483
vt 0.786269 0.935483
vt 0.788819 0.937595
vt 0.785989 0.937595
vt 0.662652 0.973176
vt 0.654657 0.973176
vt 0.654657 0.963826
vt 0.662652 0.963826
vt 0.662652 0.978319
vt 0.657358 0.978319
vt 0.657358 0.963826
vt 0.662652 0.963826
vt 0.531550 0.969449
vt 0.539544 0.969449
vt 0.539544 0.978798
vt 0.531550 0.978798
vt 0.534251 0.964305
vt 0.539544 0.964305
vt 0.539544 0.978798
vt 0.534251 0.978798
vt 0.001992 0.685158
vt 0.007286 0.685158
vt 0.007286 0.750188
vt 0.001992 0.750188
vt 0.932576 0.723407
vt 0.932576 0.788436
vt 0.922545 0.788436
vt 0.922545 0.723407
vt 0.938095 0.723407
vt 0.938095 0.788436
vt 0.914551 0.788436
vt 0.782111 0.729226
vt 0.782111 0.794256
vt 0.787630 0.729226
vt 0.787630 0.794256
vt 0.062000 0.750544
vt 0.056707 0.750544
vt 0.056707 0.685514
vt 0.062000 0.685514
vt 0.699033 0.701550
vt 0.699033 0.766580
vt 0.693739 0.766580
vt 0.693739 0.701550
vt 0.008747 0.600108
vt 0.008747 0.678827
vt 0.006370 0.678827
vt 0.006370 0.600108
vt 0.003212 0.678827
vt 0.003212 0.600108
vt 0.001992 0.677321
vt 0.001992 0.601613
vt 0.017313 0.677452
vt 0.017313 0.601744
vt 0.020471 0.601744
vt 0.020471 0.677452
vt 0.016093 0.600239
vt 0.019251 0.600239
vt 0.016093 0.678957
vt 0.019251 0.678957
vt 0.013717 0.601744
vt 0.013717 0.600239
vt 0.013717 0.677452
vt 0.013717 0.678957
vt 0.918719 0.557232
vt 0.918719 0.638155
vt 0.908689 0.638155
vt 0.908689 0.557232
vt 0.924238 0.557232
vt 0.924238 0.638155
vt 0.908689 0.638155
vt 0.908689 0.557232
vt 0.959412 0.638049
vt 0.949381 0.638049
vt 0.949381 0.557126
vt 0.959412 0.557126
vt 0.943862 0.638049
vt 0.943862 0.557126
vt 0.921371 0.119797
vt 0.887194 0.119797
vt 0.887194 0.004091
vt 0.921371 0.004091
vt 0.921371 0.126557
vt 0.921371 0.242264
vt 0.887194 0.242264
vt 0.887194 0.126557
vt 0.172625 0.941219
vt 0.172625 0.964083
vt 0.171998 0.964083
vt 0.171998 0.941219
vt 0.889774 0.946994
vt 0.889774 0.969858
vt 0.889148 0.969858
vt 0.889148 0.946994
vt 0.274568 0.892490
vt 0.257978 0.892490
vt 0.257978 0.829091
vt 0.274568 0.829091
vt 0.147552 0.829166
vt 0.147552 0.892565
vt 0.130962 0.892565
vt 0.130962 0.829166
vt 0.320813 0.678810
vt 0.320813 0.694558
vt 0.269702 0.694558
vt 0.269702 0.678810
vt 0.320813 0.754066
vt 0.269702 0.754066
vt 0.357636 0.953391
vt 0.357636 0.912561
vt 0.372117 0.912561
vt 0.372117 0.953391
vt 0.115329 0.899786
vt 0.158900 0.899786
vt 0.158900 0.952836
vt 0.115329 0.952836
vt 0.349564 0.003494
vt 0.349564 0.019241
vt 0.345912 0.018116
vt 0.345912 0.004619
vt 0.977082 0.019241
vt 0.977082 0.003494
vt 0.980734 0.004619
vt 0.980734 0.018116
vt 0.011762 0.894735
vt 0.062874 0.894735
vt 0.058419 0.897964
vt 0.014849 0.897964
vt 0.062874 0.954244
vt 0.058419 0.951015
vt 0.011762 0.954244
vt 0.014849 0.951015
vt 0.449783 0.678811
vt 0.449783 0.694558
vt 0.448886 0.695326
vt 0.448886 0.680132
vt 0.449783 0.754067
vt 0.448886 0.752747
vt 0.398672 0.678811
vt 0.399569 0.680132
vt 0.398672 0.754067
vt 0.399569 0.752747
vt 0.379436 0.741145
vt 0.379436 0.756892
vt 0.378539 0.755572
vt 0.378539 0.740377
vt 0.328325 0.756892
vt 0.329222 0.755572
vt 0.379436 0.681636
vt 0.378539 0.682957
vt 0.328325 0.681636
vt 0.329222 0.682957
vt 0.433846 0.955296
vt 0.438340 0.955296
vt 0.438340 0.958774
vt 0.433846 0.958774
vt 0.438340 0.967406
vt 0.433846 0.967406
vt 0.438340 0.970884
vt 0.433846 0.970884
vt 0.113375 0.973971
vt 0.113375 0.970494
vt 0.117869 0.970494
vt 0.117869 0.973971
vt 0.113375 0.961861
vt 0.117869 0.961861
vt 0.113375 0.958384
vt 0.117869 0.958384
vt 0.707418 0.989286
vt 0.707418 0.980653
vt 0.708490 0.980653
vt 0.708490 0.989286
vt 0.762132 0.990528
vt 0.762132 0.981895
vt 0.763205 0.981895
vt 0.763205 0.990528
vt 0.980990 0.970639
vt 0.988984 0.970639
vt 0.988984 0.979989
vt 0.980990 0.979989
vt 0.980990 0.965495
vt 0.986284 0.965495
vt 0.881509 0.976819
vt 0.873515 0.976819
vt 0.873515 0.967469
vt 0.881509 0.967469
vt 0.878809 0.981962
vt 0.873515 0.981962
vt 0.873515 0.967469
vt 0.878809 0.967469
vt 0.993672 0.921660
vt 0.977082 0.921660
vt 0.977082 0.858738
vt 0.993672 0.858738
vt 0.813896 0.873096
vt 0.813896 0.936018
vt 0.797306 0.936018
vt 0.797306 0.873096
vt 0.996145 0.854195
vt 0.991793 0.854195
vt 0.996145 0.790795
vt 0.996145 0.790211
vt 0.904780 0.814285
vt 0.909133 0.814285
vt 0.909133 0.877684
vt 0.904780 0.877684
vt 0.619484 0.993903
vt 0.619484 0.989687
vt 0.620111 0.989687
vt 0.620111 0.993903
vt 0.924321 0.994834
vt 0.924321 0.994250
vt 0.924939 0.994250
vt 0.924939 0.994834
vt 0.953633 0.994060
vt 0.954259 0.994060
vt 0.625346 0.820059
vt 0.629810 0.820059
vt 0.629810 0.883458
vt 0.625346 0.883458
vt 0.899146 0.874276
vt 0.895124 0.874276
vt 0.895124 0.810877
vt 0.899146 0.810877
vt 0.891102 0.874276
vt 0.891102 0.810877
vt 0.895124 0.810293
vt 0.899146 0.810293
vt 0.891102 0.810293
vt 0.556953 0.991502
vt 0.556953 0.987341
vt 0.557580 0.987341
vt 0.557580 0.991502
vt 0.235781 0.874276
vt 0.231515 0.874276
vt 0.235781 0.810877
vt 0.235781 0.810293
vt 0.445570 0.827346
vt 0.449984 0.827346
vt 0.449984 0.890745
vt 0.445570 0.890745
vt 0.835060 0.990684
vt 0.835060 0.995379
vt 0.834433 0.995379
vt 0.834433 0.990684
vt 0.932138 0.994834
vt 0.932138 0.994250
vt 0.932758 0.994250
vt 0.932758 0.994834
vt 0.895637 0.248624
vt 0.895637 0.348942
vt 0.895010 0.348942
vt 0.895010 0.248624
vt 0.902826 0.349253
vt 0.902826 0.248935
vt 0.903453 0.248935
vt 0.903453 0.349253
vt 0.301524 0.894311
vt 0.297060 0.894311
vt 0.297060 0.830912
vt 0.301524 0.830912
vt 0.467065 0.820060
vt 0.471087 0.820060
vt 0.471087 0.883459
vt 0.467065 0.883459
vt 0.475109 0.820060
vt 0.475109 0.883459
vt 0.471087 0.884043
vt 0.467065 0.884043
vt 0.475109 0.884043
vt 0.467692 0.990641
vt 0.467692 0.994802
vt 0.467065 0.994802
vt 0.467065 0.990641
vt 0.701555 0.946017
vt 0.725079 0.924638
vt 0.726819 0.926260
vt 0.701555 0.949369
vt 0.855845 0.739041
vt 0.855845 0.804071
vt 0.845814 0.804071
vt 0.845814 0.739041
vt 0.861364 0.739041
vt 0.861364 0.804071
vt 0.840296 0.804071
vt 0.840296 0.739041
vt 0.892712 0.738333
vt 0.902743 0.738333
vt 0.902743 0.803363
vt 0.892712 0.803363
vt 0.908262 0.738333
vt 0.908262 0.803363
vt 0.887194 0.803363
vt 0.887194 0.738333
vt 0.461187 0.894076
vt 0.457786 0.894076
vt 0.457786 0.889333
vt 0.461187 0.889333
vt 0.458546 0.887491
vt 0.460904 0.887491
vt 0.458546 0.835935
vt 0.460904 0.835935
vt 0.458236 0.833823
vt 0.461019 0.833823
vt 0.457295 0.831593
vt 0.461369 0.831593
vt 0.881331 0.880399
vt 0.884791 0.880399
vt 0.884791 0.885143
vt 0.881331 0.885143
vt 0.884417 0.886984
vt 0.882019 0.886984
vt 0.884417 0.938541
vt 0.882019 0.938541
vt 0.884570 0.940653
vt 0.881739 0.940653
vt 0.773513 0.652620
vt 0.773513 0.571697
vt 0.783544 0.571697
vt 0.783544 0.652620
vt 0.767994 0.652620
vt 0.767994 0.571697
vt 0.783544 0.571697
vt 0.783544 0.652620
vt 0.269702 0.582732
vt 0.279733 0.582732
vt 0.279733 0.663655
vt 0.269702 0.663655
vt 0.285252 0.582732
vt 0.285252 0.663655
vt 0.070011 0.493342
vt 0.001992 0.493342
vt 0.001992 0.397699
vt 0.070011 0.397699
vt 0.972800 0.456057
vt 0.972800 0.551700
vt 0.904780 0.551700
vt 0.904780 0.456057
vt 0.757747 0.877918
vt 0.753395 0.877918
vt 0.753395 0.814519
vt 0.757747 0.814519
vt 0.753395 0.813935
vt 0.757747 0.813935
vt 0.752362 0.814519
vt 0.752362 0.813935
vt 0.012796 0.823702
vt 0.017148 0.823702
vt 0.017148 0.887101
vt 0.012796 0.887101
vt 0.017148 0.887685
vt 0.012796 0.887685
vt 0.011762 0.887685
vt 0.011762 0.887101
vt 0.818801 0.465164
vt 0.886820 0.465164
vt 0.886820 0.560807
vt 0.818801 0.560807
vt 0.416259 0.586232
vt 0.416259 0.490589
vt 0.484278 0.490589
vt 0.484278 0.586232
vt 0.245910 0.805185
vt 0.245910 0.740155
vt 0.255940 0.740155
vt 0.255940 0.805185
vt 0.240391 0.805185
vt 0.240391 0.740155
vt 0.261459 0.740155
vt 0.261459 0.805185
vt 0.044899 0.812114
vt 0.034868 0.812114
vt 0.034868 0.747084
vt 0.044899 0.747084
vt 0.029349 0.812114
vt 0.029349 0.747084
vt 0.050417 0.747084
vt 0.050417 0.812114
vt 0.060615 0.679633
vt 0.060615 0.600915
vt 0.062991 0.600915
vt 0.062991 0.679633
vt 0.066150 0.600915
vt 0.066150 0.679633
vt 0.067369 0.602420
vt 0.067369 0.678128
vt 0.747704 0.610044
vt 0.747704 0.685751
vt 0.744545 0.685751
vt 0.744545 0.610044
vt 0.748923 0.687257
vt 0.745765 0.687257
vt 0.748923 0.608538
vt 0.745765 0.608538
vt 0.751300 0.685751
vt 0.751300 0.687257
vt 0.751300 0.610044
vt 0.751300 0.608538
vt 0.072517 0.819755
vt 0.072517 0.754726
vt 0.082548 0.754726
vt 0.082548 0.819755
vt 0.088067 0.754726
vt 0.088067 0.819755
vt 0.217380 0.819400
vt 0.217380 0.754371
vt 0.222899 0.754371
vt 0.222899 0.819400
vt 0.867653 0.805184
vt 0.867653 0.740155
vt 0.872947 0.740155
vt 0.872947 0.805184
vt 0.469019 0.019533
vt 0.469019 0.003107
vt 0.469646 0.003107
vt 0.469646 0.019533
vt 0.439708 0.019221
vt 0.439708 0.002795
vt 0.440334 0.002795
vt 0.440334 0.019221
vt 0.467065 0.358360
vt 0.467065 0.258042
vt 0.467692 0.258042
vt 0.467692 0.358360
vt 0.338722 0.263195
vt 0.338722 0.363512
vt 0.338095 0.363512
vt 0.338095 0.263195
vt 0.322463 0.385525
vt 0.322463 0.285517
vt 0.323089 0.285517
vt 0.323089 0.385525
vt 0.368033 0.287027
vt 0.368033 0.387036
vt 0.367407 0.387036
vt 0.367407 0.287027
vt 0.392988 0.823399
vt 0.392988 0.758370
vt 0.403019 0.758370
vt 0.403019 0.823399
vt 0.408537 0.758370
vt 0.408537 0.823399
vt 0.133355 0.824864
vt 0.133355 0.759834
vt 0.138873 0.759834
vt 0.138873 0.824864
vt 0.472927 0.814292
vt 0.472927 0.749263
vt 0.478221 0.749263
vt 0.478221 0.814292
vt 0.429937 0.390698
vt 0.429937 0.290689
vt 0.430564 0.290689
vt 0.430564 0.390698
vt 0.891102 0.880399
vt 0.894620 0.880399
vt 0.894620 0.885143
vt 0.891102 0.885143
vt 0.894049 0.886984
vt 0.891610 0.886984
vt 0.894049 0.938541
vt 0.891610 0.938541
vt 0.894282 0.940653
vt 0.891403 0.940653
vt 0.579579 0.916516
vt 0.576352 0.916516
vt 0.576352 0.911773
vt 0.579579 0.911773
vt 0.573239 0.916516
vt 0.573239 0.911773
vt 0.576409 0.909931
vt 0.578646 0.909931
vt 0.574251 0.909931
vt 0.576409 0.858375
vt 0.578646 0.858375
vt 0.574251 0.858375
vt 0.576386 0.856263
vt 0.579026 0.856263
vt 0.573839 0.856263
vt 0.576315 0.854033
vt 0.580182 0.854033
vt 0.572586 0.854033
vt 0.513963 0.847380
vt 0.537460 0.847380
vt 0.537460 0.910779
vt 0.513963 0.910779
vt 0.680061 0.914345
vt 0.680061 0.850946
vt 0.703557 0.850946
vt 0.703557 0.914345
vt 0.343874 0.763477
vt 0.343874 0.828506
vt 0.333844 0.828506
vt 0.333844 0.763477
vt 0.328325 0.828506
vt 0.328325 0.763477
vt 0.490171 0.774761
vt 0.490171 0.839790
vt 0.484652 0.839790
vt 0.484652 0.774761
vt 0.022919 0.754370
vt 0.022919 0.819400
vt 0.017625 0.819400
vt 0.017625 0.754370
vt 0.742575 0.937788
vt 0.739174 0.937788
vt 0.739174 0.933044
vt 0.742575 0.933044
vt 0.739935 0.931203
vt 0.742292 0.931203
vt 0.739935 0.879646
vt 0.742292 0.879646
vt 0.739625 0.877534
vt 0.742408 0.877534
vt 0.738683 0.875304
vt 0.742758 0.875304
vt 0.230621 0.880400
vt 0.234080 0.880400
vt 0.234080 0.885143
vt 0.230621 0.885143
vt 0.233707 0.886985
vt 0.231309 0.886985
vt 0.233707 0.938541
vt 0.231309 0.938541
vt 0.233859 0.940653
vt 0.231028 0.940653
vt 0.896964 0.969971
vt 0.896964 0.953545
vt 0.897591 0.953545
vt 0.897591 0.969971
vt 0.177860 0.969971
vt 0.177860 0.953545
vt 0.178487 0.953545
vt 0.178487 0.969971
vt 0.799438 0.978933
vt 0.791443 0.978933
vt 0.791443 0.969583
vt 0.799438 0.969583
vt 0.799438 0.984077
vt 0.794144 0.984077
vt 0.794144 0.969583
vt 0.799438 0.969583
vt 0.902826 0.976149
vt 0.910821 0.976149
vt 0.910821 0.985498
vt 0.902826 0.985498
vt 0.905527 0.971005
vt 0.910821 0.971005
vt 0.910821 0.985498
vt 0.905527 0.985498
vt 0.824647 0.938081
vt 0.821246 0.938081
vt 0.821246 0.933338
vt 0.824647 0.933338
vt 0.822006 0.931496
vt 0.824364 0.931496
vt 0.822006 0.879939
vt 0.824364 0.879939
vt 0.821696 0.877827
vt 0.824479 0.877827
vt 0.820755 0.875597
vt 0.824829 0.875597
vt 0.240391 0.882221
vt 0.243851 0.882221
vt 0.243851 0.886964
vt 0.240391 0.886964
vt 0.243477 0.888806
vt 0.241079 0.888806
vt 0.243477 0.940363
vt 0.241079 0.940363
vt 0.243629 0.942475
vt 0.240799 0.942475
vt 0.530488 0.621288
vt 0.530488 0.700007
vt 0.528111 0.700007
vt 0.528111 0.621288
vt 0.524953 0.700007
vt 0.524953 0.621288
vt 0.523734 0.698501
vt 0.523734 0.622793
vt 0.541008 0.698163
vt 0.541009 0.622455
vt 0.544167 0.622455
vt 0.544167 0.698163
vt 0.539789 0.620950
vt 0.542947 0.620950
vt 0.539789 0.699668
vt 0.542947 0.699668
vt 0.537412 0.622455
vt 0.537412 0.620950
vt 0.537412 0.698163
vt 0.537412 0.699668
vt 0.551091 0.700813
vt 0.551091 0.622095
vt 0.553467 0.622095
vt 0.553467 0.700813
vt 0.556626 0.622095
vt 0.556626 0.700813
vt 0.557845 0.623600
vt 0.557845 0.699308
vt 0.677356 0.623469
vt 0.677356 0.699177
vt 0.674198 0.699177
vt 0.674198 0.623469
vt 0.678576 0.700682
vt 0.675418 0.700682
vt 0.678576 0.621964
vt 0.675418 0.621964
vt 0.680953 0.699177
vt 0.680953 0.700682
vt 0.680953 0.623469
vt 0.680953 0.621964
vt 0.456951 0.672657
vt 0.456951 0.591733
vt 0.466982 0.591733
vt 0.466982 0.672657
vt 0.451432 0.672657
vt 0.451432 0.591733
vt 0.466982 0.591733
vt 0.466982 0.672657
vt 0.324417 0.593660
vt 0.334448 0.593660
vt 0.334448 0.674583
vt 0.324417 0.674583
vt 0.339966 0.593660
vt 0.339966 0.674583
vt 0.068019 0.597581
vt 0.002359 0.596504
vt 0.003985 0.497451
vt 0.069644 0.498528
vt 0.558533 0.519805
vt 0.558533 0.615448
vt 0.490514 0.615448
vt 0.490514 0.519805
vt 0.942086 0.982282
vt 0.934092 0.982282
vt 0.934092 0.972933
vt 0.942086 0.972933
vt 0.942086 0.987426
vt 0.936792 0.987426
vt 0.936792 0.972933
vt 0.942086 0.972933
vt 0.306830 0.977971
vt 0.314824 0.977971
vt 0.314824 0.987320
vt 0.306830 0.987320
vt 0.309531 0.972827
vt 0.314824 0.972827
vt 0.314824 0.987320
vt 0.309531 0.987320
vt 0.426827 0.013892
vt 0.426638 0.013892
vt 0.426638 0.004022
vt 0.426827 0.004022
vt 0.426428 0.013892
vt 0.426428 0.004022
vt 0.426218 0.013892
vt 0.426218 0.004022
vt 0.426029 0.013892
vt 0.426029 0.004022
vt 0.996623 0.966424
vt 0.996812 0.966424
vt 0.996812 0.976294
vt 0.996623 0.976294
vt 0.997021 0.966424
vt 0.997021 0.976294
vt 0.997231 0.966424
vt 0.997231 0.976294
vt 0.997420 0.966424
vt 0.997420 0.976294
vt 0.299812 0.988319
vt 0.299622 0.988319
vt 0.299622 0.978449
vt 0.299812 0.978449
vt 0.299413 0.988319
vt 0.299413 0.978449
vt 0.299203 0.988319
vt 0.299203 0.978449
vt 0.299014 0.988319
vt 0.299014 0.978449
vt 0.084064 0.979220
vt 0.084253 0.979220
vt 0.084253 0.989090
vt 0.084064 0.989090
vt 0.084463 0.979220
vt 0.084463 0.989090
vt 0.084673 0.979220
vt 0.084673 0.989090
vt 0.084862 0.979220
vt 0.084862 0.989090
vt 0.845850 0.991976
vt 0.845850 0.992786
vt 0.842250 0.992786
vt 0.842250 0.991976
vt 0.845850 0.993684
vt 0.842250 0.993684
vt 0.845850 0.994582
vt 0.842250 0.994582
vt 0.845850 0.995393
vt 0.842250 0.995393
vt 0.064523 0.995598
vt 0.064523 0.994788
vt 0.068124 0.994788
vt 0.068124 0.995598
vt 0.064523 0.993890
vt 0.068124 0.993890
vt 0.064523 0.992992
vt 0.068124 0.992992
vt 0.064523 0.992182
vt 0.068124 0.992182
vt 0.906735 0.993491
vt 0.906735 0.992498
vt 0.908990 0.992498
vt 0.908990 0.993491
vt 0.906735 0.994591
vt 0.908990 0.994591
vt 0.906735 0.995692
vt 0.908990 0.995692
vt 0.906735 0.996684
vt 0.908990 0.996684
vt 0.668638 0.995903
vt 0.668638 0.996896
vt 0.666382 0.996896
vt 0.666382 0.995903
vt 0.668638 0.994803
vt 0.666382 0.994803
vt 0.668638 0.993703
vt 0.666382 0.993703
vt 0.668638 0.992710
vt 0.666382 0.992710
vt 0.127334 0.994164
vt 0.127523 0.994074
vt 0.127733 0.994676
vt 0.127733 0.994043
vt 0.127184 0.994304
vt 0.127942 0.994074
vt 0.127087 0.994480
vt 0.128132 0.994164
vt 0.127054 0.994676
vt 0.128282 0.994304
vt 0.127087 0.994871
vt 0.128378 0.994480
vt 0.127184 0.995047
vt 0.128411 0.994676
vt 0.127334 0.995187
vt 0.128378 0.994871
vt 0.127523 0.995277
vt 0.128282 0.995047
vt 0.127733 0.995308
vt 0.128132 0.995187
vt 0.127942 0.995277
vt 0.276889 0.994916
vt 0.276792 0.995092
vt 0.276243 0.994721
vt 0.276642 0.995232
vt 0.276922 0.994721
vt 0.276453 0.995322
vt 0.276889 0.994525
vt 0.276243 0.995353
vt 0.276792 0.994349
vt 0.276034 0.995322
vt 0.276642 0.994209
vt 0.275844 0.995232
vt 0.276453 0.994119
vt 0.275694 0.995092
vt 0.276243 0.994088
vt 0.275598 0.994916
vt 0.276034 0.994119
vt 0.275565 0.994721
vt 0.275844 0.994209
vt 0.275598 0.994525
vt 0.275694 0.994349
vt 0.486606 0.951783
vt 0.486606 0.915389
vt 0.494721 0.915389
vt 0.494721 0.951783
vt 0.586264 0.955746
vt 0.586264 0.919353
vt 0.601031 0.919353
vt 0.601031 0.955746
vt 0.553045 0.954930
vt 0.553045 0.923694
vt 0.560388 0.923694
vt 0.560388 0.954930
vt 0.537412 0.957509
vt 0.537412 0.921115
vt 0.538019 0.923694
vt 0.538019 0.954930
vt 0.545968 0.921115
vt 0.545362 0.923694
vt 0.545968 0.957509
vt 0.545362 0.954930
vt 0.341968 0.946197
vt 0.302922 0.946197
vt 0.302922 0.903842
vt 0.341968 0.903842
vt 0.095788 0.946197
vt 0.095788 0.903842
vt 0.096637 0.903842
vt 0.096637 0.946197
vt 0.177860 0.947130
vt 0.177860 0.904775
vt 0.178709 0.904775
vt 0.178709 0.947130
vt 0.184571 0.903842
vt 0.184571 0.946197
vt 0.183723 0.946197
vt 0.183723 0.903842
vt 0.350669 0.904775
vt 0.350669 0.947130
vt 0.349820 0.947130
vt 0.349820 0.904775
vt 0.686400 0.726003
vt 0.686400 0.733567
vt 0.648795 0.733567
vt 0.648795 0.726003
vt 0.686400 0.775251
vt 0.648795 0.775251
vt 0.648795 0.712240
vt 0.686400 0.712240
vt 0.648795 0.704936
vt 0.686400 0.704936
vt 0.547183 0.983558
vt 0.550677 0.983558
vt 0.550677 0.991756
vt 0.547183 0.991756
vt 0.656612 0.993672
vt 0.656612 0.985475
vt 0.660105 0.985475
vt 0.660105 0.993672
vt 0.777749 0.938372
vt 0.774348 0.938372
vt 0.774348 0.933629
vt 0.777749 0.933629
vt 0.775108 0.931787
vt 0.777466 0.931787
vt 0.775108 0.880231
vt 0.777466 0.880231
vt 0.774798 0.878119
vt 0.777581 0.878119
vt 0.773857 0.875889
vt 0.777931 0.875889
vt 0.750408 0.884042
vt 0.753867 0.884042
vt 0.753867 0.888785
vt 0.750408 0.888785
vt 0.753493 0.890627
vt 0.751095 0.890627
vt 0.753493 0.942183
vt 0.751095 0.942183
vt 0.753646 0.944295
vt 0.750815 0.944295
vt 0.414068 0.003939
vt 0.414068 0.279651
vt 0.406488 0.279651
vt 0.406488 0.003939
vt 0.433782 0.033897
vt 0.433782 0.249694
vt 0.449766 0.033897
vt 0.449766 0.249694
vt 0.491038 0.003131
vt 0.498618 0.003131
vt 0.498618 0.278843
vt 0.491038 0.278843
vt 0.471325 0.248885
vt 0.471325 0.033089
vt 0.455341 0.248885
vt 0.455341 0.033089
vt 0.853835 0.003775
vt 0.853835 0.250738
vt 0.832479 0.250738
vt 0.832479 0.003775
vt 0.859837 0.249865
vt 0.859837 0.002903
vt 0.881193 0.002903
vt 0.881193 0.249865
vt 0.218896 0.976150
vt 0.226890 0.976150
vt 0.226890 0.985499
vt 0.218896 0.985499
vt 0.218896 0.971006
vt 0.224190 0.971006
vt 0.224190 0.985499
vt 0.218896 0.985499
vt 0.830703 0.982575
vt 0.822709 0.982575
vt 0.822709 0.973226
vt 0.830703 0.973226
vt 0.828003 0.987719
vt 0.822709 0.987719
vt 0.822709 0.973226
vt 0.828003 0.973226
vt 0.900872 0.885553
vt 0.904391 0.885553
vt 0.904391 0.890296
vt 0.900872 0.890296
vt 0.903819 0.892138
vt 0.901381 0.892138
vt 0.903819 0.943695
vt 0.901381 0.943695
vt 0.904052 0.945807
vt 0.901173 0.945807
vt 0.839473 0.940673
vt 0.836246 0.940673
vt 0.836246 0.935929
vt 0.839473 0.935929
vt 0.833133 0.940673
vt 0.833133 0.935929
vt 0.836303 0.934088
vt 0.838539 0.934088
vt 0.834145 0.934088
vt 0.836303 0.882531
vt 0.838539 0.882531
vt 0.834145 0.882531
vt 0.836279 0.880419
vt 0.838920 0.880419
vt 0.833732 0.880419
vt 0.836209 0.878189
vt 0.840075 0.878189
vt 0.832479 0.878189
vt 0.209126 0.823702
vt 0.213478 0.823702
vt 0.209126 0.887101
vt 0.209126 0.887685
vt 0.438198 0.894312
vt 0.433846 0.894312
vt 0.433846 0.830913
vt 0.438198 0.830913
vt 0.792070 0.990905
vt 0.792070 0.995122
vt 0.791443 0.995122
vt 0.791443 0.990905
vt 0.676770 0.994561
vt 0.676770 0.995145
vt 0.676152 0.995145
vt 0.676152 0.994561
vt 0.284008 0.994561
vt 0.283381 0.994561
vt 0.596035 0.521626
vt 0.664054 0.521626
vt 0.664054 0.617269
vt 0.596035 0.617269
vt 0.670290 0.617193
vt 0.670290 0.521550
vt 0.738309 0.521550
vt 0.738309 0.617193
vt 0.001992 0.825523
vt 0.006258 0.825523
vt 0.001992 0.888922
vt 0.001992 0.889506
vt 0.186183 0.897954
vt 0.181769 0.897954
vt 0.181769 0.834555
vt 0.186183 0.834555
vt 0.213034 0.995069
vt 0.213034 0.990373
vt 0.213660 0.990373
vt 0.213660 0.995069
vt 0.684589 0.994561
vt 0.684589 0.995145
vt 0.683969 0.995145
vt 0.683969 0.994561
vt 0.917132 0.995269
vt 0.916505 0.995269
vt 0.189845 0.597303
vt 0.189845 0.678226
vt 0.179814 0.678226
vt 0.179814 0.597303
vt 0.195364 0.597303
vt 0.195364 0.678226
vt 0.179814 0.678226
vt 0.179814 0.597303
vt 0.228583 0.678120
vt 0.218552 0.678120
vt 0.218552 0.597197
vt 0.228583 0.597197
vt 0.213034 0.678120
vt 0.213034 0.597197
vt 0.460634 0.823399
vt 0.455341 0.823399
vt 0.455341 0.758369
vt 0.460634 0.758369
vt 0.568334 0.845839
vt 0.568334 0.780809
vt 0.578365 0.780809
vt 0.578365 0.845839
vt 0.562815 0.845839
vt 0.562815 0.780809
vt 0.586359 0.780809
vt 0.920070 0.859469
vt 0.920070 0.794439
vt 0.914551 0.859469
vt 0.914551 0.794439
vt 0.457295 0.679786
vt 0.480232 0.701712
vt 0.480232 0.731763
vt 0.457295 0.753689
vt 0.478492 0.701712
vt 0.478492 0.730142
vt 0.324417 0.009612
vt 0.324417 0.006260
vt 0.349680 0.029369
vt 0.347940 0.030991
vt 0.349680 0.029369
vt 0.347940 0.030991
vt 0.324417 0.009612
vt 0.324417 0.006260
vt 0.099385 0.682897
vt 0.122322 0.704823
vt 0.120582 0.706445
vt 0.095789 0.682897
vt 0.122322 0.734874
vt 0.120582 0.734874
vt 0.099385 0.756800
vt 0.095788 0.756800
vt 0.127054 0.682752
vt 0.149991 0.704678
vt 0.149991 0.734729
vt 0.127054 0.756655
vt 0.003946 0.993324
vt 0.003946 0.992739
vt 0.383039 0.900213
vt 0.405976 0.913530
vt 0.405976 0.932878
vt 0.383039 0.946195
vt 0.404237 0.914515
vt 0.404237 0.932878
vt 0.277379 0.935539
vt 0.253855 0.956918
vt 0.252116 0.955296
vt 0.277379 0.932187
vt 0.253855 0.956918
vt 0.252116 0.955296
vt 0.277379 0.935539
vt 0.277379 0.932187
vt 0.760178 0.944645
vt 0.760178 0.941293
vt 0.785441 0.964402
vt 0.783702 0.966024
vt 0.785441 0.964402
vt 0.783702 0.966024
vt 0.760178 0.944645
vt 0.760178 0.941293
vt 0.406349 0.942149
vt 0.382825 0.963528
vt 0.381085 0.961906
vt 0.406349 0.938797
vt 0.382825 0.963528
vt 0.381085 0.961906
vt 0.406349 0.942149
vt 0.406349 0.938797
vt 0.156054 0.681752
vt 0.178990 0.703678
vt 0.177251 0.705300
vt 0.152457 0.681752
vt 0.178990 0.733729
vt 0.177251 0.733729
vt 0.156053 0.755655
vt 0.152457 0.755655
vt 0.605805 0.685249
vt 0.628742 0.707175
vt 0.628742 0.737226
vt 0.605805 0.759152
vt 0.183723 0.684573
vt 0.206660 0.706499
vt 0.206660 0.736551
vt 0.183723 0.758476
vt 0.204920 0.706499
vt 0.204920 0.734929
vt 0.463017 0.010288
vt 0.439494 0.031667
vt 0.437754 0.030045
vt 0.463017 0.006936
vt 0.375223 0.010288
vt 0.375223 0.006936
vt 0.398747 0.030045
vt 0.398747 0.031667
vt 0.726959 0.936464
vt 0.726959 0.933112
vt 0.742303 0.956221
vt 0.741246 0.957843
vt 0.758224 0.650407
vt 0.781748 0.672333
vt 0.781748 0.704189
vt 0.758224 0.726115
vt 0.027395 0.666800
vt 0.050919 0.688726
vt 0.050919 0.720582
vt 0.027395 0.742507
vt 0.720957 0.942147
vt 0.697433 0.963526
vt 0.695693 0.961905
vt 0.720957 0.938795
vt 0.859837 0.942148
vt 0.859837 0.938796
vt 0.883360 0.961905
vt 0.883360 0.963527
vt 0.840370 0.728916
vt 0.816847 0.706990
vt 0.816847 0.675134
vt 0.840370 0.653208
vt 0.263915 0.736201
vt 0.240391 0.714275
vt 0.240391 0.682419
vt 0.263915 0.660494
vt 0.764086 0.794256
vt 0.914551 0.723407
vt 0.598084 0.774806
vt 0.545229 0.770578
vt 0.418213 0.950207
vt 0.078380 0.970364
vt 0.746499 0.970402
vt 0.545229 0.705549
vt 0.764086 0.729226
vt 0.598084 0.709776
vt 0.991793 0.790795
vt 0.115329 0.982302
vt 0.152457 0.892565
vt 0.991793 0.790795
vt 0.991793 0.790795
vt 0.726146 0.984240
vt 0.726146 0.984240
vt 0.726146 0.984240
vt 0.991793 0.790211
vt 0.991793 0.790211
vt 0.990760 0.790795
vt 0.954259 0.995023
vt 0.115329 0.983265
vt 0.391482 0.016404
vt 0.990760 0.790211
vt 0.953633 0.995023
vt 0.231515 0.810877
vt 0.183723 0.984423
vt 0.281427 0.892565
vt 0.231515 0.810877
vt 0.231515 0.810877
vt 0.679826 0.988184
vt 0.679826 0.988184
vt 0.679826 0.988184
vt 0.231515 0.810293
vt 0.231515 0.810293
vt 0.230621 0.810877
vt 0.004463 0.992739
vt 0.184239 0.985257
vt 0.364125 0.993284
vt 0.230621 0.810293
vt 0.004463 0.993324
vt 0.146595 0.823398
vt 0.291292 0.823398
vt 0.199355 0.754371
vt 0.064523 0.819755
vt 0.324595 0.973984
vt 0.463157 0.950228
vt 0.300968 0.972210
vt 0.064523 0.754726
vt 0.146595 0.758369
vt 0.199355 0.819400
vt 0.416259 0.823399
vt 0.322557 0.823398
vt 0.115329 0.759834
vt 0.384993 0.823399
vt 0.451610 0.973986
vt 0.857882 0.952048
vt 0.086018 0.972211
vt 0.384993 0.758370
vt 0.416259 0.758370
vt 0.115329 0.824864
vt 0.945816 0.845254
vt 0.555094 0.841612
vt 0.508196 0.839790
vt 0.351869 0.763477
vt 0.347866 0.953887
vt 0.291375 0.974045
vt 0.717366 0.952061
vt 0.351869 0.828506
vt 0.945816 0.780224
vt 0.508196 0.774761
vt 0.213478 0.887101
vt 0.481885 0.980646
vt 0.091880 0.896208
vt 0.213478 0.887101
vt 0.213478 0.887101
vt 0.414305 0.981455
vt 0.414305 0.981455
vt 0.414305 0.981455
vt 0.213478 0.887685
vt 0.213478 0.887685
vt 0.214511 0.887101
vt 0.283381 0.993598
vt 0.481885 0.979683
vt 0.997249 0.016404
vt 0.214511 0.887685
vt 0.284008 0.993598
vt 0.006258 0.888922
vt 0.140498 0.980346
vt 0.168090 0.896208
vt 0.006258 0.888922
vt 0.006258 0.888922
vt 0.849428 0.981152
vt 0.849428 0.981152
vt 0.849428 0.981152
vt 0.006258 0.889506
vt 0.006258 0.889506
vt 0.007152 0.888922
vt 0.916505 0.994436
vt 0.139981 0.979512
vt 0.371941 0.993284
vt 0.007152 0.889506
vt 0.917132 0.994436
vt 0.938095 0.794439
vt 0.586359 0.845839
vt 0.658660 0.845254
vt 0.687877 0.845254
vt 0.770126 0.979487
vt 0.617530 0.953909
vt 0.402758 0.952050
vt 0.687877 0.780224
vt 0.938095 0.859469
vt 0.658660 0.780224
vt 0.001992 0.888922
vt 0.209126 0.887101
vt 0.235781 0.810877
vt 0.996145 0.790795
vn 0.999301 0.000000 -0.037385
vn 0.999301 0.000000 -0.037385
vn 0.999301 0.000000 -0.037385
vn 0.999301 0.000000 -0.037385
vn 0.593811 0.000000 -0.804604
vn 0.593811 0.000000 -0.804604
vn 0.593811 0.000000 -0.804604
vn 0.593811 0.000000 -0.804604
vn -0.258812 0.000000 -0.965928
vn -0.258812 0.000000 -0.965928
vn -0.258812 0.000000 -0.965928
vn -0.258812 0.000000 -0.965928
vn -0.916559 0.000000 -0.399899
vn -0.916559 0.000000 -0.399899
vn -0.916559 0.000000 -0.399899
vn -0.916559 0.000000 -0.399899
vn -0.884111 0.000000 0.467276
vn -0.884111 0.000000 0.467276
vn -0.884111 0.000000 0.467276
vn -0.884111 0.000000 0.467276
vn -0.185908 0.000000 0.982567
vn -0.185908 0.000000 0.982567
vn -0.185908 0.000000 0.982567
vn -0.185908 0.000000 0.982567
vn 0.652288 0.000000 0.757972
vn 0.652288 0.000000 0.757972
vn 0.652288 0.000000 0.757972
vn 0.652288 0.000000 0.757972
vn 0.000000 -1.000000 -0.000000
vn 0.000000 -1.000000 0.000000
vn 0.000000 -1.000000 -0.000000
vn 0.000000 -1.000000 0.000000
vn 0.000000 -1.000000 0.000001
vn 0.000000 -1.000000 -0.000001
vn 0.000000 -1.000000 -0.000002
vn 0.000000 -1.000000 -0.000001
vn 0.000000 1.000000 -0.000000
vn 0.000000 1.000000 0.000000
vn 0.000000 1.000000 0.000001
vn 0.000000 1.000000 -0.000000
vn 0.000000 1.000000 -0.000001
vn 0.000000 1.000000 0.000001
vn 0.000000 1.000000 0.000004
vn 0.000000 1.000000 0.000001
vn 0.859323 0.510421 -0.032155
vn 0.859323 0.510421 -0.032155
vn 0.859323 0.510421 -0.032155
vn 0.859323 0.510421 -0.032155
vn 0.513889 0.501061 -0.696316
vn 0.513889 0.501061 -0.696316
vn 0.513889 0.501061 -0.696316
vn 0.513889 0.501061 -0.696316
vn -0.226208 0.485874 -0.844249
vn -0.226208 0.485874 -0.844249
vn -0.226208 0.485874 -0.844249
vn -0.226208 0.485874 -0.844249
vn -0.805903 0.476325 -0.351617
vn -0.805903 0.476325 -0.351617
vn -0.805903 0.476325 -0.351617
vn -0.805904 0.476325 -0.351617
vn -0.775611 0.479981 0.409934
vn -0.775611 0.479981 0.409934
vn -0.775611 0.479981 0.409934
vn -0.775611 0.479981 0.409934
vn -0.161652 0.493905 0.854357
vn -0.161652 0.493905 0.854357
vn -0.161652 0.493905 0.854357
vn -0.161652 0.493905 0.854357
vn 0.562112 0.507316 0.653193
vn 0.562112 0.507316 0.653193
vn 0.562112 0.507316 0.653193
vn 0.562112 0.507316 0.653193
vn 0.999300 0.000000 -0.037404
vn 0.999300 0.000000 -0.037404
vn 0.999300 0.000000 -0.037404
vn 0.999300 0.000000 -0.037404
vn 0.593809 0.000000 -0.804606
vn 0.593809 0.000000 -0.804606
vn 0.593809 0.000000 -0.804606
vn 0.593809 0.000000 -0.804606
vn -0.258810 0.000000 -0.965928
vn -0.258810 0.000000 -0.965928
vn -0.258810 0.000000 -0.965928
vn -0.258810 0.000000 -0.965928
vn -0.916561 0.000000 -0.399895
vn -0.916561 0.000000 -0.399895
vn -0.916561 0.000000 -0.399895
vn -0.916561 0.000000 -0.399895
vn -0.884108 0.000000 0.467283
vn -0.884108 0.000000 0.467283
vn -0.884108 0.000000 0.467283
vn -0.884108 0.000000 0.467283
vn -0.185914 0.000000 0.982566
vn -0.185914 0.000000 0.982566
vn -0.185914 0.000000 0.982566
vn -0.185914 0.000000 0.982566
vn 0.652274 0.000000 0.757983
vn 0.652274 0.000000 0.757983
vn 0.652274 0.000000 0.757983
vn 0.652274 0.000000 0.757983
vn 0.977773 -0.206447 -0.036593
vn 0.977773 -0.206447 -0.036593
vn 0.977773 -0.206447 -0.036593
vn 0.977773 -0.206447 -0.036593
vn 0.581626 -0.201581 -0.788084
vn 0.581626 -0.201581 -0.788084
vn 0.581626 -0.201581 -0.788084
vn 0.581626 -0.201581 -0.788084
vn -0.253908 -0.193849 -0.947604
vn -0.253908 -0.193849 -0.947604
vn -0.253908 -0.193849 -0.947604
vn -0.253908 -0.193849 -0.947604
vn -0.900026 -0.189087 -0.392682
vn -0.900026 -0.189087 -0.392682
vn -0.900026 -0.189087 -0.392682
vn -0.900026 -0.189087 -0.392682
vn -0.867852 -0.190905 0.458680
vn -0.867852 -0.190905 0.458680
vn -0.867852 -0.190905 0.458680
vn -0.867852 -0.190905 0.458680
vn -0.182240 -0.197915 0.963129
vn -0.182240 -0.197915 0.963130
vn -0.182240 -0.197915 0.963129
vn -0.182240 -0.197915 0.963129
vn 0.638449 -0.204827 0.741908
vn 0.638449 -0.204827 0.741908
vn 0.638449 -0.204827 0.741909
vn 0.638449 -0.204827 0.741908
vn 0.854312 -0.518776 -0.031969
vn 0.854312 -0.518776 -0.031969
vn 0.854312 -0.518776 -0.031969
vn 0.854312 -0.518776 -0.031969
vn 0.511018 -0.509362 -0.692395
vn 0.511018 -0.509362 -0.692395
vn 0.511018 -0.509362 -0.692395
vn 0.511018 -0.509362 -0.692395
vn -0.225025 -0.494101 -0.839779
vn -0.225025 -0.494101 -0.839779
vn -0.225025 -0.494101 -0.839779
vn -0.225025 -0.494101 -0.839779
vn -0.801807 -0.484485 -0.349827
vn -0.801807 -0.484485 -0.349827
vn -0.801807 -0.484485 -0.349827
vn -0.801807 -0.484485 -0.349828
vn -0.771617 -0.488158 0.407810
vn -0.771617 -0.488159 0.407810
vn -0.771617 -0.488159 0.407810
vn -0.771617 -0.488158 0.407810
vn -0.160777 -0.502174 0.849689
vn -0.160777 -0.502174 0.849689
vn -0.160777 -0.502174 0.849689
vn -0.160777 -0.502174 0.849689
vn 0.558875 -0.515657 0.649427
vn 0.558875 -0.515657 0.649427
vn 0.558875 -0.515657 0.649427
vn 0.558875 -0.515657 0.649427
vn 0.593607 -0.804471 -0.021377
vn 0.593607 -0.804471 -0.021377
vn 0.593607 -0.804471 -0.021377
vn 0.593607 -0.804471 -0.021377
vn 0.344764 -0.824038 -0.449554
vn 0.344764 -0.824038 -0.449554
vn 0.344764 -0.824039 -0.449554
vn 0.344764 -0.824038 -0.449554
vn -0.151457 -0.825333 -0.543955
vn -0.151457 -0.825333 -0.543955
vn -0.151457 -0.825333 -0.543955
vn -0.151457 -0.825333 -0.543955
vn -0.571125 -0.785056 -0.239798
vn -0.571125 -0.785056 -0.239798
vn -0.571125 -0.785056 -0.239798
vn -0.571125 -0.785056 -0.239798
vn -0.545329 -0.791004 0.277362
vn -0.545329 -0.791004 0.277362
vn -0.545329 -0.791004 0.277362
vn -0.545329 -0.791004 0.277362
vn -0.106998 -0.832103 0.544203
vn -0.106998 -0.832103 0.544203
vn -0.106998 -0.832103 0.544203
vn -0.106998 -0.832103 0.544203
vn 0.376002 -0.825728 0.420471
vn 0.376002 -0.825728 0.420471
vn 0.376002 -0.825728 0.420471
vn 0.376002 -0.825728 0.420471
vn -0.000000 -1.000000 -0.000000
vn -0.000000 -1.000000 -0.000000
vn -0.000000 -1.000000 -0.000000
vn -0.000000 -1.000000 -0.000000
vn 0.000001 0.000000 -1.000000
vn 0.000001 0.000000 -1.000000
vn 0.000001 0.000000 -1.000000
vn 0.000001 0.000000 -1.000000
vn 0.000002 1.000000 -0.000000
vn 0.000002 1.000000 -0.000000
vn 0.000002 1.000000 -0.000000
vn 0.000002 1.000000 -0.000000
vn 1.000000 0.000000 -0.000000
vn 1.000000 0.000000 -0.000000
vn 1.000000 0.000000 -0.000000
vn 1.000000 0.000000 -0.000000
vn -0.000000 0.000000 1.000000
vn -0.000000 0.000000 1.000000
vn -0.000000 0.000000 1.000000
vn -0.000000 0.000000 1.000000
vn -1.000000 -0.000000 0.000000
vn -1.000000 -0.000000 0.000000
vn -1.000000 -0.000000 0.000000
vn -1.000000 -0.000000 0.000000
vn -0.222514 -0.000000 0.974930
vn -0.222514 -0.000000 0.974930
vn -0.222514 -0.000000 0.974930
vn -0.222514 -0.000000 0.974930
vn 0.623489 0.000000 0.781832
vn 0.623489 0.000000 0.781832
vn 0.623489 0.000000 0.781832
vn 0.623489 0.000000 0.781832
vn 1.000000 -0.000000 -0.000004
vn 1.000000 -0.000000 -0.000004
vn 1.000000 -0.000000 -0.000004
vn 1.000000 -0.000000 -0.000004
vn 0.623496 -0.000000 -0.781826
vn 0.623496 -0.000000 -0.781826
vn 0.623496 -0.000000 -0.781826
vn 0.623496 -0.000000 -0.781826
vn -0.222523 0.000000 -0.974927
vn -0.222523 0.000000 -0.974927
vn -0.222523 0.000000 -0.974927
vn -0.222523 0.000000 -0.974927
vn -0.900967 -0.000000 -0.433887
vn -0.900967 -0.000000 -0.433887
vn -0.900967 -0.000000 -0.433887
vn -0.900967 -0.000000 -0.433887
vn -0.900968 -0.000000 0.433886
vn -0.900968 -0.000000 0.433886
vn -0.900968 -0.000000 0.433886
vn -0.900968 -0.000000 0.433886
vn 0.000000 -1.000000 0.000000
vn 0.000000 -1.000000 0.000000
vn 0.000000 -1.000000 0.000000
vn 0.000000 -1.000000 0.000000
vn 0.000000 -1.000000 0.000000
vn 0.000000 -1.000000 0.000000
vn 0.000000 -1.000000 0.000000
vn 0.000000 -1.000000 0.000000
vn 0.000000 1.000000 0.000000
vn 0.000000 1.000000 0.000001
vn 0.000000 1.000000 0.000000
vn 0.000000 1.000000 0.000001
vn 0.000000 1.000000 0.000000
vn 0.000000 1.000000 -0.000001
vn 0.000000 1.000000 -0.000001
vn 0.000000 1.000000 0.000000
vn -0.222515 0.000000 0.974929
vn -0.222515 0.000000 0.974929
vn -0.222515 0.000000 0.974929
vn -0.222515 0.000000 0.974929
vn 0.623487 0.000000 0.781834
vn 0.623487 0.000000 0.781834
vn 0.623487 0.000000 0.781834
vn 0.623487 0.000000 0.781834
vn 1.000000 0.000000 -0.000009
vn 1.000000 0.000000 -0.000009
vn 1.000000 0.000000 -0.000009
vn 1.000000 0.000000 -0.000009
vn 0.623501 0.000000 -0.781822
vn 0.623501 0.000000 -0.781822
vn 0.623501 0.000000 -0.781822
vn 0.623501 0.000000 -0.781822
vn -0.222533 0.000000 -0.974925
vn -0.222533 0.000000 -0.974925
vn -0.222533 0.000000 -0.974925
vn -0.222533 0.000000 -0.974925
vn -0.900966 0.000000 -0.433889
vn -0.900966 0.000000 -0.433889
vn -0.900966 0.000000 -0.433889
vn -0.900966 0.000000 -0.433889
vn -0.900970 0.000000 0.433882
vn -0.900970 0.000000 0.433882
vn -0.900970 0.000000 0.433882
vn -0.900970 0.000000 0.433882
vn 0.000000 -1.000000 0.000000
vn 0.000000 -1.000000 0.000000
vn 0.000000 -1.000000 0.000000
vn 0.000000 -1.000000 0.000000
vn 0.000000 1.000000 0.000000
vn 0.000000 1.000000 0.000000
vn 0.000000 1.000000 0.000000
vn 0.000000 1.000000 0.000000
vn 0.000000 0.000000 1.000000
vn 0.000000 0.000000 1.000000
vn 0.000000 0.000000 1.000000
vn 0.000000 0.000000 1.000000
vn 0.000000 -1.000000 0.000000
vn 0.000000 -1.000000 0.000000
vn 0.000000 -1.000000 0.000000
vn 0.000000 -1.000000 0.000000
vn 0.000000 1.000000 0.000000
vn 0.000000 1.000000 0.000000
vn 0.000000 1.000000 0.000000
vn 0.000000 1.000000 0.000000
vn 0.000000 -1.000000 0.000004
vn 0.000000 -1.000000 0.000004
vn 0.000000 -1.000000 0.000004
vn 0.000000 -1.000000 0.000004
vn 0.000000 0.000000 -1.000000
vn 0.000000 0.000000 -1.000000
vn 0.000000 0.000000 -1.000000
vn 0.000000 0.000000 -1.000000
vn 0.000000 1.000000 0.000000
vn 0.000000 1.000000 0.000000
vn 0.000000 1.000000 0.000000
vn 0.000000 1.000000 0.000000
vn 0.000000 0.000000 -1.000000
vn 0.000000 0.000000 -1.000000
vn 0.000000 0.000000 -1.000000
vn 0.000000 0.000000 -1.000000
vn 0.000000 1.000000 0.000000
vn 0.000000 1.000000 0.000000
vn 0.000000 1.000000 0.000000
vn 0.000000 1.000000 0.000000
vn 0.000000 0.000000 1.000000
vn 0.000000 0.000000 1.000000
vn 0.000000 0.000000 1.000000
vn 0.000000 0.000000 1.000000
vn 0.000000 -1.000000 0.000000
vn 0.000000 -1.000000 0.000000
vn 0.000000 -1.000000 0.000000
vn 0.000000 -1.000000 0.000000
vn -1.000000 0.000000 0.000000
vn -1.000000 0.000000 0.000000
vn -1.000000 0.000000 0.000000
vn -1.000000 0.000000 0.000000
vn 1.000000 0.000000 0.000000
vn 1.000000 0.000000 0.000000
vn 1.000000 0.000000 0.000000
vn 1.000000 0.000000 0.000000
vn 1.000000 0.000000 0.000000
vn 1.000000 0.000000 0.000000
vn 1.000000 0.000000 0.000000
vn 1.000000 0.000000 0.000000
vn 0.000000 1.000000 0.000000
vn 0.000000 1.000000 0.000000
vn 0.000000 1.000000 0.000000
vn 0.000000 1.000000 0.000000
vn -1.000000 0.000000 0.000000
vn -1.000000 0.000000 0.000000
vn -1.000000 0.000000 0.000000
vn -1.000000 0.000000 0.000000
vn 0.000000 0.000000 1.000000
vn 0.000000 0.000000 1.000000
vn 0.000000 0.000000 1.000000
vn 0.000000 0.000000 1.000000
vn 0.000000 -1.000000 0.000000
vn 0.000000 -1.000000 0.000000
vn 0.000000 -1.000000 0.000000
vn 0.000000 -1.000000 0.000000
vn 0.000000 0.000000 -1.000000
vn 0.000000 0.000000 -1.000000
vn 0.000000 0.000000 -1.000000
vn 0.000000 0.000000 -1.000000
vn -0.000000 0.000000 0.000000
vn -0.935642 0.352951 0.000000
vn -0.935642 0.352951 0.000000
vn -0.935642 0.352951 0.000000
vn 0.000000 0.000000 1.000000
vn 0.000000 0.000000 1.000000
vn 0.000000 0.000000 1.000000
vn 0.000000 0.000000 1.000000
vn 1.000000 0.000000 0.000000
vn 0.000000 0.000000 0.000000
vn 1.000000 0.000000 0.000000
vn 1.000000 0.000000 0.000000
vn 0.000000 1.000000 -0.000003
vn 0.000000 1.000000 -0.000003
vn 0.000000 1.000000 -0.000003
vn 0.000000 1.000000 -0.000003
vn 0.000000 -0.439552 -0.898217
vn 0.000000 -0.439552 -0.898217
vn 0.000000 -0.439552 -0.898217
vn 0.000000 -0.439552 -0.898217
vn 1.000000 0.000000 0.000000
vn 1.000000 0.000000 0.000000
vn 1.000000 0.000000 0.000000
vn 1.000000 0.000000 0.000000
vn 0.000000 0.000000 1.000000
vn 0.000000 0.000000 1.000000
vn 0.000000 0.000000 1.000000
vn 0.000000 0.000000 1.000000
vn -1.000000 -0.000001 0.000000
vn -1.000000 -0.000001 0.000000
vn -1.000000 -0.000001 0.000000
vn -1.000000 -0.000001 0.000000
vn 0.700437 -0.713714 -0.000000
vn 0.700437 -0.713714 -0.000000
vn 0.700437 -0.713714 -0.000000
vn 0.700437 -0.713714 -0.000000
vn 0.707103 0.000008 -0.707111
vn 0.707103 0.000008 -0.707111
vn 0.707103 0.000008 -0.707111
vn 0.707103 0.000008 -0.707111
vn -0.698123 0.715978 0.000000
vn -0.698123 0.715978 0.000000
vn -0.698123 0.715978 0.000000
vn -0.698123 0.715978 0.000000
vn 0.707103 0.707111 0.000000
vn 0.707103 0.707111 0.000000
vn 0.707103 0.707111 0.000000
vn 0.707103 0.707111 0.000000
vn 0.579567 0.188968 0.792713
vn 0.579567 0.188968 0.792713
vn 0.579567 0.188968 0.792713
vn 0.579567 0.188968 0.792713
vn -1.000000 0.000000 0.000000
vn -1.000000 0.000000 0.000000
vn -1.000000 0.000000 0.000000
vn -1.000000 0.000000 0.000000
vn 0.000000 -1.000000 -0.000000
vn 0.000000 -1.000000 -0.000000
vn 0.000000 -1.000000 -0.000000
vn 0.000000 -1.000000 -0.000000
vn 0.707108 0.000000 0.707106
vn 0.707108 0.000000 0.707106
vn 0.707108 0.000000 0.707106
vn 0.707108 0.000000 0.707106
vn -0.602602 0.798042 0.000000
vn -0.602602 0.798042 0.000000
vn -0.602602 0.798042 0.000000
vn -0.602602 0.798042 0.000000
vn 0.707118 0.000000 -0.707095
vn 0.707118 0.000000 -0.707095
vn 0.707118 0.000000 -0.707095
vn 0.707118 0.000000 -0.707095
vn 1.000000 0.000000 0.000000
vn 1.000000 0.000000 0.000000
vn 1.000000 0.000000 0.000000
vn 1.000000 0.000000 0.000000
vn 0.707117 0.000000 -0.707097
vn 0.707117 0.000000 -0.707097
vn 0.707117 0.000000 -0.707097
vn 0.707117 0.000000 -0.707097
vn -1.000000 0.000000 0.000000
vn -1.000000 0.000000 0.000000
vn -1.000000 0.000000 0.000000
vn -1.000000 0.000000 0.000000
vn 0.707106 0.000000 0.707107
vn 0.707106 0.000000 0.707107
vn 0.707106 0.000000 0.707107
vn 0.707106 0.000000 0.707107
vn 0.000000 -1.000000 0.000000
vn 0.000000 -1.000000 0.000000
vn 0.000000 -1.000000 0.000000
vn 0.000000 -1.000000 0.000000
vn 0.000000 0.000000 -1.000000
vn 0.000000 0.000000 -1.000000
vn 0.000000 0.000000 -1.000000
vn 0.000000 0.000000 -1.000000
vn 0.000000 1.000000 0.000000
vn 0.000000 1.000000 0.000000
vn 0.000000 1.000000 0.000000
vn 0.000000 1.000000 0.000000
vn 1.000000 0.000000 0.000000
vn 1.000000 0.000000 0.000000
vn 1.000000 0.000000 0.000000
vn 1.000000 0.000000 0.000000
vn 0.000000 0.000000 1.000000
vn 0.000000 0.000000 1.000000
vn 0.000000 0.000000 1.000000
vn 0.000000 0.000000 1.000000
vn -1.000000 0.000000 0.000000
vn -1.000000 0.000000 0.000000
vn -1.000000 0.000000 0.000000
vn -1.000000 0.000000 0.000000
vn 0.000000 1.000000 -0.000001
vn 0.000000 1.000000 -0.000001
vn 0.000000 1.000000 -0.000001
vn 0.000000 1.000000 -0.000001
vn 1.000000 0.000000 0.000000
vn 1.000000 0.000000 0.000000
vn 1.000000 0.000000 0.000000
vn 1.000000 0.000000 0.000000
vn 0.000000 -1.000000 -0.000001
vn 0.000000 -1.000000 -0.000001
vn 0.000000 -1.000000 -0.000001
vn 0.000000 -1.000000 -0.000001
vn -0.898216 0.000000 -0.439554
vn -0.898216 0.000000 -0.439554
vn -0.898216 0.000000 -0.439554
vn -0.898216 0.000000 -0.439554
vn -0.898216 0.000000 0.439554
vn -0.898216 0.000000 0.439554
vn -0.898216 0.000000 0.439554
vn -0.898216 0.000000 0.439554
vn 0.000000 -1.000000 0.000000
vn 0.000000 -1.000000 0.000000
vn 0.000000 -1.000000 0.000000
vn 0.000000 -1.000000 0.000000
vn 1.000000 0.000000 0.000000
vn 1.000000 0.000000 0.000000
vn 1.000000 0.000000 0.000000
vn 1.000000 0.000000 0.000000
vn 0.000000 1.000000 0.000001
vn 0.000000 1.000000 0.000001
vn 0.000000 1.000000 0.000001
vn 0.000000 1.000000 0.000001
vn 0.999301 0.000000 -0.037385
vn 0.999301 0.000000 -0.037385
vn 0.999301 0.000000 -0.037385
vn 0.999301 0.000000 -0.037385
vn 0.593806 0.000000 -0.804608
vn 0.593806 0.000000 -0.804608
vn 0.593806 0.000000 -0.804608
vn 0.593806 0.000000 -0.804608
vn -0.258825 0.000000 -0.965924
vn -0.258825 0.000000 -0.965924
vn -0.258825 0.000000 -0.965924
vn -0.258825 0.000000 -0.965924
vn -0.916558 0.000000 -0.399902
vn -0.916558 0.000000 -0.399902
vn -0.916558 0.000000 -0.399902
vn -0.916558 0.000000 -0.399902
vn -0.884115 0.000000 0.467268
vn -0.884115 0.000000 0.467268
vn -0.884115 0.000000 0.467268
vn -0.884115 0.000000 0.467268
vn -0.185908 0.000000 0.982567
vn -0.185908 0.000000 0.982567
vn -0.185908 0.000000 0.982567
vn -0.185908 0.000000 0.982567
vn 0.652275 0.000000 0.757982
vn 0.652275 0.000000 0.757982
vn 0.652275 0.000000 0.757982
vn 0.652275 0.000000 0.757982
vn 0.000000 -1.000000 -0.000000
vn 0.000000 -1.000000 0.000000
vn 0.000000 -1.000000 -0.000000
vn 0.000000 -1.000000 -0.000000
vn 0.000000 -1.000000 0.000000
vn 0.000000 -1.000000 0.000000
vn 0.000000 -1.000000 -0.000001
vn 0.000000 -1.000000 -0.000001
vn 0.000000 1.000000 -0.000000
vn 0.000000 1.000000 0.000000
vn 0.000000 1.000000 0.000000
vn 0.000000 1.000000 -0.000000
vn 0.000000 1.000000 -0.000001
vn 0.000000 1.000000 0.000001
vn 0.000000 1.000000 0.000001
vn 0.000000 1.000000 -0.000000
vn 0.859327 0.510415 -0.032150
vn 0.859327 0.510415 -0.032150
vn 0.859327 0.510415 -0.032150
vn 0.859327 0.510415 -0.032150
vn 0.513889 0.501067 -0.696312
vn 0.513889 0.501067 -0.696312
vn 0.513889 0.501067 -0.696312
vn 0.513889 0.501067 -0.696312
vn -0.226223 0.485872 -0.844246
vn -0.226223 0.485872 -0.844246
vn -0.226223 0.485872 -0.844246
vn -0.226223 0.485872 -0.844246
vn -0.805908 0.476311 -0.351624
vn -0.805908 0.476311 -0.351624
vn -0.805908 0.476311 -0.351624
vn -0.805908 0.476311 -0.351624
vn -0.775623 0.479967 0.409927
vn -0.775624 0.479967 0.409927
vn -0.775623 0.479967 0.409927
vn -0.775624 0.479967 0.409927
vn -0.161643 0.493897 0.854364
vn -0.161643 0.493897 0.854364
vn -0.161643 0.493897 0.854364
vn -0.161643 0.493897 0.854364
vn 0.562111 0.507314 0.653194
vn 0.562112 0.507314 0.653194
vn 0.562112 0.507314 0.653195
vn 0.562111 0.507314 0.653194
vn 0.999301 0.000000 -0.037390
vn 0.999301 0.000000 -0.037390
vn 0.999301 0.000000 -0.037390
vn 0.999301 0.000000 -0.037390
vn 0.593815 0.000000 -0.804602
vn 0.593815 0.000000 -0.804602
vn 0.593815 0.000000 -0.804602
vn 0.593815 0.000000 -0.804602
vn -0.258829 0.000000 -0.965923
vn -0.258829 0.000000 -0.965923
vn -0.258829 0.000000 -0.965923
vn -0.258829 0.000000 -0.965923
vn -0.916559 0.000000 -0.399900
vn -0.916559 0.000000 -0.399900
vn -0.916559 0.000000 -0.399900
vn -0.916559 0.000000 -0.399900
vn -0.884115 0.000000 0.467270
vn -0.884115 0.000000 0.467270
vn -0.884115 0.000000 0.467270
vn -0.884115 0.000000 0.467270
vn -0.185875 0.000000 0.982573
vn -0.185875 0.000000 0.982573
vn -0.185875 0.000000 0.982573
vn -0.185875 0.000000 0.982573
vn 0.652290 0.000000 0.757970
vn 0.652290 0.000000 0.757970
vn 0.652290 0.000000 0.757970
vn 0.652290 0.000000 0.757970
vn 0.977773 -0.206446 -0.036593
vn 0.977774 -0.206446 -0.036593
vn 0.977774 -0.206446 -0.036593
vn 0.977774 -0.206446 -0.036593
vn 0.581625 -0.201594 -0.788081
vn 0.581625 -0.201594 -0.788081
vn 0.581625 -0.201594 -0.788081
vn 0.581625 -0.201594 -0.788081
vn -0.253913 -0.193852 -0.947602
vn -0.253913 -0.193852 -0.947602
vn -0.253913 -0.193852 -0.947602
vn -0.253913 -0.193852 -0.947602
vn -0.900027 -0.189087 -0.392679
vn -0.900027 -0.189087 -0.392679
vn -0.900027 -0.189087 -0.392679
vn -0.900027 -0.189087 -0.392679
vn -0.867861 -0.190890 0.458670
vn -0.867861 -0.190890 0.458670
vn -0.867861 -0.190890 0.458670
vn -0.867861 -0.190890 0.458670
vn -0.182211 -0.197914 0.963135
vn -0.182211 -0.197914 0.963135
vn -0.182211 -0.197914 0.963135
vn -0.182211 -0.197914 0.963135
vn 0.638458 -0.204827 0.741901
vn 0.638458 -0.204827 0.741901
vn 0.638458 -0.204827 0.741901
vn 0.638458 -0.204827 0.741901
vn 0.854320 -0.518764 -0.031969
vn 0.854320 -0.518764 -0.031969
vn 0.854320 -0.518764 -0.031969
vn 0.854320 -0.518764 -0.031969
vn 0.511017 -0.509360 -0.692397
vn 0.511017 -0.509360 -0.692397
vn 0.511017 -0.509360 -0.692397
vn 0.511017 -0.509360 -0.692397
vn -0.225021 -0.494094 -0.839784
vn -0.225021 -0.494094 -0.839784
vn -0.225021 -0.494094 -0.839784
vn -0.225021 -0.494094 -0.839784
vn -0.801806 -0.484486 -0.349829
vn -0.801806 -0.484486 -0.349829
vn -0.801806 -0.484486 -0.349829
vn -0.801806 -0.484486 -0.349829
vn -0.771610 -0.488169 0.407810
vn -0.771610 -0.488169 0.407810
vn -0.771610 -0.488169 0.407810
vn -0.771610 -0.488169 0.407810
vn -0.160759 -0.502178 0.849690
vn -0.160759 -0.502178 0.849690
vn -0.160759 -0.502178 0.849690
vn -0.160759 -0.502178 0.849690
vn 0.558880 -0.515644 0.649435
vn 0.558880 -0.515644 0.649435
vn 0.558880 -0.515644 0.649435
vn 0.558880 -0.515644 0.649435
vn 0.593343 -0.804801 -0.015453
vn 0.593343 -0.804801 -0.015453
vn 0.593343 -0.804801 -0.015453
vn 0.593343 -0.804801 -0.015453
vn 0.261854 -0.932974 -0.246965
vn 0.261854 -0.932974 -0.246965
vn 0.261854 -0.932974 -0.246965
vn 0.261854 -0.932974 -0.246965
vn -0.102657 -0.958303 -0.266677
vn -0.102657 -0.958303 -0.266677
vn -0.102657 -0.958303 -0.266677
vn -0.102657 -0.958303 -0.266677
vn -0.532545 -0.830806 -0.161734
vn -0.532545 -0.830806 -0.161734
vn -0.532545 -0.830806 -0.161734
vn -0.532545 -0.830806 -0.161734
vn -0.493290 -0.850724 0.181478
vn -0.493290 -0.850724 0.181478
vn -0.493290 -0.850724 0.181478
vn -0.493290 -0.850724 0.181478
vn -0.071374 -0.962266 0.262585
vn -0.071374 -0.962266 0.262585
vn -0.071374 -0.962266 0.262585
vn -0.071374 -0.962266 0.262585
vn 0.292604 -0.926482 0.236674
vn 0.292604 -0.926482 0.236674
vn 0.292604 -0.926482 0.236674
vn 0.292604 -0.926482 0.236674
vn 0.000000 0.000000 -1.000000
vn 0.000000 0.000000 -1.000000
vn 0.000000 0.000000 -1.000000
vn 0.000000 0.000000 -1.000000
vn 0.000000 1.000000 0.000000
vn 0.000000 1.000000 0.000000
vn 0.000000 1.000000 0.000000
vn 0.000000 1.000000 0.000000
vn 0.000000 0.000000 1.000000
vn 0.000000 0.000000 1.000000
vn 0.000000 0.000000 1.000000
vn 0.000000 0.000000 1.000000
vn 1.000000 0.000000 0.000000
vn 1.000000 0.000000 0.000000
vn 1.000000 0.000000 0.000000
vn 1.000000 0.000000 0.000000
vn 0.000000 -1.000000 0.000000
vn 0.000000 -1.000000 0.000000
vn 0.000000 -1.000000 0.000000
vn 0.000000 -1.000000 0.000000
vn -1.000000 0.000000 0.000000
vn -1.000000 0.000000 0.000000
vn -1.000000 0.000000 0.000000
vn -1.000000 0.000000 0.000000
vn 0.000000 0.000000 0.000000
vn 0.000000 0.000000 1.000000
vn 0.000000 0.000000 1.000000
vn 0.000000 0.000000 1.000000
vn 1.000000 0.000000 0.000000
vn 1.000000 0.000000 0.000000
vn 1.000000 0.000000 0.000000
vn 1.000000 0.000000 0.000000
vn 0.000000 0.000000 -1.000000
vn 0.000000 0.000000 -0.000000
vn 0.000000 0.000000 -1.000000
vn 0.000000 0.000000 -1.000000
vn -0.000004 1.000000 0.000000
vn -0.000004 1.000000 0.000000
vn -0.000004 1.000000 0.000000
vn -0.000004 1.000000 0.000000
vn -0.898217 -0.439552 0.000000
vn -0.898217 -0.439552 0.000000
vn -0.898217 -0.439552 0.000000
vn -0.898217 -0.439552 0.000000
vn 0.000000 0.000000 -1.000000
vn 0.000000 0.000000 -1.000000
vn 0.000000 0.000000 -1.000000
vn 0.000000 0.000000 -1.000000
vn 1.000000 0.000000 0.000000
vn 1.000000 0.000000 0.000000
vn 1.000000 0.000000 0.000000
vn 1.000000 0.000000 0.000000
vn 0.000000 0.000000 1.000000
vn 0.000000 0.000000 1.000000
vn 0.000000 0.000000 1.000000
vn 0.000000 0.000000 1.000000
vn 0.000000 -1.000000 0.000000
vn 0.000000 -1.000000 0.000000
vn 0.000000 -1.000000 0.000000
vn 0.000000 -1.000000 0.000000
vn 0.000000 0.000000 -1.000000
vn 0.000000 0.000000 -1.000000
vn 0.000000 0.000000 -1.000000
vn 0.000000 0.000000 -1.000000
vn 0.000000 1.000000 0.000000
vn 0.000000 1.000000 0.000000
vn 0.000000 1.000000 0.000000
vn 0.000000 1.000000 0.000000
vn 1.000000 0.000000 0.000000
vn 1.000000 0.000000 0.000000
vn 1.000000 0.000000 0.000000
vn 1.000000 0.000000 0.000000
vn -1.000000 0.000000 0.000000
vn -1.000000 0.000000 0.000000
vn -1.000000 0.000000 0.000000
vn -1.000000 0.000000 0.000000
vn 0.000000 1.000000 -0.000001
vn 0.000000 1.000000 -0.000001
vn 0.000000 1.000000 -0.000001
vn 0.000000 1.000000 -0.000001
vn 1.000000 0.000000 0.000000
vn 1.000000 0.000000 0.000000
vn 1.000000 0.000000 0.000000
vn 1.000000 0.000000 0.000000
vn 0.000000 -1.000000 0.000000
vn 0.000000 -1.000000 0.000000
vn 0.000000 -1.000000 0.000000
vn 0.000000 -1.000000 0.000000
vn -0.898219 0.000000 -0.439548
vn -0.898219 0.000000 -0.439548
vn -0.898219 0.000000 -0.439548
vn -0.898219 0.000000 -0.439548
vn 0.707110 0.000000 0.707103
vn 0.707110 0.000000 0.707103
vn 0.707110 0.000000 0.707103
vn 0.707110 0.000000 0.707103
vn 0.000000 -1.000000 -0.000000
vn 0.000000 -1.000000 -0.000000
vn 0.000000 -1.000000 -0.000000
vn 0.000000 -1.000000 -0.000000
vn 0.000000 1.000000 0.000000
vn 0.000000 1.000000 0.000000
vn 0.000000 1.000000 0.000000
vn 0.000000 1.000000 0.000000
vn 0.000000 0.000000 -1.000000
vn 0.000000 0.000000 -1.000000
vn 0.000000 0.000000 -1.000000
vn 0.000000 0.000000 -1.000000
vn 1.000000 0.000000 0.000000
vn 1.000000 0.000000 0.000000
vn 1.000000 0.000000 0.000000
vn 1.000000 0.000000 0.000000
vn 0.000000 0.000000 1.000000
vn 0.000000 0.000000 1.000000
vn 0.000000 0.000000 1.000000
vn 0.000000 0.000000 1.000000
vn 0.439553 0.000000 0.898216
vn 0.439553 0.000000 0.898216
vn 0.439553 0.000000 0.898216
vn 0.439553 0.000000 0.898216
vn 0.000000 -1.000000 0.000000
vn 0.000000 -1.000000 0.000000
vn 0.000000 -1.000000 0.000000
vn 0.000000 -1.000000 0.000000
vn 0.000000 0.000000 -1.000000
vn 0.000000 0.000000 -1.000000
vn 0.000000 0.000000 -1.000000
vn 0.000000 0.000000 -1.000000
vn 0.000000 1.000000 0.000000
vn 0.000000 1.000000 0.000000
vn 0.000000 1.000000 0.000000
vn 0.000000 1.000000 0.000000
vn -0.707107 0.000000 -0.707107
vn -0.707107 0.000000 -0.707107
vn -0.707107 0.000000 -0.707107
vn -0.707107 0.000000 -0.707107
vn 0.000000 -1.000000 0.000000
vn 0.000000 -1.000000 0.000000
vn 0.000000 -1.000000 0.000000
vn 0.000000 -1.000000 0.000000
vn 0.000000 0.000000 1.000000
vn 0.000000 0.000000 1.000000
vn 0.000000 0.000000 1.000000
vn 0.000000 0.000000 1.000000
vn 0.000000 1.000000 0.000000
vn 0.000000 1.000000 0.000000
vn 0.000000 1.000000 0.000000
vn 0.000000 1.000000 0.000000
vn -1.000000 0.000000 0.000000
vn -1.000000 0.000000 0.000000
vn -1.000000 0.000000 0.000000
vn -1.000000 0.000000 0.000000
vn 0.000000 0.000000 -1.000000
vn 0.000000 0.000000 -1.000000
vn 0.000000 0.000000 -1.000000
vn 0.000000 0.000000 -1.000000
vn 1.000000 0.000000 0.000000
vn 1.000000 0.000000 0.000000
vn 1.000000 0.000000 0.000000
vn 1.000000 0.000000 0.000000
vn 0.000000 1.000000 -0.000001
vn 0.000000 1.000000 -0.000001
vn 0.000000 1.000000 -0.000001
vn 0.000000 1.000000 -0.000001
vn -1.000000 0.000000 0.000000
vn -1.000000 0.000000 0.000000
vn -1.000000 0.000000 0.000000
vn -1.000000 0.000000 0.000000
vn 0.000000 -1.000000 0.000000
vn 0.000000 -1.000000 0.000000
vn 0.000000 -1.000000 0.000000
vn 0.000000 -1.000000 0.000000
vn 0.898219 0.000000 0.439549
vn 0.898219 0.000000 0.439549
vn 0.898219 0.000000 0.439549
vn 0.898219 0.000000 0.439549
vn 0.898216 0.000000 -0.439554
vn 0.898216 0.000000 -0.439554
vn 0.898216 0.000000 -0.439554
vn 0.898216 0.000000 -0.439554
vn 0.000000 -1.000000 0.000000
vn 0.000000 -1.000000 0.000000
vn 0.000000 -1.000000 0.000000
vn 0.000000 -1.000000 0.000000
vn -1.000000 0.000000 0.000000
vn -1.000000 0.000000 0.000000
vn -1.000000 0.000000 0.000000
vn -1.000000 0.000000 0.000000
vn 0.000000 1.000000 0.000000
vn 0.000000 1.000000 0.000000
vn 0.000000 1.000000 0.000000
vn 0.000000 1.000000 0.000000
vn 0.000000 -0.713713 0.700438
vn 0.000000 -0.713713 0.700438
vn 0.000000 -0.713713 0.700438
vn 0.000000 -0.713713 0.700438
vn 0.792710 0.188962 0.579573
vn 0.792710 0.188962 0.579573
vn 0.792710 0.188962 0.579573
vn 0.792710 0.188962 0.579573
vn -0.000000 0.715978 -0.698123
vn -0.000000 0.715978 -0.698123
vn -0.000000 0.715978 -0.698123
vn -0.000000 0.715978 -0.698123
vn 0.000000 0.707097 0.707116
vn 0.000000 0.707097 0.707116
vn 0.000000 0.707097 0.707116
vn 0.000000 0.707097 0.707116
vn -0.707103 -0.000008 0.707111
vn -0.707103 -0.000008 0.707111
vn -0.707103 -0.000008 0.707111
vn -0.707103 -0.000008 0.707111
vn 0.000000 0.000000 -1.000000
vn 0.000000 0.000000 -1.000000
vn 0.000000 0.000000 -1.000000
vn 0.000000 0.000000 -1.000000
vn 0.000000 -1.000000 0.000008
vn 0.000000 -1.000000 0.000008
vn 0.000000 -1.000000 0.000008
vn 0.000000 -1.000000 0.000008
vn -0.707115 0.000000 0.707099
vn -0.707115 0.000000 0.707099
vn -0.707115 0.000000 0.707099
vn -0.707115 0.000000 0.707099
vn -0.000000 0.798048 -0.602594
vn -0.000000 0.798048 -0.602594
vn -0.000000 0.798048 -0.602594
vn -0.000000 0.798048 -0.602594
vn 0.707102 0.000000 0.707112
vn 0.707102 0.000000 0.707112
vn 0.707102 0.000000 0.707112
vn 0.707102 0.000000 0.707112
vn 0.000000 0.000000 1.000000
vn 0.000000 0.000000 1.000000
vn 0.000000 0.000000 1.000000
vn 0.000000 0.000000 1.000000
vn 0.707100 0.000000 0.707113
vn 0.707100 0.000000 0.707113
vn 0.707100 0.000000 0.707113
vn 0.707100 0.000000 0.707113
vn 0.000000 0.000000 -1.000000
vn 0.000000 0.000000 -1.000000
vn 0.000000 0.000000 -1.000000
vn 0.000000 0.000000 -1.000000
vn -0.707117 0.000000 0.707097
vn -0.707117 0.000000 0.707097
vn -0.707117 0.000000 0.707097
vn -0.707117 0.000000 0.707097
vn -1.000000 0.000000 0.000000
vn -1.000000 0.000000 0.000000
vn -1.000000 0.000000 0.000000
vn -1.000000 0.000000 0.000000
vn 0.000000 1.000000 0.000000
vn 0.000000 1.000000 0.000000
vn 0.000000 1.000000 0.000000
vn 0.000000 1.000000 0.000000
vn 1.000000 0.000000 0.000000
vn 1.000000 0.000000 0.000000
vn 1.000000 0.000000 0.000000
vn 1.000000 0.000000 0.000000
vn 0.000000 0.000000 -1.000000
vn 0.000000 0.000000 -1.000000
vn 0.000000 0.000000 -1.000000
vn 0.000000 0.000000 -1.000000
vn 0.000000 -1.000000 0.000000
vn 0.000000 -1.000000 0.000000
vn 0.000000 -1.000000 0.000000
vn 0.000000 -1.000000 0.000000
vn 0.000000 0.000000 1.000000
vn 0.000000 0.000000 1.000000
vn 0.000000 0.000000 1.000000
vn 0.000000 0.000000 1.000000
vn 0.000000 0.000000 0.000000
vn 0.935642 0.352951 0.000000
vn 0.935642 0.352951 0.000000
vn 0.935642 0.352951 0.000000
vn 0.000000 0.000000 -1.000000
vn 0.000000 0.000000 -1.000000
vn 0.000000 0.000000 -1.000000
vn 0.000000 0.000000 -1.000000
vn -0.999983 0.005894 0.000000
vn -0.000000 0.000000 0.000000
vn -0.999983 0.005894 0.000000
vn -0.999983 0.005894 0.000000
vn 0.000000 1.000000 0.000003
vn 0.000000 1.000000 0.000003
vn 0.000000 1.000000 0.000003
vn 0.000000 1.000000 0.000003
vn 0.000000 -0.439552 0.898217
vn 0.000000 -0.439552 0.898217
vn 0.000000 -0.439552 0.898217
vn 0.000000 -0.439552 0.898217
vn -1.000000 -0.000000 0.000000
vn -1.000000 -0.000000 0.000000
vn -1.000000 -0.000000 0.000000
vn -1.000000 -0.000000 0.000000
vn 0.000000 0.000000 -1.000000
vn 0.000000 0.000000 -1.000000
vn 0.000000 0.000000 -1.000000
vn 0.000000 0.000000 -1.000000
vn 1.000000 -0.000001 0.000000
vn 1.000000 -0.000001 0.000000
vn 1.000000 -0.000001 0.000000
vn 1.000000 -0.000001 0.000000
vn 0.000000 -1.000000 0.000000
vn 0.000000 -1.000000 0.000000
vn 0.000000 -1.000000 0.000000
vn 0.000000 -1.000000 0.000000
vn 0.000000 0.000000 1.000000
vn 0.000000 0.000000 1.000000
vn 0.000000 0.000000 1.000000
vn 0.000000 0.000000 1.000000
vn 0.000000 1.000000 0.000000
vn 0.000000 1.000000 0.000000
vn 0.000000 1.000000 0.000000
vn 0.000000 1.000000 0.000000
vn -1.000000 0.000000 0.000000
vn -1.000000 0.000000 0.000000
vn -1.000000 0.000000 0.000000
vn -1.000000 0.000000 0.000000
vn 0.000000 0.000000 -1.000000
vn 0.000000 0.000000 -1.000000
vn 0.000000 0.000000 -1.000000
vn 0.000000 0.000000 -1.000000
vn 1.000000 0.000000 0.000000
vn 1.000000 0.000000 0.000000
vn 1.000000 0.000000 0.000000
vn 1.000000 0.000000 0.000000
vn 0.000000 0.000000 -1.000000
vn 0.000000 0.000000 -1.000000
vn 0.000000 0.000000 -1.000000
vn 0.000000 0.000000 -1.000000
vn 0.000000 1.000000 0.000000
vn 0.000000 1.000000 0.000000
vn 0.000000 1.000000 0.000000
vn 0.000000 1.000000 0.000000
vn 0.000000 0.000000 1.000000
vn 0.000000 0.000000 1.000000
vn 0.000000 0.000000 1.000000
vn 0.000000 0.000000 1.000000
vn 0.000000 -1.000000 0.000000
vn 0.000000 -1.000000 0.000000
vn 0.000000 -1.000000 0.000000
vn 0.000000 -1.000000 0.000000
vn -1.000000 0.000000 0.000000
vn -1.000000 0.000000 0.000000
vn -1.000000 0.000000 0.000000
vn -1.000000 0.000000 0.000000
vn 1.000000 0.000000 0.000000
vn 1.000000 0.000000 0.000000
vn 1.000000 0.000000 0.000000
vn 1.000000 0.000000 0.000000
vn 0.000000 1.000000 0.000000
vn 0.000000 1.000000 0.000000
vn 0.000000 1.000000 0.000000
vn 0.000000 1.000000 0.000000
vn 0.000000 0.000000 -1.000000
vn 0.000000 0.000000 -1.000000
vn 0.000000 0.000000 -1.000000
vn 0.000000 0.000000 -1.000000
vn 0.000000 -1.000000 0.000000
vn 0.000000 -1.000000 0.000000
vn 0.000000 -1.000000 0.000000
vn 0.000000 -1.000000 0.000000
vn -1.000000 0.000000 0.000000
vn -1.000000 0.000000 0.000000
vn -1.000000 0.000000 0.000000
vn -1.000000 0.000000 0.000000
vn 0.000000 0.000000 1.000000
vn 0.000000 0.000000 1.000000
vn 0.000000 0.000000 1.000000
vn 0.000000 0.000000 1.000000
vn 1.000000 0.000000 0.000000
vn 1.000000 0.000000 0.000000
vn 1.000000 0.000000 0.000000
vn 1.000000 0.000000 0.000000
vn 0.000000 -1.000000 0.000000
vn 0.000000 -1.000000 0.000000
vn 0.000000 -1.000000 0.000000
vn 0.000000 -1.000000 0.000000
vn -1.000000 0.000000 0.000000
vn -1.000000 0.000000 0.000000
vn -1.000000 0.000000 0.000000
vn -1.000000 0.000000 0.000000
vn 0.000000 1.000000 0.000000
vn 0.000000 1.000000 0.000000
vn 0.000000 1.000000 0.000000
vn 0.000000 1.000000 0.000000
vn 0.000000 0.000000 -1.000000
vn 0.000000 0.000000 -1.000000
vn 0.000000 0.000000 -1.000000
vn 0.000000 0.000000 -1.000000
vn 1.000000 0.000000 0.000000
vn 1.000000 0.000000 0.000000
vn 1.000000 0.000000 0.000000
vn 1.000000 0.000000 0.000000
vn 0.000000 0.000000 1.000000
vn 0.000000 0.000000 1.000000
vn 0.000000 0.000000 1.000000
vn 0.000000 0.000000 1.000000
vn 0.000000 0.000000 1.000000
vn 0.000000 0.000000 1.000000
vn 0.000000 0.000000 1.000000
vn 0.000000 0.000000 1.000000
vn 1.000000 0.000000 0.000000
vn 1.000000 0.000000 0.000000
vn 0.000000 0.000000 -1.000000
vn 0.000000 0.000000 -1.000000
vn -1.000000 0.000000 0.000000
vn -1.000000 0.000000 0.000000
vn 0.000000 0.640552 0.767915
vn 0.000000 0.640552 0.767915
vn 0.000000 0.640552 0.767915
vn 0.000000 0.640552 0.767915
vn -0.265810 0.000000 0.964025
vn -0.265810 0.000000 0.964025
vn -0.265810 0.000000 0.964025
vn -0.265810 0.000000 0.964025
vn 0.000000 -0.640553 0.767914
vn 0.000000 -0.640553 0.767914
vn 0.000000 -0.640553 0.767914
vn 0.000000 -0.640553 0.767914
vn 0.265810 0.000000 0.964025
vn 0.265810 0.000000 0.964025
vn 0.265810 0.000000 0.964025
vn 0.265810 0.000000 0.964025
vn 0.000000 1.000000 0.000000
vn 0.000000 1.000000 0.000000
vn 0.000000 1.000000 0.000000
vn 0.000000 1.000000 0.000000
vn -1.000000 0.000000 0.000000
vn -1.000000 0.000000 0.000000
vn -1.000000 0.000000 0.000000
vn -1.000000 0.000000 0.000000
vn 0.000000 -1.000000 0.000000
vn 0.000000 -1.000000 0.000000
vn 0.000000 -1.000000 0.000000
vn 0.000000 -1.000000 0.000000
vn 1.000000 0.000000 0.000000
vn 1.000000 0.000000 0.000000
vn 1.000000 0.000000 0.000000
vn 1.000000 0.000000 0.000000
vn 0.000000 0.000000 1.000000
vn 0.000000 0.000000 1.000000
vn 0.000000 0.000000 1.000000
vn 0.000000 0.000000 1.000000
vn -0.000002 0.000000 1.000000
vn -0.000002 0.000000 1.000000
vn -0.000002 0.000000 1.000000
vn -0.000002 0.000000 1.000000
vn 0.000000 0.000000 1.000000
vn 0.000000 0.000000 1.000000
vn 0.000000 0.000000 1.000000
vn 0.000000 0.000000 1.000000
vn 0.000003 0.000000 1.000000
vn 0.000003 0.000000 1.000000
vn 0.000003 0.000000 1.000000
vn 0.000003 0.000000 1.000000
vn 0.000000 1.000000 0.000000
vn 0.000000 1.000000 0.000000
vn 0.000000 1.000000 0.000000
vn 0.000000 1.000000 0.000000
vn -1.000000 0.000000 0.000000
vn -1.000000 0.000000 0.000000
vn -1.000000 0.000000 0.000000
vn -1.000000 0.000000 0.000000
vn 0.000000 -1.000000 0.000000
vn 0.000000 -1.000000 0.000000
vn 0.000000 -1.000000 0.000000
vn 0.000000 -1.000000 0.000000
vn 1.000000 0.000000 0.000000
vn 1.000000 0.000000 0.000000
vn 1.000000 0.000000 0.000000
vn 1.000000 0.000000 0.000000
vn 1.000000 0.000000 0.000000
vn 1.000000 0.000000 0.000000
vn 1.000000 0.000000 0.000000
vn 1.000000 0.000000 0.000000
vn 1.000000 0.000000 0.000000
vn 1.000000 0.000000 0.000000
vn 0.000000 -1.000000 0.000000
vn 0.000000 -1.000000 0.000000
vn 0.000000 -1.000000 0.000000
vn 0.000000 -1.000000 0.000000
vn -1.000000 0.000000 0.000000
vn -1.000000 0.000000 0.000000
vn -1.000000 0.000000 0.000000
vn -1.000000 0.000000 0.000000
vn -1.000000 0.000000 0.000000
vn -1.000000 0.000000 0.000000
vn 0.000000 1.000000 0.000000
vn 0.000000 1.000000 0.000000
vn 0.000000 1.000000 0.000000
vn 0.000000 1.000000 0.000000
vn 1.000000 0.000000 0.000000
vn 1.000000 0.000000 0.000000
vn 1.000000 0.000000 0.000000
vn 1.000000 0.000000 0.000000
vn 1.000000 0.000000 0.000000
vn 1.000000 0.000000 0.000000
vn 0.000000 -1.000000 0.000000
vn 0.000000 -1.000000 0.000000
vn 0.000000 -1.000000 0.000000
vn 0.000000 -1.000000 0.000000
vn 0.000000 1.000000 0.000000
vn 0.000000 1.000000 0.000000
vn 0.000000 1.000000 0.000000
vn 0.000000 1.000000 0.000000
vn -0.000008 0.000000 -1.000000
vn -0.000008 0.000000 -1.000000
vn -0.000008 0.000000 -1.000000
vn -0.000008 0.000000 -1.000000
vn 0.000004 0.000000 1.000000
vn 0.000004 0.000000 1.000000
vn 0.000004 0.000000 1.000000
vn 0.000004 0.000000 1.000000
vn -0.000009 0.000000 1.000000
vn -0.000009 0.000000 1.000000
vn -0.000009 0.000000 1.000000
vn -0.000009 0.000000 1.000000
vn 0.000004 0.000000 -1.000000
vn 0.000004 0.000000 -1.000000
vn 0.000004 0.000000 -1.000000
vn 0.000004 0.000000 -1.000000
vn 0.000000 0.000000 1.000000
vn 0.000000 0.000000 1.000000
vn 0.000000 0.000000 1.000000
vn 0.000000 0.000000 1.000000
vn 0.000000 0.000000 -1.000000
vn 0.000000 0.000000 -1.000000
vn 0.000000 0.000000 -1.000000
vn 0.000000 0.000000 -1.000000
vn 0.844934 -0.534871 0.000000
vn 0.844934 -0.534871 0.000000
vn 0.844934 -0.534871 0.000000
vn 0.844934 -0.534871 0.000000
vn 0.000000 0.000000 -1.000000
vn 0.000000 0.000000 -1.000000
vn 0.000000 0.000000 -1.000000
vn 0.000000 0.000000 -1.000000
vn 0.000000 0.000000 1.000000
vn 0.000000 0.000000 1.000000
vn 0.000000 0.000000 1.000000
vn 0.000000 0.000000 1.000000
vn 0.844934 0.534871 0.000000
vn 0.844934 0.534871 0.000000
vn 0.844934 0.534871 0.000000
vn 0.844934 0.534871 0.000000
vn 0.000000 -1.000000 0.000000
vn 0.000000 -1.000000 0.000000
vn 0.000000 -1.000000 0.000000
vn 0.000000 -1.000000 0.000000
vn 0.000000 0.000000 -1.000000
vn 0.000000 0.000000 -1.000000
vn 0.000000 0.000000 -1.000000
vn 0.000000 0.000000 -1.000000
vn 0.000000 1.000000 0.000000
vn 0.000000 1.000000 0.000000
vn 0.000000 1.000000 0.000000
vn 0.000000 1.000000 0.000000
vn 1.000000 0.000000 0.000000
vn 1.000000 0.000000 0.000000
vn 1.000000 0.000000 0.000000
vn 1.000000 0.000000 0.000000
vn 0.000000 0.160701 0.987003
vn 0.000000 0.046702 0.998909
vn 0.000000 0.046702 0.998909
vn 0.000000 0.160701 0.987003
vn -1.000000 0.000000 0.000000
vn -1.000000 0.000000 0.000000
vn -1.000000 0.000000 0.000000
vn -1.000000 0.000000 0.000000
vn 0.000000 -0.046702 0.998909
vn 0.000000 -0.160701 0.987003
vn 0.000000 -0.160701 0.987003
vn 0.000000 -0.046702 0.998909
vn 1.000000 -0.000000 0.000000
vn 1.000000 -0.000000 0.000000
vn 1.000000 -0.000000 0.000000
vn 1.000000 -0.000000 0.000000
vn 0.000000 0.000000 -1.000000
vn 0.000000 0.000000 -1.000000
vn 0.000000 0.000000 -1.000000
vn 0.000000 0.000000 -1.000000
vn -1.000000 0.000000 0.000000
vn -1.000000 0.000000 0.000000
vn -1.000000 0.000000 0.000000
vn -1.000000 0.000000 0.000000
vn -1.000000 0.000000 0.000000
vn -1.000000 0.000000 0.000000
vn -1.000000 0.000000 0.000000
vn -1.000000 0.000000 0.000000
vn 0.000000 0.000000 0.000000
vn 0.000000 0.000000 0.000000
vn 0.000000 0.000000 0.000000
vn 0.000000 0.000000 0.000000
vn -1.000000 0.000000 0.000000
vn -1.000000 0.000000 0.000000
vn -1.000000 0.000000 0.000000
vn -1.000000 0.000000 0.000000
vn 0.000000 0.000000 0.000000
vn 0.000000 0.000000 0.000000
vn 0.000000 0.000000 0.000000
vn 0.000000 0.000000 0.000000
vn -1.000000 0.000000 0.000000
vn -1.000000 0.000000 0.000000
vn -1.000000 0.000000 0.000000
vn -1.000000 0.000000 0.000000
vn 0.000000 1.000000 0.000000
vn 0.000000 1.000000 0.000000
vn 0.000000 1.000000 0.000000
vn 0.000000 1.000000 0.000000
vn 0.000000 0.000000 -1.000000
vn 0.000000 0.000000 -1.000000
vn 0.000000 0.000000 -1.000000
vn 0.000000 0.000000 -1.000000
vn 0.000000 -1.000000 0.000000
vn 0.000000 -1.000000 0.000000
vn 0.000000 -1.000000 0.000000
vn 0.000000 -1.000000 0.000000
vn 0.000000 0.000000 1.000000
vn 0.000000 0.000000 1.000000
vn 0.000000 0.000000 1.000000
vn 0.000000 0.000000 1.000000
vn 0.000000 0.000000 1.000000
vn 0.000000 0.000000 1.000000
vn 0.000000 0.000000 1.000000
vn 0.000000 0.000000 1.000000
vn 0.000000 1.000000 0.000000
vn 0.000000 1.000000 0.000000
vn 0.000000 1.000000 0.000000
vn 0.000000 1.000000 0.000000
vn 0.000000 0.000000 -1.000000
vn 0.000000 0.000000 -1.000000
vn 0.000000 0.000000 -1.000000
vn 0.000000 0.000000 -1.000000
vn -1.000000 0.000000 0.000000
vn -1.000000 0.000000 0.000000
vn -1.000000 0.000000 0.000000
vn -1.000000 0.000000 0.000000
vn 0.000000 -1.000000 0.000000
vn 0.000000 -1.000000 0.000000
vn 0.000000 -1.000000 0.000000
vn 0.000000 -1.000000 0.000000
vn 1.000000 0.000000 0.000000
vn 1.000000 0.000000 0.000000
vn 1.000000 0.000000 0.000000
vn 1.000000 0.000000 0.000000
vn 0.000000 0.000000 -0.000000
vn 0.000000 0.000000 -0.000000
vn 0.000000 0.000000 -0.000000
vn 0.000000 0.000000 -0.000000
vn -1.000000 0.000000 0.000000
vn -1.000000 0.000000 0.000000
vn -1.000000 0.000000 0.000000
vn -1.000000 0.000000 0.000000
vn 0.000000 0.000000 0.000000
vn 0.000000 0.000000 0.000000
vn 0.000000 0.000000 0.000000
vn 0.000000 0.000000 0.000000
vn 0.000004 1.000000 0.000000
vn 0.000004 1.000000 0.000000
vn 0.000004 1.000000 0.000000
vn 0.000004 1.000000 0.000000
vn 0.898217 -0.439553 0.000000
vn 0.898217 -0.439553 0.000000
vn 0.898217 -0.439553 0.000000
vn 0.898217 -0.439553 0.000000
vn 0.000000 0.000000 1.000000
vn 0.000000 0.000000 1.000000
vn 0.000000 0.000000 1.000000
vn 0.000000 0.000000 1.000000
vn -1.000000 0.000000 0.000000
vn -1.000000 0.000000 0.000000
vn -1.000000 0.000000 0.000000
vn -1.000000 0.000000 0.000000
vn 0.000000 0.000000 -1.000000
vn 0.000000 0.000000 -1.000000
vn 0.000000 0.000000 -1.000000
vn 0.000000 0.000000 -1.000000
vn 0.000000 -1.000000 0.000000
vn 0.000000 -1.000000 0.000000
vn 0.000000 -1.000000 0.000000
vn 0.000000 -1.000000 0.000000
vn 0.000000 0.000000 1.000000
vn 0.000000 0.000000 1.000000
vn 0.000000 0.000000 1.000000
vn 0.000000 0.000000 1.000000
vn 0.000000 1.000000 0.000000
vn 0.000000 1.000000 0.000000
vn 0.000000 1.000000 0.000000
vn 0.000000 1.000000 0.000000
vn -1.000000 0.000000 0.000000
vn -1.000000 0.000000 0.000000
vn -1.000000 0.000000 0.000000
vn -1.000000 0.000000 0.000000
vn 0.000000 0.000000 -1.000000
vn 0.000000 0.000000 -1.000000
vn 0.000000 0.000000 -1.000000
vn 0.000000 0.000000 -1.000000
vn 1.000000 0.000000 0.000000
vn 1.000000 0.000000 0.000000
vn 1.000000 0.000000 0.000000
vn 1.000000 0.000000 0.000000
vn 0.222514 -0.000000 -0.974929
vn 0.222514 -0.000000 -0.974929
vn 0.222514 -0.000000 -0.974929
vn 0.222514 -0.000000 -0.974929
vn -0.623481 -0.000000 -0.781838
vn -0.623481 -0.000000 -0.781838
vn -0.623481 -0.000000 -0.781838
vn -0.623481 -0.000000 -0.781838
vn -1.000000 0.000000 0.000000
vn -1.000000 0.000000 0.000000
vn -1.000000 0.000000 0.000000
vn -1.000000 0.000000 0.000000
vn -0.623487 0.000000 0.781834
vn -0.623487 0.000000 0.781834
vn -0.623487 0.000000 0.781834
vn -0.623487 0.000000 0.781834
vn 0.222516 0.000000 0.974929
vn 0.222516 0.000000 0.974929
vn 0.222516 0.000000 0.974929
vn 0.222516 0.000000 0.974929
vn 0.900966 0.000000 0.433889
vn 0.900966 0.000000 0.433889
vn 0.900966 0.000000 0.433889
vn 0.900966 0.000000 0.433889
vn 0.900970 -0.000000 -0.433882
vn 0.900970 -0.000000 -0.433882
vn 0.900970 -0.000000 -0.433882
vn 0.900970 -0.000000 -0.433882
vn 0.000000 -1.000000 0.000000
vn 0.000000 -1.000000 0.000000
vn 0.000000 -1.000000 0.000000
vn 0.000000 -1.000000 0.000000
vn 0.000000 -1.000000 0.000000
vn 0.000000 -1.000000 0.000000
vn 0.000000 -1.000000 0.000000
vn 0.000000 -1.000000 0.000000
vn 0.000000 1.000000 0.000000
vn 0.000000 1.000000 0.000000
vn 0.000000 1.000000 -0.000000
vn 0.000000 1.000000 -0.000001
vn 0.000000 1.000000 -0.000001
vn 0.000000 1.000000 0.000000
vn 0.000000 1.000000 0.000001
vn 0.000000 1.000000 0.000001
vn 0.000000 1.000000 0.000000
vn 0.222513 0.000000 -0.974930
vn 0.222513 0.000000 -0.974930
vn 0.222513 0.000000 -0.974930
vn 0.222513 0.000000 -0.974930
vn 0.182816 0.000000 0.983147
vn 0.182816 0.000000 0.983147
vn 0.182816 0.000000 0.983147
vn 0.182816 0.000000 0.983147
vn 0.886140 0.000000 0.463418
vn 0.886140 0.000000 0.463418
vn 0.886140 0.000000 0.463418
vn 0.886140 0.000000 0.463418
vn 0.900973 0.000000 -0.433875
vn 0.900973 0.000000 -0.433875
vn 0.900973 0.000000 -0.433875
vn 0.900973 0.000000 -0.433875
vn 0.000000 0.000000 -1.000000
vn 0.000000 0.000000 -1.000000
vn 0.000000 0.000000 -1.000000
vn 0.000000 0.000000 -1.000000
vn -0.623476 0.000000 -0.781842
vn -0.623476 0.000000 -0.781842
vn -0.623476 0.000000 -0.781842
vn -0.623476 0.000000 -0.781842
vn -0.997990 0.000000 0.063365
vn -0.997990 0.000000 0.063365
vn -0.997990 0.000000 0.063365
vn -0.997990 0.000000 0.063365
vn -0.608505 0.000000 0.793550
vn -0.608505 0.000000 0.793550
vn -0.608505 0.000000 0.793550
vn -0.608505 0.000000 0.793550
vn -0.000002 -1.000000 -0.000006
vn -0.000002 -1.000000 -0.000006
vn -0.000002 -1.000000 -0.000006
vn -0.000002 -1.000000 -0.000006
vn 0.000002 1.000000 0.000006
vn 0.000002 1.000000 0.000006
vn 0.000002 1.000000 0.000006
vn 0.000002 1.000000 0.000006
vn -0.000007 -1.000000 -0.000004
vn -0.000007 -1.000000 -0.000004
vn -0.000007 -1.000000 -0.000004
vn -0.000007 -1.000000 -0.000004
vn 0.265895 0.000000 -0.964002
vn 0.265895 0.000000 -0.964002
vn 0.265895 0.000000 -0.964002
vn 0.265895 0.000000 -0.964002
vn 0.000007 1.000000 0.000004
vn 0.000007 1.000000 0.000004
vn 0.000007 1.000000 0.000004
vn 0.000007 1.000000 0.000004
vn 0.000000 1.000000 0.000000
vn 0.000000 1.000000 0.000000
vn 0.000000 1.000000 0.000000
vn 0.000000 1.000000 0.000000
vn 0.000000 0.000000 -1.000000
vn 0.000000 0.000000 -1.000000
vn 0.000000 0.000000 -1.000000
vn 0.000000 0.000000 -1.000000
vn 0.000000 -1.000000 0.000004
vn 0.000000 -1.000000 0.000004
vn 0.000000 -1.000000 0.000004
vn 0.000000 -1.000000 0.000004
vn 0.000000 1.000000 -0.000001
vn 0.000000 1.000000 -0.000001
vn 0.000000 1.000000 -0.000001
vn 0.000000 1.000000 -0.000001
vn 0.000000 -1.000000 0.000000
vn 0.000000 -1.000000 0.000000
vn 0.000000 -1.000000 0.000000
vn 0.000000 -1.000000 0.000000
vn 0.000000 1.000000 -0.000001
vn 0.000000 1.000000 -0.000001
vn 0.000000 1.000000 -0.000001
vn 0.000000 1.000000 -0.000001
vn 0.000000 -1.000000 -0.000001
vn 0.000000 -1.000000 -0.000001
vn 0.000000 -1.000000 -0.000001
vn 0.000000 -1.000000 -0.000001
vn -0.700438 -0.713713 0.000000
vn -0.700438 -0.713713 0.000000
vn -0.700438 -0.713714 0.000000
vn -0.700438 -0.713713 0.000000
vn -0.707109 -0.000004 0.707105
vn -0.707109 -0.000004 0.707105
vn -0.707109 -0.000004 0.707105
vn -0.707109 -0.000004 0.707105
vn 0.698123 0.715978 -0.000000
vn 0.698123 0.715978 -0.000000
vn 0.698123 0.715978 -0.000000
vn 0.698123 0.715978 -0.000000
vn -0.707109 0.707105 0.000000
vn -0.707109 0.707105 0.000000
vn -0.707109 0.707105 0.000000
vn -0.707109 0.707105 0.000000
vn -0.579570 0.188965 -0.792711
vn -0.579570 0.188965 -0.792711
vn -0.579570 0.188965 -0.792711
vn -0.579570 0.188965 -0.792711
vn 1.000000 0.000000 0.000000
vn 1.000000 0.000000 0.000000
vn 1.000000 0.000000 0.000000
vn 1.000000 0.000000 0.000000
vn -0.000003 -1.000000 0.000000
vn -0.000003 -1.000000 0.000000
vn -0.000003 -1.000000 0.000000
vn -0.000003 -1.000000 0.000000
vn -0.707098 0.000000 -0.707116
vn -0.707098 0.000000 -0.707116
vn -0.707097 0.000000 -0.707116
vn -0.707098 0.000000 -0.707116
vn 0.602585 0.798055 0.000000
vn 0.602585 0.798055 0.000000
vn 0.602585 0.798055 0.000000
vn 0.602585 0.798055 0.000000
vn -0.707092 0.000000 0.707122
vn -0.707092 0.000000 0.707122
vn -0.707092 0.000000 0.707122
vn -0.707092 0.000000 0.707122
vn -1.000000 0.000000 0.000000
vn -1.000000 0.000000 0.000000
vn -1.000000 0.000000 0.000000
vn -1.000000 0.000000 0.000000
vn -0.707090 0.000000 0.707123
vn -0.707090 0.000000 0.707123
vn -0.707090 0.000000 0.707123
vn -0.707090 0.000000 0.707123
vn 1.000000 0.000000 0.000000
vn 1.000000 0.000000 0.000000
vn 1.000000 0.000000 0.000000
vn 1.000000 0.000000 0.000000
vn -0.707100 0.000000 -0.707113
vn -0.707100 0.000000 -0.707113
vn -0.707100 0.000000 -0.707113
vn -0.707100 0.000000 -0.707113
vn -0.974930 0.000000 -0.222513
vn -0.974930 0.000000 -0.222513
vn -0.974930 0.000000 -0.222513
vn -0.974930 0.000000 -0.222513
vn -0.781827 0.000000 0.623495
vn -0.781827 0.000000 0.623495
vn -0.781827 0.000000 0.623495
vn -0.781827 0.000000 0.623495
vn 0.000000 0.000000 1.000000
vn 0.000000 0.000000 1.000000
vn 0.000000 0.000000 1.000000
vn 0.000000 0.000000 1.000000
vn 0.781831 0.000000 0.623491
vn 0.781831 0.000000 0.623491
vn 0.781831 0.000000 0.623491
vn 0.781831 0.000000 0.623491
vn 0.974928 0.000000 -0.222523
vn 0.974928 0.000000 -0.222523
vn 0.974928 0.000000 -0.222523
vn 0.974928 0.000000 -0.222523
vn 0.433886 -0.000000 -0.900968
vn 0.433886 -0.000000 -0.900968
vn 0.433886 -0.000000 -0.900968
vn 0.433886 -0.000000 -0.900968
vn -0.433876 -0.000001 -0.900973
vn -0.433876 -0.000001 -0.900973
vn -0.433876 -0.000001 -0.900973
vn -0.433876 -0.000001 -0.900973
vn 0.000000 -1.000000 0.000000
vn 0.000000 -1.000000 0.000000
vn 0.000000 -1.000000 0.000000
vn 0.000000 -1.000000 0.000000
vn 0.000000 -1.000000 0.000000
vn 0.000000 -1.000000 0.000000
vn 0.000000 -1.000000 0.000000
vn 0.000000 -1.000000 0.000000
vn 0.000000 1.000000 0.000001
vn 0.000000 1.000000 0.000001
vn 0.000000 1.000000 0.000000
vn 0.000000 1.000000 0.000000
vn 0.000000 1.000000 -0.000001
vn 0.000000 1.000000 -0.000001
vn 0.000000 1.000000 0.000000
vn 0.000000 1.000000 0.000000
vn -0.974930 0.000000 -0.222513
vn -0.974930 0.000000 -0.222513
vn -0.974930 0.000000 -0.222513
vn -0.974930 0.000000 -0.222513
vn -0.781832 0.000000 0.623489
vn -0.781832 0.000000 0.623489
vn -0.781832 0.000000 0.623489
vn -0.781832 0.000000 0.623489
vn 0.000017 0.000000 1.000000
vn 0.000017 0.000000 1.000000
vn 0.000017 0.000000 1.000000
vn 0.000017 0.000000 1.000000
vn 0.781826 0.000000 0.623497
vn 0.781826 0.000000 0.623497
vn 0.781826 0.000000 0.623497
vn 0.781826 0.000000 0.623497
vn 0.974925 0.000000 -0.222533
vn 0.974925 0.000000 -0.222533
vn 0.974925 0.000000 -0.222533
vn 0.974925 0.000000 -0.222533
vn 0.433899 0.000000 -0.900962
vn 0.433899 0.000000 -0.900962
vn 0.433899 0.000000 -0.900962
vn 0.433899 0.000000 -0.900962
vn -0.433882 0.000000 -0.900970
vn -0.433882 0.000000 -0.900970
vn -0.433882 0.000000 -0.900970
vn -0.433882 0.000000 -0.900970
vn 0.000000 -1.000000 0.000000
vn 0.000000 -1.000000 0.000000
vn 0.000000 -1.000000 0.000000
vn 0.000000 -1.000000 0.000000
vn 0.000000 1.000000 0.000000
vn 0.000000 1.000000 0.000000
vn 0.000000 1.000000 0.000000
vn 0.000000 1.000000 0.000000
vn -1.000000 0.000000 0.000000
vn -1.000000 0.000000 0.000000
vn -1.000000 0.000000 0.000000
vn -1.000000 0.000000 0.000000
vn 0.000000 -1.000000 0.000000
vn 0.000000 -1.000000 0.000000
vn 0.000000 -1.000000 0.000000
vn 0.000000 -1.000000 0.000000
vn 0.000000 1.000000 0.000000
vn 0.000000 1.000000 0.000000
vn 0.000000 1.000000 0.000000
vn 0.000000 1.000000 0.000000
vn 0.000000 -1.000000 0.000000
vn 0.000000 -1.000000 0.000000
vn 0.000000 -1.000000 0.000000
vn 0.000000 -1.000000 0.000000
vn 1.000000 0.000000 0.000000
vn 1.000000 0.000000 0.000000
vn 1.000000 0.000000 0.000000
vn 1.000000 0.000000 0.000000
vn 0.000000 1.000000 0.000000
vn 0.000000 1.000000 0.000000
vn 0.000000 1.000000 0.000000
vn 0.000000 1.000000 0.000000
vn -0.294748 0.000000 -0.955575
vn -0.294748 0.000000 -0.955575
vn -0.294748 0.000000 -0.955575
vn -0.294748 0.000000 -0.955575
vn -0.930873 -0.000000 -0.365343
vn -0.930873 -0.000000 -0.365343
vn -0.930873 -0.000000 -0.365343
vn -0.930873 -0.000000 -0.365343
vn -0.866023 0.000000 0.500004
vn -0.866023 0.000000 0.500004
vn -0.866023 0.000000 0.500004
vn -0.866023 0.000000 0.500004
vn -0.149037 -0.000001 0.988832
vn -0.149037 -0.000001 0.988832
vn -0.149037 -0.000001 0.988832
vn -0.149037 -0.000001 0.988832
vn 0.680175 0.000000 0.733050
vn 0.680175 0.000000 0.733050
vn 0.680175 0.000000 0.733050
vn 0.680175 0.000000 0.733050
vn 0.997205 -0.000000 -0.074720
vn 0.997205 -0.000000 -0.074720
vn 0.997205 -0.000000 -0.074720
vn 0.997205 -0.000000 -0.074720
vn 0.563319 -0.000000 -0.826239
vn 0.563319 -0.000000 -0.826239
vn 0.563319 -0.000000 -0.826239
vn 0.563319 -0.000000 -0.826239
vn 0.000000 -1.000000 0.000000
vn 0.000000 -1.000000 0.000000
vn 0.000000 -1.000000 0.000000
vn 0.000000 -1.000000 0.000000
vn 0.000000 -1.000000 0.000000
vn 0.000000 -1.000000 0.000000
vn 0.000000 -1.000000 0.000000
vn 0.000000 -1.000000 0.000000
vn 0.000000 1.000000 0.000000
vn 0.000000 1.000000 -0.000002
vn 0.000000 1.000000 0.000000
vn 0.000000 1.000000 0.000000
vn 0.000000 1.000000 0.000001
vn 0.000000 1.000000 0.000001
vn 0.000000 1.000000 -0.000001
vn 0.000000 1.000000 0.000000
vn 0.000000 1.000000 0.000001
vn -0.294747 0.000000 -0.955575
vn -0.294747 0.000000 -0.955575
vn -0.294747 0.000000 -0.955575
vn -0.294747 0.000000 -0.955575
vn 0.649897 0.000000 0.760022
vn 0.649897 0.000000 0.760022
vn 0.649897 0.000000 0.760022
vn 0.649897 0.000000 0.760022
vn 0.999129 0.000000 -0.041737
vn 0.999129 0.000000 -0.041737
vn 0.999129 0.000000 -0.041737
vn 0.999129 0.000000 -0.041737
vn 0.563321 0.000000 -0.826238
vn 0.563321 0.000000 -0.826238
vn 0.563321 0.000000 -0.826238
vn 0.563321 0.000000 -0.826238
vn -0.500017 0.000000 -0.866015
vn -0.500017 0.000000 -0.866015
vn -0.500017 0.000000 -0.866015
vn -0.500017 0.000000 -0.866015
vn -0.930871 0.000000 -0.365349
vn -0.930871 0.000000 -0.365349
vn -0.930871 0.000000 -0.365349
vn -0.930871 0.000000 -0.365349
vn -0.832604 0.000000 0.553869
vn -0.832604 0.000000 0.553869
vn -0.832604 0.000000 0.553869
vn -0.832604 0.000000 0.553869
vn -0.130218 0.000000 0.991485
vn -0.130218 0.000000 0.991485
vn -0.130218 0.000000 0.991485
vn -0.130218 0.000000 0.991485
vn -0.000004 -1.000000 -0.000001
vn -0.000004 -1.000000 -0.000001
vn -0.000004 -1.000000 -0.000001
vn -0.000004 -1.000000 -0.000001
vn 0.000004 1.000000 -0.000002
vn 0.000004 1.000000 -0.000002
vn 0.000004 1.000000 -0.000002
vn 0.000004 1.000000 -0.000002
vn -0.000008 -1.000000 -0.000001
vn -0.000008 -1.000000 -0.000001
vn -0.000008 -1.000000 -0.000001
vn -0.000008 -1.000000 -0.000001
vn -0.251795 0.000000 -0.967781
vn -0.251795 0.000000 -0.967781
vn -0.251795 0.000000 -0.967781
vn -0.251795 0.000000 -0.967781
vn 0.000008 1.000000 0.000001
vn 0.000008 1.000000 0.000001
vn 0.000008 1.000000 0.000001
vn 0.000008 1.000000 0.000001
vn 0.000000 1.000000 0.000000
vn 0.000000 1.000000 0.000000
vn 0.000000 1.000000 0.000000
vn 0.000000 1.000000 0.000000
vn -0.500017 0.000000 -0.866015
vn -0.500017 0.000000 -0.866015
vn -0.500017 0.000000 -0.866015
vn -0.500017 0.000000 -0.866015
vn 0.000000 -1.000000 0.000002
vn 0.000000 -1.000000 0.000002
vn 0.000000 -1.000000 0.000002
vn 0.000000 -1.000000 0.000002
vn 0.000000 1.000000 0.000002
vn 0.000000 1.000000 0.000002
vn 0.000000 1.000000 0.000002
vn 0.000000 1.000000 0.000002
vn 0.000000 -1.000000 -0.000001
vn 0.000000 -1.000000 -0.000001
vn 0.000000 -1.000000 -0.000001
vn 0.000000 -1.000000 -0.000001
vn 0.000000 1.000000 -0.000001
vn 0.000000 1.000000 -0.000001
vn 0.000000 1.000000 -0.000001
vn 0.000000 1.000000 -0.000001
vn 0.000000 -1.000000 -0.000001
vn 0.000000 -1.000000 -0.000001
vn 0.000000 -1.000000 -0.000001
vn 0.000000 -1.000000 -0.000001
vn 1.000000 0.000000 0.000000
vn 1.000000 0.000000 0.000000
vn 1.000000 0.000000 0.000000
vn 1.000000 0.000000 0.000000
vn 0.000000 1.000000 0.000000
vn 0.000000 1.000000 0.000000
vn 0.000000 1.000000 0.000000
vn 0.000000 1.000000 0.000000
vn -1.000000 0.000000 0.000000
vn -1.000000 0.000000 0.000000
vn -1.000000 0.000000 0.000000
vn -1.000000 0.000000 0.000000
vn 0.000000 -1.000000 0.000000
vn 0.000000 -1.000000 0.000000
vn 0.000000 -1.000000 0.000000
vn 0.000000 -1.000000 0.000000
vn 0.000000 0.000000 -1.000000
vn 0.000000 0.000000 -1.000000
vn 0.000000 0.000000 -1.000000
vn 0.000000 0.000000 -1.000000
vn 0.000000 0.000000 1.000000
vn 0.000000 0.000000 1.000000
vn 0.000000 0.000000 1.000000
vn 0.000000 0.000000 1.000000
vn 0.974929 -0.000000 0.222515
vn 0.974929 -0.000000 0.222515
vn 0.974929 -0.000000 0.222515
vn 0.974929 -0.000000 0.222515
vn 0.781834 0.000000 -0.623487
vn 0.781834 0.000000 -0.623487
vn 0.781834 0.000000 -0.623487
vn 0.781834 0.000000 -0.623487
vn -0.000005 -0.000000 -1.000000
vn -0.000005 -0.000000 -1.000000
vn -0.000005 -0.000000 -1.000000
vn -0.000005 -0.000000 -1.000000
vn -0.781832 -0.000000 -0.623489
vn -0.781832 -0.000000 -0.623489
vn -0.781832 -0.000000 -0.623489
vn -0.781832 -0.000000 -0.623489
vn -0.974927 0.000001 0.222525
vn -0.974927 0.000001 0.222525
vn -0.974927 0.000001 0.222525
vn -0.974927 0.000001 0.222525
vn -0.433896 0.000000 0.900963
vn -0.433896 0.000000 0.900963
vn -0.433896 0.000000 0.900963
vn -0.433896 0.000000 0.900963
vn 0.433882 -0.000000 0.900970
vn 0.433882 -0.000000 0.900970
vn 0.433882 -0.000000 0.900970
vn 0.433882 -0.000000 0.900970
vn 0.000000 -1.000000 0.000000
vn 0.000000 -1.000000 0.000000
vn 0.000000 -1.000000 0.000000
vn 0.000000 -1.000000 0.000000
vn 0.000000 -1.000000 0.000000
vn 0.000000 -1.000000 0.000000
vn 0.000000 -1.000000 0.000000
vn 0.000000 -1.000000 0.000000
vn 0.000000 1.000000 0.000000
vn 0.000000 1.000000 0.000000
vn 0.000000 1.000000 0.000000
vn 0.000000 1.000000 0.000000
vn 0.000000 1.000000 0.000000
vn 0.000000 1.000000 0.000000
vn 0.000000 1.000000 0.000000
vn 0.000000 1.000000 0.000000
vn 0.974930 0.000000 0.222513
vn 0.974930 0.000000 0.222513
vn 0.974930 0.000000 0.222513
vn 0.974930 0.000000 0.222513
vn 0.781835 0.000000 -0.623485
vn 0.781835 0.000000 -0.623485
vn 0.781835 0.000000 -0.623485
vn 0.781835 0.000000 -0.623485
vn -0.000009 0.000000 -1.000000
vn -0.000009 0.000000 -1.000000
vn -0.000009 0.000000 -1.000000
vn -0.000009 0.000000 -1.000000
vn -0.781832 0.000000 -0.623489
vn -0.781832 0.000000 -0.623489
vn -0.781832 0.000000 -0.623489
vn -0.781832 0.000000 -0.623489
vn -0.974925 0.000000 0.222533
vn -0.974925 0.000000 0.222533
vn -0.974925 0.000000 0.222533
vn -0.974925 0.000000 0.222533
vn -0.433896 0.000000 0.900963
vn -0.433896 0.000000 0.900963
vn -0.433896 0.000000 0.900963
vn -0.433896 0.000000 0.900963
vn 0.433876 0.000000 0.900973
vn 0.433876 0.000000 0.900973
vn 0.433876 0.000000 0.900973
vn 0.433876 0.000000 0.900973
vn 0.000000 -1.000000 0.000000
vn 0.000000 -1.000000 0.000000
vn 0.000000 -1.000000 0.000000
vn 0.000000 -1.000000 0.000000
vn 0.000000 1.000000 0.000000
vn 0.000000 1.000000 0.000000
vn 0.000000 1.000000 0.000000
vn 0.000000 1.000000 0.000000
vn 1.000000 0.000000 0.000000
vn 1.000000 0.000000 0.000000
vn 1.000000 0.000000 0.000000
vn 1.000000 0.000000 0.000000
vn 0.000000 -1.000000 0.000000
vn 0.000000 -1.000000 0.000000
vn 0.000000 -1.000000 0.000000
vn 0.000000 -1.000000 0.000000
vn 0.000000 1.000000 0.000000
vn 0.000000 1.000000 0.000000
vn 0.000000 1.000000 0.000000
vn 0.000000 1.000000 0.000000
vn 0.000000 -1.000000 0.000000
vn 0.000000 -1.000000 0.000000
vn 0.000000 -1.000000 0.000000
vn 0.000000 -1.000000 0.000000
vn -1.000000 0.000000 0.000000
vn -1.000000 0.000000 0.000000
vn -1.000000 0.000000 0.000000
vn -1.000000 0.000000 0.000000
vn 0.000000 1.000000 0.000000
vn 0.000000 1.000000 0.000000
vn 0.000000 1.000000 0.000000
vn 0.000000 1.000000 0.000000
vn 0.700437 -0.713714 -0.000000
vn 0.700437 -0.713714 -0.000000
vn 0.700437 -0.713714 -0.000000
vn 0.700437 -0.713714 -0.000000
vn 0.402338 0.131181 -0.906044
vn 0.402338 0.131181 -0.906044
vn 0.402338 0.131181 -0.906044
vn 0.402338 0.131181 -0.906044
vn -0.698123 0.715978 0.000000
vn -0.698123 0.715978 0.000000
vn -0.698123 0.715978 0.000000
vn -0.698123 0.715978 0.000000
vn 0.707101 0.707112 0.000000
vn 0.707101 0.707112 0.000000
vn 0.707101 0.707112 0.000000
vn 0.707101 0.707112 0.000000
vn 0.519121 -0.000002 0.854701
vn 0.519121 -0.000002 0.854701
vn 0.519121 -0.000002 0.854701
vn 0.519121 -0.000002 0.854701
vn -1.000000 0.000000 0.000000
vn -1.000000 0.000000 0.000000
vn -1.000000 0.000000 0.000000
vn -1.000000 0.000000 0.000000
vn 0.000000 -1.000000 -0.000000
vn 0.000000 -1.000000 -0.000000
vn 0.000000 -1.000000 -0.000000
vn 0.000000 -1.000000 -0.000000
vn 0.519098 0.000000 0.854715
vn 0.519098 0.000000 0.854715
vn 0.519098 0.000000 0.854715
vn 0.519098 0.000000 0.854715
vn -0.602592 0.798050 0.000000
vn -0.602592 0.798050 0.000000
vn -0.602592 0.798050 0.000000
vn -0.602592 0.798050 0.000000
vn 0.519126 0.000000 -0.854698
vn 0.519126 0.000000 -0.854698
vn 0.519126 0.000000 -0.854698
vn 0.519126 0.000000 -0.854698
vn 1.000000 0.000000 0.000000
vn 1.000000 0.000000 0.000000
vn 1.000000 0.000000 0.000000
vn 1.000000 0.000000 0.000000
vn 0.519125 0.000000 -0.854698
vn 0.519125 0.000000 -0.854699
vn 0.519125 0.000000 -0.854698
vn 0.519125 0.000000 -0.854699
vn -1.000000 0.000000 0.000000
vn -1.000000 0.000000 0.000000
vn -1.000000 0.000000 0.000000
vn -1.000000 0.000000 0.000000
vn 0.519101 0.000000 0.854713
vn 0.519101 0.000000 0.854713
vn 0.519101 0.000000 0.854713
vn 0.519101 0.000000 0.854713
vn 0.000000 -1.000000 0.000000
vn 0.000000 -1.000000 0.000000
vn 0.000000 -1.000000 0.000000
vn 0.000000 -1.000000 0.000000
vn -1.000000 0.000000 0.000000
vn -1.000000 0.000000 0.000000
vn -1.000000 0.000000 0.000000
vn -1.000000 0.000000 0.000000
vn 0.000000 1.000000 0.000000
vn 0.000000 1.000000 0.000000
vn 0.000000 1.000000 0.000000
vn 0.000000 1.000000 0.000000
vn 0.000000 0.000000 -1.000000
vn 0.000000 0.000000 -1.000000
vn 0.000000 0.000000 -1.000000
vn 0.000000 0.000000 -1.000000
vn 1.000000 0.000000 0.000000
vn 1.000000 0.000000 0.000000
vn 1.000000 0.000000 0.000000
vn 1.000000 0.000000 0.000000
vn 0.000000 0.000000 1.000000
vn 0.000000 0.000000 1.000000
vn 0.000000 0.000000 1.000000
vn 0.000000 0.000000 1.000000
vn 0.000000 1.000000 0.000000
vn 0.000000 1.000000 0.000000
vn 0.000000 1.000000 0.000000
vn 0.000000 1.000000 0.000000
vn 0.000000 0.000000 -1.000000
vn 0.000000 0.000000 -1.000000
vn 0.000000 0.000000 -1.000000
vn 0.000000 0.000000 -1.000000
vn 0.000000 -1.000000 0.000000
vn 0.000000 -1.000000 0.000000
vn 0.000000 -1.000000 0.000000
vn 0.000000 -1.000000 0.000000
vn -0.439553 0.000000 0.898216
vn -0.439553 0.000000 0.898216
vn -0.439553 0.000000 0.898216
vn -0.439553 0.000000 0.898216
vn 0.439553 0.000000 0.898216
vn 0.439553 0.000000 0.898216
vn 0.439553 0.000000 0.898216
vn 0.439553 0.000000 0.898216
vn 0.000000 -1.000000 0.000000
vn 0.000000 -1.000000 0.000000
vn 0.000000 -1.000000 0.000000
vn 0.000000 -1.000000 0.000000
vn 0.000000 0.000000 -1.000000
vn 0.000000 0.000000 -1.000000
vn 0.000000 0.000000 -1.000000
vn 0.000000 0.000000 -1.000000
vn 0.000000 1.000000 0.000000
vn 0.000000 1.000000 0.000000
vn 0.000000 1.000000 0.000000
vn 0.000000 1.000000 0.000000
vn 0.999300 0.000000 -0.037407
vn 0.999300 0.000000 -0.037407
vn 0.999300 0.000000 -0.037407
vn 0.999300 0.000000 -0.037407
vn 0.593818 0.000000 -0.804600
vn 0.593818 0.000000 -0.804600
vn 0.593818 0.000000 -0.804600
vn 0.593818 0.000000 -0.804600
vn -0.258822 0.000000 -0.965925
vn -0.258822 0.000000 -0.965925
vn -0.258822 0.000000 -0.965925
vn -0.258822 0.000000 -0.965925
vn -0.916556 0.000000 -0.399906
vn -0.916556 0.000000 -0.399906
vn -0.916556 0.000000 -0.399906
vn -0.916556 0.000000 -0.399906
vn -0.884118 0.000000 0.467263
vn -0.884118 0.000000 0.467263
vn -0.884118 0.000000 0.467263
vn -0.884118 0.000000 0.467263
vn -0.185902 0.000000 0.982568
vn -0.185902 0.000000 0.982568
vn -0.185902 0.000000 0.982568
vn -0.185902 0.000000 0.982568
vn 0.652286 0.000000 0.757973
vn 0.652286 0.000000 0.757973
vn 0.652286 0.000000 0.757973
vn 0.652286 0.000000 0.757973
vn 0.000000 -1.000000 -0.000000
vn 0.000000 -1.000000 0.000000
vn 0.000000 -1.000000 0.000000
vn 0.000000 -1.000000 -0.000000
vn 0.000000 -1.000000 0.000000
vn 0.000000 -1.000000 0.000000
vn 0.000000 -1.000000 0.000001
vn 0.000000 -1.000000 0.000001
vn 0.000000 1.000000 -0.000000
vn 0.000000 1.000000 0.000002
vn 0.000000 1.000000 0.000001
vn 0.000000 1.000000 0.000001
vn 0.000000 1.000000 -0.000002
vn 0.000000 1.000000 0.000001
vn 0.000000 1.000000 0.000004
vn 0.000000 1.000000 0.000001
vn 0.859319 0.510428 -0.032160
vn 0.859319 0.510428 -0.032160
vn 0.859319 0.510428 -0.032160
vn 0.859319 0.510428 -0.032160
vn 0.513894 0.501064 -0.696311
vn 0.513894 0.501064 -0.696311
vn 0.513894 0.501064 -0.696311
vn 0.513894 0.501064 -0.696311
vn -0.226217 0.485871 -0.844248
vn -0.226217 0.485871 -0.844248
vn -0.226217 0.485871 -0.844248
vn -0.226217 0.485871 -0.844248
vn -0.805904 0.476326 -0.351616
vn -0.805904 0.476326 -0.351616
vn -0.805904 0.476326 -0.351616
vn -0.805904 0.476325 -0.351616
vn -0.775617 0.479988 0.409915
vn -0.775617 0.479988 0.409915
vn -0.775617 0.479988 0.409914
vn -0.775617 0.479988 0.409914
vn -0.161646 0.493911 0.854355
vn -0.161646 0.493911 0.854355
vn -0.161646 0.493911 0.854355
vn -0.161646 0.493911 0.854355
vn 0.562108 0.507321 0.653192
vn 0.562108 0.507321 0.653192
vn 0.562108 0.507321 0.653192
vn 0.562108 0.507321 0.653192
vn 0.999301 0.000000 -0.037388
vn 0.999301 0.000000 -0.037388
vn 0.999301 0.000000 -0.037388
vn 0.999301 0.000000 -0.037388
vn 0.593817 0.000000 -0.804600
vn 0.593817 0.000000 -0.804600
vn 0.593817 0.000000 -0.804600
vn 0.593817 0.000000 -0.804600
vn -0.258816 0.000000 -0.965927
vn -0.258816 0.000000 -0.965927
vn -0.258816 0.000000 -0.965927
vn -0.258816 0.000000 -0.965927
vn -0.916568 0.000000 -0.399879
vn -0.916568 0.000000 -0.399879
vn -0.916568 0.000000 -0.399879
vn -0.916568 0.000000 -0.399879
vn -0.884125 0.000000 0.467251
vn -0.884125 0.000000 0.467251
vn -0.884125 0.000000 0.467251
vn -0.884125 0.000000 0.467251
vn -0.185889 0.000000 0.982571
vn -0.185889 0.000000 0.982571
vn -0.185889 0.000000 0.982571
vn -0.185889 0.000000 0.982571
vn 0.652272 0.000000 0.757985
vn 0.652272 0.000000 0.757985
vn 0.652272 0.000000 0.757985
vn 0.652272 0.000000 0.757985
vn 0.977770 -0.206464 -0.036580
vn 0.977770 -0.206464 -0.036580
vn 0.977770 -0.206464 -0.036580
vn 0.977770 -0.206464 -0.036580
vn 0.581617 -0.201595 -0.788087
vn 0.581617 -0.201595 -0.788087
vn 0.581617 -0.201595 -0.788087
vn 0.581617 -0.201595 -0.788087
vn -0.253907 -0.193867 -0.947601
vn -0.253907 -0.193867 -0.947601
vn -0.253907 -0.193867 -0.947601
vn -0.253907 -0.193867 -0.947601
vn -0.900030 -0.189098 -0.392667
vn -0.900030 -0.189098 -0.392667
vn -0.900030 -0.189098 -0.392667
vn -0.900030 -0.189098 -0.392667
vn -0.867857 -0.190917 0.458667
vn -0.867857 -0.190917 0.458667
vn -0.867857 -0.190917 0.458667
vn -0.867857 -0.190917 0.458667
vn -0.182225 -0.197928 0.963130
vn -0.182225 -0.197928 0.963130
vn -0.182225 -0.197928 0.963130
vn -0.182225 -0.197928 0.963129
vn 0.638446 -0.204833 0.741910
vn 0.638446 -0.204833 0.741910
vn 0.638446 -0.204833 0.741910
vn 0.638446 -0.204833 0.741910
vn 0.854313 -0.518775 -0.031959
vn 0.854313 -0.518775 -0.031959
vn 0.854313 -0.518775 -0.031959
vn 0.854313 -0.518775 -0.031959
vn 0.511002 -0.509359 -0.692409
vn 0.511002 -0.509359 -0.692409
vn 0.511002 -0.509359 -0.692409
vn 0.511002 -0.509359 -0.692409
vn -0.225015 -0.494092 -0.839787
vn -0.225015 -0.494092 -0.839787
vn -0.225015 -0.494092 -0.839787
vn -0.225015 -0.494092 -0.839787
vn -0.801816 -0.484478 -0.349819
vn -0.801816 -0.484478 -0.349819
vn -0.801816 -0.484478 -0.349819
vn -0.801816 -0.484478 -0.349819
vn -0.771616 -0.488159 0.407810
vn -0.771616 -0.488159 0.407810
vn -0.771617 -0.488159 0.407810
vn -0.771616 -0.488159 0.407810
vn -0.160765 -0.502171 0.849694
vn -0.160765 -0.502171 0.849694
vn -0.160765 -0.502171 0.849694
vn -0.160765 -0.502171 0.849694
vn 0.558882 -0.515647 0.649430
vn 0.558882 -0.515647 0.649430
vn 0.558882 -0.515647 0.649430
vn 0.558882 -0.515647 0.649430
vn 0.593607 -0.804471 -0.021379
vn 0.593607 -0.804471 -0.021379
vn 0.593607 -0.804471 -0.021379
vn 0.593607 -0.804471 -0.021379
vn 0.344767 -0.824035 -0.449557
vn 0.344767 -0.824035 -0.449557
vn 0.344767 -0.824035 -0.449557
vn 0.344767 -0.824035 -0.449557
vn -0.151451 -0.825335 -0.543953
vn -0.151451 -0.825335 -0.543953
vn -0.151451 -0.825335 -0.543953
vn -0.151451 -0.825335 -0.543953
vn -0.571123 -0.785058 -0.239796
vn -0.571123 -0.785058 -0.239796
vn -0.571123 -0.785058 -0.239796
vn -0.571123 -0.785058 -0.239796
vn -0.545326 -0.791005 0.277364
vn -0.545326 -0.791005 0.277364
vn -0.545326 -0.791005 0.277364
vn -0.545326 -0.791005 0.277364
vn -0.106994 -0.832101 0.544205
vn -0.106994 -0.832101 0.544205
vn -0.106994 -0.832101 0.544205
vn -0.106994 -0.832101 0.544205
vn 0.375996 -0.825733 0.420467
vn 0.375995 -0.825733 0.420467
vn 0.375995 -0.825733 0.420467
vn 0.375995 -0.825733 0.420467
vn 1.000000 0.000000 0.000000
vn 1.000000 0.000000 0.000000
vn 1.000000 0.000000 0.000000
vn 1.000000 0.000000 0.000000
vn 0.000000 1.000000 0.000000
vn 0.000000 1.000000 0.000000
vn 0.000000 1.000000 0.000000
vn 0.000000 1.000000 0.000000
vn -1.000000 0.000000 0.000000
vn -1.000000 0.000000 0.000000
vn -1.000000 0.000000 0.000000
vn -1.000000 0.000000 0.000000
vn 0.000000 0.000000 1.000000
vn 0.000000 0.000000 1.000000
vn 0.000000 0.000000 1.000000
vn 0.000000 0.000000 1.000000
vn 0.000000 -1.000000 0.000000
vn 0.000000 -1.000000 0.000000
vn 0.000000 -1.000000 0.000000
vn 0.000000 -1.000000 0.000000
vn 0.000000 0.000000 -1.000000
vn 0.000000 0.000000 -1.000000
vn 0.000000 0.000000 -1.000000
vn 0.000000 0.000000 -1.000000
vn -0.000000 0.000000 0.000000
vn -0.935642 0.352951 0.000000
vn -0.935642 0.352951 0.000000
vn -0.935642 0.352951 0.000000
vn 0.000000 0.000000 1.000000
vn 0.000000 0.000000 1.000000
vn 0.000000 0.000000 1.000000
vn 0.000000 0.000000 1.000000
vn 1.000000 0.000000 0.000000
vn 0.000000 0.000000 0.000000
vn 1.000000 0.000000 0.000000
vn 1.000000 0.000000 0.000000
vn 0.000000 1.000000 -0.000003
vn 0.000000 1.000000 -0.000003
vn 0.000000 1.000000 -0.000003
vn 0.000000 1.000000 -0.000003
vn 0.000000 -0.439552 -0.898217
vn 0.000000 -0.439552 -0.898217
vn 0.000000 -0.439552 -0.898217
vn 0.000000 -0.439552 -0.898217
vn 1.000000 0.000000 0.000000
vn 1.000000 0.000000 0.000000
vn 1.000000 0.000000 0.000000
vn 1.000000 0.000000 0.000000
vn 0.000000 0.000000 1.000000
vn 0.000000 0.000000 1.000000
vn 0.000000 0.000000 1.000000
vn 0.000000 0.000000 1.000000
vn -1.000000 -0.000001 0.000000
vn -1.000000 -0.000001 0.000000
vn -1.000000 -0.000001 0.000000
vn -1.000000 -0.000001 0.000000
vn 0.000000 1.000000 0.000000
vn 0.000000 1.000000 0.000000
vn 0.000000 1.000000 0.000000
vn 0.000000 1.000000 0.000000
vn 1.000000 0.000000 0.000000
vn 1.000000 0.000000 0.000000
vn 1.000000 0.000000 0.000000
vn 1.000000 0.000000 0.000000
vn 0.000000 -1.000000 0.000000
vn 0.000000 -1.000000 0.000000
vn 0.000000 -1.000000 0.000000
vn 0.000000 -1.000000 0.000000
vn 0.000000 0.000000 -1.000000
vn 0.000000 0.000000 -1.000000
vn 0.000000 0.000000 -1.000000
vn 0.000000 0.000000 -1.000000
vn -1.000000 0.000000 0.000000
vn -1.000000 0.000000 0.000000
vn -1.000000 0.000000 0.000000
vn -1.000000 0.000000 0.000000
vn 0.000000 0.000000 1.000000
vn 0.000000 0.000000 1.000000
vn 0.000000 0.000000 1.000000
vn 0.000000 0.000000 1.000000
vn 0.222519 0.000000 -0.974928
vn 0.222519 0.000000 -0.974928
vn 0.222519 0.000000 -0.974928
vn 0.222519 0.000000 -0.974928
vn -0.623485 0.000000 -0.781835
vn -0.623485 0.000000 -0.781835
vn -0.623485 0.000000 -0.781835
vn -0.623485 0.000000 -0.781835
vn -1.000000 0.000000 0.000000
vn -1.000000 0.000000 0.000000
vn -1.000000 0.000000 0.000000
vn -1.000000 0.000000 0.000000
vn -0.623487 0.000000 0.781834
vn -0.623487 0.000000 0.781834
vn -0.623487 0.000000 0.781834
vn -0.623487 0.000000 0.781834
vn 0.222525 0.000001 0.974927
vn 0.222525 0.000001 0.974927
vn 0.222525 0.000001 0.974927
vn 0.222525 0.000001 0.974927
vn 0.900964 0.000000 0.433893
vn 0.900964 0.000000 0.433893
vn 0.900964 0.000000 0.433893
vn 0.900964 0.000000 0.433893
vn 0.900972 -0.000001 -0.433878
vn 0.900972 -0.000001 -0.433878
vn 0.900972 -0.000001 -0.433878
vn 0.900972 -0.000001 -0.433878
vn 0.000000 -1.000000 0.000000
vn 0.000000 -1.000000 0.000000
vn 0.000000 -1.000000 0.000000
vn 0.000000 -1.000000 0.000000
vn 0.000000 -1.000000 0.000000
vn 0.000000 -1.000000 0.000000
vn 0.000000 -1.000000 0.000000
vn 0.000000 -1.000000 0.000000
vn 0.000000 1.000000 0.000000
vn 0.000000 1.000000 -0.000001
vn 0.000000 1.000000 0.000000
vn 0.000000 1.000000 -0.000001
vn 0.000000 1.000000 0.000000
vn 0.000000 1.000000 0.000001
vn 0.000000 1.000000 0.000001
vn 0.000000 1.000000 0.000000
vn 0.222513 0.000000 -0.974930
vn 0.222513 0.000000 -0.974930
vn 0.222513 0.000000 -0.974930
vn 0.222513 0.000000 -0.974930
vn -0.623481 0.000000 -0.781838
vn -0.623481 0.000000 -0.781838
vn -0.623481 0.000000 -0.781838
vn -0.623481 0.000000 -0.781838
vn -1.000000 0.000000 0.000017
vn -1.000000 0.000000 0.000017
vn -1.000000 0.000000 0.000017
vn -1.000000 0.000000 0.000017
vn -0.623495 0.000000 0.781827
vn -0.623495 0.000000 0.781827
vn -0.623495 0.000000 0.781827
vn -0.623495 0.000000 0.781827
vn 0.222533 0.000000 0.974925
vn 0.222533 0.000000 0.974925
vn 0.222533 0.000000 0.974925
vn 0.222533 0.000000 0.974925
vn 0.900963 0.000000 0.433896
vn 0.900963 0.000000 0.433896
vn 0.900963 0.000000 0.433896
vn 0.900963 0.000000 0.433896
vn 0.900975 0.000000 -0.433872
vn 0.900975 0.000000 -0.433872
vn 0.900975 0.000000 -0.433872
vn 0.900975 0.000000 -0.433872
vn 0.000000 -1.000000 0.000004
vn 0.000000 -1.000000 0.000004
vn 0.000000 -1.000000 0.000004
vn 0.000000 -1.000000 0.000004
vn 0.000000 1.000000 0.000000
vn 0.000000 1.000000 0.000000
vn 0.000000 1.000000 0.000000
vn 0.000000 1.000000 0.000000
vn 0.000000 0.000000 -1.000000
vn 0.000000 0.000000 -1.000000
vn 0.000000 0.000000 -1.000000
vn 0.000000 0.000000 -1.000000
vn 0.000000 -1.000000 0.000000
vn 0.000000 -1.000000 0.000000
vn 0.000000 -1.000000 0.000000
vn 0.000000 -1.000000 0.000000
vn 0.000000 1.000000 0.000000
vn 0.000000 1.000000 0.000000
vn 0.000000 1.000000 0.000000
vn 0.000000 1.000000 0.000000
vn 0.000000 -1.000000 0.000000
vn 0.000000 -1.000000 0.000000
vn 0.000000 -1.000000 0.000000
vn 0.000000 -1.000000 0.000000
vn 0.000000 0.000000 1.000000
vn 0.000000 0.000000 1.000000
vn 0.000000 0.000000 1.000000
vn 0.000000 0.000000 1.000000
vn 0.000000 1.000000 -0.000004
vn 0.000000 1.000000 -0.000004
vn 0.000000 1.000000 -0.000004
vn 0.000000 1.000000 -0.000004
vn 0.000000 1.000000 0.000000
vn 0.000000 1.000000 0.000000
vn 0.000000 1.000000 0.000000
vn 0.000000 1.000000 0.000000
vn -1.000000 0.000000 0.000000
vn -1.000000 0.000000 0.000000
vn -1.000000 0.000000 0.000000
vn -1.000000 0.000000 0.000000
vn 0.000000 -1.000000 0.000000
vn 0.000000 -1.000000 0.000000
vn 0.000000 -1.000000 0.000000
vn 0.000000 -1.000000 0.000000
vn 0.000000 0.000000 1.000000
vn 0.000000 0.000000 1.000000
vn 0.000000 0.000000 1.000000
vn 0.000000 0.000000 1.000000
vn 1.000000 0.000000 0.000000
vn 1.000000 0.000000 0.000000
vn 1.000000 0.000000 0.000000
vn 1.000000 0.000000 0.000000
vn 0.000000 0.000000 -1.000000
vn 0.000000 0.000000 -1.000000
vn 0.000000 0.000000 -1.000000
vn 0.000000 0.000000 -1.000000
vn 0.000000 -1.000000 0.000000
vn 0.000000 -1.000000 0.000000
vn 0.000000 -1.000000 0.000000
vn 0.000000 -1.000000 0.000000
vn 1.000000 0.000000 0.000000
vn 1.000000 0.000000 0.000000
vn 1.000000 0.000000 0.000000
vn 1.000000 0.000000 0.000000
vn 0.000000 1.000000 0.000000
vn 0.000000 1.000000 0.000000
vn 0.000000 1.000000 0.000000
vn 0.000000 1.000000 0.000000
vn 0.000000 0.000000 1.000000
vn 0.000000 0.000000 1.000000
vn 0.000000 0.000000 1.000000
vn 0.000000 0.000000 1.000000
vn -1.000000 0.000000 0.000000
vn -1.000000 0.000000 0.000000
vn -1.000000 0.000000 0.000000
vn -1.000000 0.000000 0.000000
vn 0.000000 0.000000 -1.000000
vn 0.000000 0.000000 -1.000000
vn 0.000000 0.000000 -1.000000
vn 0.000000 0.000000 -1.000000
vn 0.000000 1.000000 0.000000
vn 0.000000 1.000000 0.000000
vn 0.000000 1.000000 0.000000
vn 0.000000 1.000000 0.000000
vn 0.000000 0.000000 1.000000
vn 0.000000 0.000000 1.000000
vn 0.000000 0.000000 1.000000
vn 0.000000 0.000000 1.000000
vn 0.000000 -1.000000 0.000000
vn 0.000000 -1.000000 0.000000
vn 0.000000 -1.000000 0.000000
vn 0.000000 -1.000000 0.000000
vn 0.439553 0.000000 -0.898217
vn 0.439553 0.000000 -0.898217
vn 0.439553 0.000000 -0.898217
vn 0.439553 0.000000 -0.898217
vn -0.439555 0.000000 -0.898216
vn -0.439555 0.000000 -0.898216
vn -0.439555 0.000000 -0.898216
vn -0.439555 0.000000 -0.898216
vn 0.000000 -1.000000 0.000000
vn 0.000000 -1.000000 0.000000
vn 0.000000 -1.000000 0.000000
vn 0.000000 -1.000000 0.000000
vn 0.000000 0.000000 1.000000
vn 0.000000 0.000000 1.000000
vn 0.000000 0.000000 1.000000
vn 0.000000 0.000000 1.000000
vn 0.000000 1.000000 0.000000
vn 0.000000 1.000000 0.000000
vn 0.000000 1.000000 0.000000
vn 0.000000 1.000000 0.000000
vn -0.000000 -0.713714 -0.700437
vn -0.000000 -0.713714 -0.700437
vn -0.000000 -0.713714 -0.700437
vn -0.000000 -0.713714 -0.700437
vn -0.792713 0.188968 -0.579567
vn -0.792712 0.188968 -0.579567
vn -0.792712 0.188968 -0.579567
vn -0.792712 0.188968 -0.579567
vn 0.000000 0.715978 0.698123
vn 0.000000 0.715978 0.698123
vn 0.000000 0.715978 0.698123
vn 0.000000 0.715978 0.698123
vn 0.000000 0.707109 -0.707104
vn 0.000000 0.707109 -0.707104
vn 0.000000 0.707109 -0.707104
vn 0.000000 0.707109 -0.707104
vn 0.707108 0.000004 -0.707105
vn 0.707108 0.000004 -0.707105
vn 0.707108 0.000004 -0.707105
vn 0.707108 0.000004 -0.707105
vn 0.000000 0.000000 1.000000
vn 0.000000 0.000000 1.000000
vn 0.000000 0.000000 1.000000
vn 0.000000 0.000000 1.000000
vn -0.000000 -1.000000 0.000000
vn -0.000000 -1.000000 0.000000
vn -0.000000 -1.000000 0.000000
vn -0.000000 -1.000000 0.000000
vn 0.707091 0.000000 -0.707122
vn 0.707091 0.000000 -0.707122
vn 0.707091 0.000000 -0.707122
vn 0.707091 0.000000 -0.707122
vn 0.000000 0.798041 0.602603
vn 0.000000 0.798041 0.602603
vn 0.000000 0.798041 0.602603
vn 0.000000 0.798041 0.602603
vn -0.707109 0.000000 -0.707105
vn -0.707109 0.000000 -0.707105
vn -0.707109 0.000000 -0.707105
vn -0.707109 0.000000 -0.707105
vn 0.000000 0.000000 -1.000000
vn 0.000000 0.000000 -1.000000
vn 0.000000 0.000000 -1.000000
vn 0.000000 0.000000 -1.000000
vn -0.707107 0.000000 -0.707107
vn -0.707107 0.000000 -0.707107
vn -0.707107 0.000000 -0.707107
vn -0.707107 0.000000 -0.707107
vn 0.000000 0.000000 1.000000
vn 0.000000 0.000000 1.000000
vn 0.000000 0.000000 1.000000
vn 0.000000 0.000000 1.000000
vn 0.707090 0.000000 -0.707124
vn 0.707090 0.000000 -0.707124
vn 0.707090 0.000000 -0.707124
vn 0.707090 0.000000 -0.707124
vn 0.000000 -1.000000 -0.000000
vn 0.000000 -1.000000 -0.000000
vn 0.000000 -1.000000 -0.000000
vn 0.000000 -1.000000 -0.000000
vn 1.000000 0.000000 0.000000
vn 1.000000 0.000000 0.000000
vn 1.000000 0.000000 0.000000
vn 1.000000 0.000000 0.000000
vn 0.000000 1.000000 0.000000
vn 0.000000 1.000000 0.000000
vn 0.000000 1.000000 0.000000
vn 0.000000 1.000000 0.000000
vn 0.000000 0.000000 1.000000
vn 0.000000 0.000000 1.000000
vn 0.000000 0.000000 1.000000
vn 0.000000 0.000000 1.000000
vn 0.000002 0.000000 -1.000000
vn 0.000002 0.000000 -1.000000
vn 0.000002 0.000000 -1.000000
vn 0.000002 0.000000 -1.000000
vn 0.000000 1.000000 0.000000
vn 0.000000 1.000000 0.000000
vn 0.000000 1.000000 0.000000
vn 0.000000 1.000000 0.000000
vn 0.000000 0.000000 1.000000
vn 0.000000 0.000000 1.000000
vn 0.000000 0.000000 1.000000
vn 0.000000 0.000000 1.000000
vn 0.000000 -1.000000 0.000000
vn 0.000000 -1.000000 0.000000
vn 0.000000 -1.000000 0.000000
vn 0.000000 -1.000000 0.000000
vn 0.439552 0.000000 -0.898217
vn 0.439552 0.000000 -0.898217
vn 0.439552 0.000000 -0.898217
vn 0.439552 0.000000 -0.898217
vn -0.707108 0.000000 0.707105
vn -0.707108 0.000000 0.707105
vn -0.707108 0.000000 0.707105
vn -0.707108 0.000000 0.707105
vn 0.000000 -1.000000 0.000000
vn 0.000000 -1.000000 0.000000
vn 0.000000 -1.000000 0.000000
vn 0.000000 -1.000000 0.000000
vn 0.000000 1.000000 0.000000
vn 0.000000 1.000000 0.000000
vn 0.000000 1.000000 0.000000
vn 0.000000 1.000000 0.000000
vn 1.000000 0.000000 0.000000
vn 1.000000 0.000000 0.000000
vn 1.000000 0.000000 0.000000
vn 1.000000 0.000000 0.000000
vn 0.000000 0.000000 1.000000
vn 0.000000 0.000000 1.000000
vn 0.000000 0.000000 1.000000
vn 0.000000 0.000000 1.000000
vn -1.000000 0.000000 0.000000
vn -1.000000 0.000000 0.000000
vn -1.000000 0.000000 0.000000
vn -1.000000 0.000000 0.000000
vn -0.898216 0.000000 0.439554
vn -0.898216 0.000000 0.439554
vn -0.898216 0.000000 0.439554
vn -0.898216 0.000000 0.439554
vn 0.000000 -1.000000 0.000000
vn 0.000000 -1.000000 0.000000
vn 0.000000 -1.000000 0.000000
vn 0.000000 -1.000000 0.000000
vn 1.000000 0.000000 0.000000
vn 1.000000 0.000000 0.000000
vn 1.000000 0.000000 0.000000
vn 1.000000 0.000000 0.000000
vn 0.000000 1.000000 0.000000
vn 0.000000 1.000000 0.000000
vn 0.000000 1.000000 0.000000
vn 0.000000 1.000000 0.000000
vn 0.707108 0.000000 -0.707105
vn 0.707108 0.000000 -0.707105
vn 0.707108 0.000000 -0.707105
vn 0.707108 0.000000 -0.707105
vn 0.000000 0.000000 1.000000
vn 0.000000 0.000000 1.000000
vn 0.000000 0.000000 1.000000
vn 0.000000 0.000000 1.000000
vn 0.000000 1.000000 0.000000
vn 0.000000 1.000000 0.000000
vn 0.000000 1.000000 0.000000
vn 0.000000 1.000000 0.000000
vn 0.000000 0.000000 -1.000000
vn 0.000000 0.000000 -1.000000
vn 0.000000 0.000000 -1.000000
vn 0.000000 0.000000 -1.000000
vn 0.000000 -1.000000 0.000000
vn 0.000000 -1.000000 0.000000
vn 0.000000 -1.000000 0.000000
vn 0.000000 -1.000000 0.000000
vn 1.000000 0.000000 0.000000
vn 1.000000 0.000000 0.000000
vn 1.000000 0.000000 0.000000
vn 1.000000 0.000000 0.000000
vn -1.000000 0.000000 0.000000
vn -1.000000 0.000000 0.000000
vn -1.000000 0.000000 0.000000
vn -1.000000 0.000000 0.000000
vn -1.000000 0.000000 0.000000
vn -1.000000 0.000000 0.000000
vn -1.000000 0.000000 0.000000
vn -1.000000 0.000000 0.000000
vn 0.000000 1.000000 0.000000
vn 0.000000 1.000000 0.000000
vn 0.000000 1.000000 0.000000
vn 0.000000 1.000000 0.000000
vn 1.000000 0.000000 0.000000
vn 1.000000 0.000000 0.000000
vn 1.000000 0.000000 0.000000
vn 1.000000 0.000000 0.000000
vn 0.000000 -1.000000 0.000000
vn 0.000000 -1.000000 0.000000
vn 0.000000 -1.000000 0.000000
vn 0.000000 -1.000000 0.000000
vn 0.000000 0.000000 1.000000
vn 0.000000 0.000000 1.000000
vn 0.000000 0.000000 1.000000
vn 0.000000 0.000000 1.000000
vn 0.000000 0.000000 -1.000000
vn 0.000000 0.000000 -1.000000
vn 0.000000 0.000000 -1.000000
vn 0.000000 0.000000 -1.000000
vn -1.000000 0.000000 0.000000
vn -1.000000 0.000000 0.000000
vn -1.000000 0.000000 0.000000
vn -1.000000 0.000000 0.000000
vn 0.000000 1.000000 0.000000
vn 0.000000 1.000000 0.000000
vn 0.000000 1.000000 0.000000
vn 0.000000 1.000000 0.000000
vn 1.000000 0.000000 0.000000
vn 1.000000 0.000000 0.000000
vn 1.000000 0.000000 0.000000
vn 1.000000 0.000000 0.000000
vn 0.000000 -1.000000 0.000000
vn 0.000000 -1.000000 0.000000
vn 0.000000 -1.000000 0.000000
vn 0.000000 -1.000000 0.000000
vn 0.000000 0.000000 1.000000
vn 0.000000 0.000000 1.000000
vn 0.000000 0.000000 1.000000
vn 0.000000 0.000000 1.000000
vn 0.000000 0.000000 -1.000000
vn 0.000000 0.000000 -1.000000
vn 0.000000 0.000000 -1.000000
vn 0.000000 0.000000 -1.000000
vn 0.000000 -1.000000 -0.000000
vn 0.000000 -1.000000 -0.000000
vn 0.000000 -1.000000 -0.000000
vn 0.000000 -1.000000 -0.000000
vn 1.000000 0.000000 0.000000
vn 1.000000 0.000000 0.000000
vn 1.000000 0.000000 0.000000
vn 1.000000 0.000000 0.000000
vn 0.000000 1.000000 0.000000
vn 0.000000 1.000000 0.000000
vn 0.000000 1.000000 0.000000
vn 0.000000 1.000000 0.000000
vn 0.000000 0.000000 1.000000
vn 0.000000 0.000000 1.000000
vn 0.000000 0.000000 1.000000
vn 0.000000 0.000000 1.000000
vn 0.000002 0.000000 -1.000000
vn 0.000002 0.000000 -1.000000
vn 0.000002 0.000000 -1.000000
vn 0.000002 0.000000 -1.000000
vn 0.000000 1.000000 0.000000
vn 0.000000 1.000000 0.000000
vn 0.000000 1.000000 0.000000
vn 0.000000 1.000000 0.000000
vn 0.000000 0.000000 1.000000
vn 0.000000 0.000000 1.000000
vn 0.000000 0.000000 1.000000
vn 0.000000 0.000000 1.000000
vn 0.000000 -1.000000 0.000000
vn 0.000000 -1.000000 0.000000
vn 0.000000 -1.000000 0.000000
vn 0.000000 -1.000000 0.000000
vn 0.439552 0.000000 -0.898217
vn 0.439552 0.000000 -0.898217
vn 0.439552 0.000000 -0.898217
vn 0.439552 0.000000 -0.898217
vn -0.707108 0.000000 0.707105
vn -0.707108 0.000000 0.707105
vn -0.707108 0.000000 0.707105
vn -0.707108 0.000000 0.707105
vn 0.000000 -1.000000 0.000000
vn 0.000000 -1.000000 0.000000
vn 0.000000 -1.000000 0.000000
vn 0.000000 -1.000000 0.000000
vn 0.000000 1.000000 0.000000
vn 0.000000 1.000000 0.000000
vn 0.000000 1.000000 0.000000
vn 0.000000 1.000000 0.000000
vn 1.000000 0.000000 0.000000
vn 1.000000 0.000000 0.000000
vn 1.000000 0.000000 0.000000
vn 1.000000 0.000000 0.000000
vn 0.000000 0.000000 1.000000
vn 0.000000 0.000000 1.000000
vn 0.000000 0.000000 1.000000
vn 0.000000 0.000000 1.000000
vn -1.000000 0.000000 0.000000
vn -1.000000 0.000000 0.000000
vn -1.000000 0.000000 0.000000
vn -1.000000 0.000000 0.000000
vn -0.898216 0.000000 0.439554
vn -0.898216 0.000000 0.439554
vn -0.898216 0.000000 0.439554
vn -0.898216 0.000000 0.439554
vn 0.000000 -1.000000 0.000000
vn 0.000000 -1.000000 0.000000
vn 0.000000 -1.000000 0.000000
vn 0.000000 -1.000000 0.000000
vn 1.000000 0.000000 0.000000
vn 1.000000 0.000000 0.000000
vn 1.000000 0.000000 0.000000
vn 1.000000 0.000000 0.000000
vn 0.000000 1.000000 0.000000
vn 0.000000 1.000000 0.000000
vn 0.000000 1.000000 0.000000
vn 0.000000 1.000000 0.000000
vn 0.707108 0.000000 -0.707105
vn 0.707108 0.000000 -0.707105
vn 0.707108 0.000000 -0.707105
vn 0.707108 0.000000 -0.707105
vn 1.000000 0.000008 0.000000
vn 1.000000 0.000008 0.000000
vn 1.000000 0.000008 0.000000
vn 1.000000 0.000008 0.000000
vn 0.000000 1.000000 0.000000
vn 0.000000 1.000000 0.000000
vn 0.000000 1.000000 0.000000
vn 0.000000 1.000000 0.000000
vn -1.000000 0.000004 0.000000
vn -1.000000 0.000004 0.000000
vn -1.000000 0.000004 0.000000
vn -1.000000 0.000004 0.000000
vn 0.000000 -1.000000 0.000000
vn 0.000000 -1.000000 0.000000
vn 0.000000 -1.000000 0.000000
vn 0.000000 -1.000000 0.000000
vn 0.000000 -0.999184 -0.040385
vn 0.000000 -0.999184 -0.040385
vn 0.000000 -0.999184 -0.040385
vn 0.000000 -0.999184 -0.040385
vn 0.000000 -0.000031 1.000000
vn 0.000000 -0.000031 1.000000
vn 0.000000 -0.000031 1.000000
vn 0.000000 -0.000031 1.000000
vn 0.037385 0.000000 0.999301
vn 0.037385 0.000000 0.999301
vn 0.037385 0.000000 0.999301
vn 0.037385 0.000000 0.999301
vn 0.804601 0.000000 0.593816
vn 0.804601 0.000000 0.593816
vn 0.804601 0.000000 0.593816
vn 0.804601 0.000000 0.593816
vn 0.965929 0.000000 -0.258806
vn 0.965929 0.000000 -0.258806
vn 0.965929 0.000000 -0.258806
vn 0.965929 0.000000 -0.258806
vn 0.399881 0.000000 -0.916567
vn 0.399881 0.000000 -0.916567
vn 0.399881 0.000000 -0.916567
vn 0.399881 0.000000 -0.916567
vn -0.467268 0.000000 -0.884116
vn -0.467268 0.000000 -0.884116
vn -0.467268 0.000000 -0.884116
vn -0.467268 0.000000 -0.884116
vn -0.982567 0.000000 -0.185908
vn -0.982567 0.000000 -0.185908
vn -0.982567 0.000000 -0.185908
vn -0.982567 0.000000 -0.185908
vn -0.757972 0.000000 0.652288
vn -0.757972 0.000000 0.652288
vn -0.757972 0.000000 0.652288
vn -0.757972 0.000000 0.652288
vn 0.000000 -1.000000 0.000000
vn 0.000000 -1.000000 0.000000
vn 0.000000 -1.000000 -0.000000
vn 0.000000 -1.000000 0.000000
vn 0.000000 -1.000000 -0.000001
vn 0.000000 -1.000000 -0.000001
vn 0.000000 -1.000000 0.000000
vn 0.000000 -1.000000 0.000000
vn 0.000000 1.000000 0.000000
vn 0.000000 1.000000 -0.000001
vn 0.000000 1.000000 -0.000000
vn 0.000000 1.000000 0.000002
vn 0.000000 1.000000 0.000003
vn 0.000000 1.000000 -0.000001
vn 0.000000 1.000000 -0.000001
vn 0.000000 1.000000 0.000000
vn 0.032150 0.510415 0.859327
vn 0.032150 0.510415 0.859327
vn 0.032150 0.510415 0.859327
vn 0.032150 0.510415 0.859327
vn 0.696315 0.501057 0.513894
vn 0.696315 0.501057 0.513894
vn 0.696315 0.501057 0.513894
vn 0.696315 0.501057 0.513894
vn 0.844248 0.485877 -0.226203
vn 0.844248 0.485877 -0.226203
vn 0.844248 0.485877 -0.226203
vn 0.844248 0.485877 -0.226203
vn 0.351608 0.476324 -0.805908
vn 0.351608 0.476324 -0.805908
vn 0.351608 0.476324 -0.805908
vn 0.351608 0.476324 -0.805908
vn -0.409931 0.479974 -0.775617
vn -0.409931 0.479974 -0.775617
vn -0.409931 0.479974 -0.775617
vn -0.409931 0.479974 -0.775617
vn -0.854357 0.493905 -0.161652
vn -0.854357 0.493905 -0.161652
vn -0.854357 0.493905 -0.161652
vn -0.854357 0.493905 -0.161652
vn -0.653195 0.507314 0.562111
vn -0.653195 0.507314 0.562111
vn -0.653195 0.507314 0.562111
vn -0.653195 0.507314 0.562111
vn 0.037388 0.000000 0.999301
vn 0.037388 0.000000 0.999301
vn 0.037388 0.000000 0.999301
vn 0.037388 0.000000 0.999301
vn 0.804606 0.000000 0.593809
vn 0.804606 0.000000 0.593809
vn 0.804606 0.000000 0.593809
vn 0.804606 0.000000 0.593809
vn 0.965930 0.000000 -0.258806
vn 0.965930 0.000000 -0.258806
vn 0.965930 0.000000 -0.258806
vn 0.965930 0.000000 -0.258806
vn 0.399895 0.000000 -0.916561
vn 0.399895 0.000000 -0.916561
vn 0.399895 0.000000 -0.916561
vn 0.399895 0.000000 -0.916561
vn -0.467283 0.000000 -0.884108
vn -0.467283 0.000000 -0.884108
vn -0.467283 0.000000 -0.884108
vn -0.467283 0.000000 -0.884108
vn -0.982566 0.000000 -0.185914
vn -0.982566 0.000000 -0.185914
vn -0.982566 0.000000 -0.185914
vn -0.982566 0.000000 -0.185914
vn -0.757983 0.000000 0.652274
vn -0.757983 0.000000 0.652274
vn -0.757983 0.000000 0.652274
vn -0.757983 0.000000 0.652274
vn 0.036593 -0.206448 0.977773
vn 0.036593 -0.206448 0.977773
vn 0.036593 -0.206448 0.977773
vn 0.036593 -0.206448 0.977773
vn 0.788085 -0.201571 0.581628
vn 0.788085 -0.201571 0.581628
vn 0.788085 -0.201571 0.581628
vn 0.788085 -0.201571 0.581628
vn 0.947605 -0.193866 -0.253892
vn 0.947605 -0.193866 -0.253892
vn 0.947605 -0.193866 -0.253892
vn 0.947605 -0.193866 -0.253892
vn 0.392681 -0.189102 -0.900023
vn 0.392681 -0.189102 -0.900023
vn 0.392681 -0.189102 -0.900023
vn 0.392681 -0.189102 -0.900023
vn -0.458692 -0.190906 -0.867846
vn -0.458692 -0.190906 -0.867846
vn -0.458692 -0.190906 -0.867846
vn -0.458692 -0.190906 -0.867846
vn -0.963129 -0.197914 -0.182241
vn -0.963129 -0.197914 -0.182241
vn -0.963129 -0.197914 -0.182241
vn -0.963129 -0.197914 -0.182241
vn -0.741914 -0.204831 0.638442
vn -0.741914 -0.204831 0.638442
vn -0.741914 -0.204831 0.638442
vn -0.741914 -0.204831 0.638442
vn 0.031979 -0.518774 0.854313
vn 0.031979 -0.518774 0.854313
vn 0.031979 -0.518774 0.854313
vn 0.031979 -0.518773 0.854313
vn 0.692394 -0.509363 0.511018
vn 0.692394 -0.509363 0.511018
vn 0.692394 -0.509363 0.511018
vn 0.692394 -0.509363 0.511018
vn 0.839784 -0.494101 -0.225006
vn 0.839784 -0.494101 -0.225006
vn 0.839784 -0.494101 -0.225006
vn 0.839784 -0.494101 -0.225006
vn 0.349820 -0.484478 -0.801815
vn 0.349820 -0.484478 -0.801815
vn 0.349820 -0.484478 -0.801815
vn 0.349820 -0.484478 -0.801815
vn -0.407812 -0.488158 -0.771616
vn -0.407812 -0.488158 -0.771616
vn -0.407812 -0.488158 -0.771616
vn -0.407812 -0.488158 -0.771616
vn -0.849695 -0.502167 -0.160769
vn -0.849695 -0.502167 -0.160769
vn -0.849695 -0.502167 -0.160769
vn -0.849695 -0.502167 -0.160769
vn -0.649446 -0.515647 0.558863
vn -0.649446 -0.515647 0.558863
vn -0.649446 -0.515647 0.558863
vn -0.649446 -0.515647 0.558863
vn 0.015455 -0.804798 0.593348
vn 0.015455 -0.804797 0.593348
vn 0.015455 -0.804797 0.593348
vn 0.015455 -0.804797 0.593348
vn 0.246965 -0.932974 0.261853
vn 0.246965 -0.932974 0.261853
vn 0.246965 -0.932974 0.261853
vn 0.246965 -0.932974 0.261853
vn 0.266678 -0.958303 -0.102656
vn 0.266678 -0.958303 -0.102656
vn 0.266678 -0.958303 -0.102656
vn 0.266678 -0.958303 -0.102656
vn 0.161724 -0.830805 -0.532548
vn 0.161724 -0.830805 -0.532548
vn 0.161724 -0.830805 -0.532548
vn 0.161724 -0.830805 -0.532548
vn -0.181473 -0.850722 -0.493294
vn -0.181473 -0.850722 -0.493294
vn -0.181473 -0.850722 -0.493294
vn -0.181473 -0.850722 -0.493294
vn -0.262583 -0.962266 -0.071378
vn -0.262583 -0.962266 -0.071378
vn -0.262583 -0.962266 -0.071378
vn -0.262583 -0.962266 -0.071378
vn -0.236675 -0.926482 0.292602
vn -0.236675 -0.926482 0.292602
vn -0.236675 -0.926482 0.292602
vn -0.236675 -0.926482 0.292602
vn 0.000000 1.000000 0.000000
vn 0.000000 1.000000 0.000000
vn 0.000000 1.000000 0.000000
vn 0.000000 1.000000 0.000000
vn 0.000000 0.000000 1.000000
vn 0.000000 0.000000 1.000000
vn 0.000000 0.000000 1.000000
vn 0.000000 0.000000 1.000000
vn 0.000000 -1.000000 0.000000
vn 0.000000 -1.000000 0.000000
vn 0.000000 -1.000000 0.000000
vn 0.000000 -1.000000 0.000000
vn 1.000000 0.000000 0.000000
vn 1.000000 0.000000 0.000000
vn 1.000000 0.000000 0.000000
vn 1.000000 0.000000 0.000000
vn 0.000000 0.000000 -1.000000
vn 0.000000 0.000000 -1.000000
vn 0.000000 0.000000 -1.000000
vn 0.000000 0.000000 -1.000000
vn -1.000000 0.000000 0.000000
vn -1.000000 0.000000 0.000000
vn -1.000000 0.000000 0.000000
vn -1.000000 0.000000 0.000000
vn 0.000000 -1.000000 -0.000000
vn 0.000000 -1.000000 -0.000000
vn 0.000000 -1.000000 -0.000000
vn 0.000000 -1.000000 -0.000000
vn -1.000000 0.000000 0.000000
vn -1.000000 0.000000 0.000000
vn -1.000000 0.000000 0.000000
vn -1.000000 0.000000 0.000000
vn 0.000000 1.000000 0.000000
vn 0.000000 1.000000 0.000000
vn 0.000000 1.000000 0.000000
vn 0.000000 1.000000 0.000000
vn 0.000000 0.000000 -1.000000
vn 0.000000 0.000000 -1.000000
vn 0.000000 0.000000 -1.000000
vn 0.000000 0.000000 -1.000000
vn 0.000000 0.000000 1.000000
vn 0.000000 0.000000 1.000000
vn 0.000000 0.000000 1.000000
vn 0.000000 0.000000 1.000000
vn 0.000000 1.000000 0.000000
vn 0.000000 1.000000 0.000000
vn 0.000000 1.000000 0.000000
vn 0.000000 1.000000 0.000000
vn 0.000000 0.000000 -1.000000
vn 0.000000 0.000000 -1.000000
vn 0.000000 0.000000 -1.000000
vn 0.000000 0.000000 -1.000000
vn 0.000000 -1.000000 0.000000
vn 0.000000 -1.000000 0.000000
vn 0.000000 -1.000000 0.000000
vn 0.000000 -1.000000 0.000000
vn -0.439551 0.000000 0.898218
vn -0.439551 0.000000 0.898218
vn -0.439551 0.000000 0.898218
vn -0.439551 0.000000 0.898218
vn 0.707103 0.000000 -0.707110
vn 0.707103 0.000000 -0.707110
vn 0.707103 0.000000 -0.707110
vn 0.707103 0.000000 -0.707110
vn 0.000000 -1.000000 0.000000
vn 0.000000 -1.000000 0.000000
vn 0.000000 -1.000000 0.000000
vn 0.000000 -1.000000 0.000000
vn 0.000000 1.000000 0.000000
vn 0.000000 1.000000 0.000000
vn 0.000000 1.000000 0.000000
vn 0.000000 1.000000 0.000000
vn -1.000000 0.000000 0.000000
vn -1.000000 0.000000 0.000000
vn -1.000000 0.000000 0.000000
vn -1.000000 0.000000 0.000000
vn 0.000000 0.000000 -1.000000
vn 0.000000 0.000000 -1.000000
vn 0.000000 0.000000 -1.000000
vn 0.000000 0.000000 -1.000000
vn 1.000000 0.000000 0.000000
vn 1.000000 0.000000 0.000000
vn 1.000000 0.000000 0.000000
vn 1.000000 0.000000 0.000000
vn 0.898217 0.000000 -0.439553
vn 0.898217 0.000000 -0.439553
vn 0.898217 0.000000 -0.439553
vn 0.898217 0.000000 -0.439553
vn 0.000000 -1.000000 -0.000000
vn 0.000000 -1.000000 -0.000000
vn 0.000000 -1.000000 -0.000000
vn 0.000000 -1.000000 -0.000000
vn -1.000000 0.000000 0.000000
vn -1.000000 0.000000 0.000000
vn -1.000000 0.000000 0.000000
vn -1.000000 0.000000 0.000000
vn 0.000000 1.000000 -0.000001
vn 0.000000 1.000000 -0.000001
vn 0.000000 1.000000 -0.000001
vn 0.000000 1.000000 -0.000001
vn -0.707105 0.000000 0.707109
vn -0.707105 0.000000 0.707109
vn -0.707105 0.000000 0.707109
vn -0.707105 0.000000 0.707109
vn 0.999301 0.000000 -0.037385
vn 0.999301 0.000000 -0.037385
vn 0.999301 0.000000 -0.037385
vn 0.999301 0.000000 -0.037385
vn 0.593806 0.000000 -0.804609
vn 0.593806 0.000000 -0.804609
vn 0.593806 0.000000 -0.804609
vn 0.593806 0.000000 -0.804609
vn -0.258817 0.000000 -0.965926
vn -0.258817 0.000000 -0.965926
vn -0.258817 0.000000 -0.965926
vn -0.258817 0.000000 -0.965926
vn -0.916556 0.000000 -0.399907
vn -0.916556 0.000000 -0.399907
vn -0.916556 0.000000 -0.399907
vn -0.916556 0.000000 -0.399907
vn -0.884121 0.000000 0.467259
vn -0.884121 0.000000 0.467259
vn -0.884121 0.000000 0.467259
vn -0.884121 0.000000 0.467259
vn -0.185908 0.000000 0.982567
vn -0.185908 0.000000 0.982567
vn -0.185908 0.000000 0.982567
vn -0.185908 0.000000 0.982567
vn 0.652288 0.000000 0.757972
vn 0.652288 0.000000 0.757972
vn 0.652288 0.000000 0.757972
vn 0.652288 0.000000 0.757972
vn 0.000000 -1.000000 -0.000000
vn 0.000000 -1.000000 0.000000
vn 0.000000 -1.000000 -0.000000
vn 0.000000 -1.000000 -0.000000
vn 0.000000 -1.000000 0.000000
vn 0.000000 -1.000000 0.000000
vn 0.000000 -1.000000 -0.000001
vn 0.000000 -1.000000 -0.000001
vn 0.000000 1.000000 -0.000000
vn 0.000000 1.000000 0.000000
vn 0.000000 1.000000 0.000000
vn 0.000000 1.000000 -0.000000
vn 0.000000 1.000000 -0.000001
vn 0.000000 1.000000 0.000001
vn 0.000000 1.000000 0.000002
vn 0.000000 1.000000 -0.000000
vn 0.859327 0.510414 -0.032150
vn 0.859327 0.510414 -0.032150
vn 0.859327 0.510414 -0.032150
vn 0.859328 0.510414 -0.032150
vn 0.513894 0.501046 -0.696323
vn 0.513894 0.501046 -0.696323
vn 0.513894 0.501046 -0.696323
vn 0.513894 0.501046 -0.696323
vn -0.226225 0.485863 -0.844251
vn -0.226224 0.485862 -0.844251
vn -0.226224 0.485863 -0.844251
vn -0.226224 0.485863 -0.844251
vn -0.805906 0.476313 -0.351627
vn -0.805906 0.476313 -0.351627
vn -0.805906 0.476313 -0.351627
vn -0.805906 0.476313 -0.351627
vn -0.775621 0.479977 0.409920
vn -0.775621 0.479977 0.409920
vn -0.775621 0.479977 0.409920
vn -0.775621 0.479977 0.409920
vn -0.161638 0.493921 0.854351
vn -0.161638 0.493921 0.854351
vn -0.161638 0.493921 0.854351
vn -0.161638 0.493921 0.854351
vn 0.562111 0.507313 0.653195
vn 0.562111 0.507313 0.653195
vn 0.562111 0.507313 0.653195
vn 0.562111 0.507313 0.653195
vn 0.999301 0.000000 -0.037388
vn 0.999301 0.000000 -0.037388
vn 0.999301 0.000000 -0.037388
vn 0.999301 0.000000 -0.037388
vn 0.593815 0.000000 -0.804602
vn 0.593815 0.000000 -0.804602
vn 0.593815 0.000000 -0.804602
vn 0.593815 0.000000 -0.804602
vn -0.258843 0.000000 -0.965920
vn -0.258843 0.000000 -0.965920
vn -0.258843 0.000000 -0.965920
vn -0.258843 0.000000 -0.965920
vn -0.916556 0.000000 -0.399906
vn -0.916556 0.000000 -0.399906
vn -0.916556 0.000000 -0.399906
vn -0.916556 0.000000 -0.399906
vn -0.884115 0.000000 0.467270
vn -0.884115 0.000000 0.467270
vn -0.884115 0.000000 0.467270
vn -0.884115 0.000000 0.467270
vn -0.185878 0.000000 0.982573
vn -0.185878 0.000000 0.982573
vn -0.185878 0.000000 0.982573
vn -0.185878 0.000000 0.982573
vn 0.652272 0.000000 0.757985
vn 0.652272 0.000000 0.757985
vn 0.652272 0.000000 0.757985
vn 0.652272 0.000000 0.757985
vn 0.977774 -0.206445 -0.036593
vn 0.977774 -0.206445 -0.036593
vn 0.977774 -0.206445 -0.036593
vn 0.977774 -0.206445 -0.036593
vn 0.581627 -0.201594 -0.788080
vn 0.581627 -0.201594 -0.788080
vn 0.581627 -0.201594 -0.788080
vn 0.581627 -0.201594 -0.788080
vn -0.253921 -0.193860 -0.947598
vn -0.253921 -0.193860 -0.947598
vn -0.253921 -0.193860 -0.947598
vn -0.253921 -0.193860 -0.947598
vn -0.900029 -0.189084 -0.392677
vn -0.900029 -0.189084 -0.392677
vn -0.900029 -0.189084 -0.392677
vn -0.900029 -0.189084 -0.392677
vn -0.867857 -0.190897 0.458675
vn -0.867857 -0.190897 0.458675
vn -0.867857 -0.190897 0.458675
vn -0.867857 -0.190897 0.458675
vn -0.182210 -0.197914 0.963135
vn -0.182210 -0.197914 0.963135
vn -0.182210 -0.197914 0.963135
vn -0.182210 -0.197914 0.963135
vn 0.638450 -0.204816 0.741911
vn 0.638450 -0.204816 0.741911
vn 0.638450 -0.204816 0.741911
vn 0.638450 -0.204816 0.741911
vn 0.854320 -0.518763 -0.031969
vn 0.854320 -0.518763 -0.031969
vn 0.854320 -0.518763 -0.031969
vn 0.854320 -0.518763 -0.031969
vn 0.511016 -0.509356 -0.692401
vn 0.511016 -0.509356 -0.692401
vn 0.511016 -0.509356 -0.692401
vn 0.511016 -0.509356 -0.692401
vn -0.225018 -0.494089 -0.839788
vn -0.225018 -0.494089 -0.839787
vn -0.225018 -0.494089 -0.839788
vn -0.225018 -0.494089 -0.839788
vn -0.801806 -0.484490 -0.349825
vn -0.801806 -0.484490 -0.349825
vn -0.801806 -0.484490 -0.349825
vn -0.801806 -0.484490 -0.349825
vn -0.771608 -0.488167 0.407816
vn -0.771608 -0.488167 0.407816
vn -0.771608 -0.488167 0.407816
vn -0.771608 -0.488167 0.407816
vn -0.160761 -0.502178 0.849690
vn -0.160761 -0.502178 0.849690
vn -0.160761 -0.502178 0.849690
vn -0.160761 -0.502178 0.849690
vn 0.558880 -0.515643 0.649435
vn 0.558880 -0.515643 0.649435
vn 0.558880 -0.515643 0.649435
vn 0.558880 -0.515643 0.649435
vn 0.593604 -0.804474 -0.021374
vn 0.593604 -0.804474 -0.021374
vn 0.593604 -0.804474 -0.021374
vn 0.593604 -0.804473 -0.021374
vn 0.344767 -0.824038 -0.449553
vn 0.344767 -0.824037 -0.449553
vn 0.344767 -0.824038 -0.449553
vn 0.344767 -0.824038 -0.449553
vn -0.151452 -0.825336 -0.543951
vn -0.151452 -0.825336 -0.543951
vn -0.151452 -0.825336 -0.543951
vn -0.151452 -0.825336 -0.543951
vn -0.571128 -0.785053 -0.239803
vn -0.571128 -0.785053 -0.239803
vn -0.571128 -0.785053 -0.239803
vn -0.571128 -0.785053 -0.239803
vn -0.545328 -0.791001 0.277371
vn -0.545328 -0.791001 0.277371
vn -0.545328 -0.791001 0.277371
vn -0.545328 -0.791001 0.277371
vn -0.106996 -0.832097 0.544211
vn -0.106996 -0.832097 0.544211
vn -0.106996 -0.832097 0.544211
vn -0.106996 -0.832097 0.544211
vn 0.375995 -0.825732 0.420470
vn 0.375995 -0.825732 0.420470
vn 0.375995 -0.825732 0.420470
vn 0.375995 -0.825732 0.420470
vn 0.000000 0.000000 1.000000
vn 0.000000 0.000000 1.000000
vn 0.000000 0.000000 1.000000
vn 0.000000 0.000000 1.000000
vn 0.000000 1.000000 0.000000
vn 0.000000 1.000000 0.000000
vn 0.000000 1.000000 0.000000
vn 0.000000 1.000000 0.000000
vn 0.000000 0.000000 -1.000000
vn 0.000000 0.000000 -1.000000
vn 0.000000 0.000000 -1.000000
vn 0.000000 0.000000 -1.000000
vn 0.000000 -1.000000 0.000000
vn 0.000000 -1.000000 0.000000
vn 0.000000 -1.000000 0.000000
vn 0.000000 -1.000000 0.000000
vn 1.000000 0.000000 0.000000
vn 1.000000 0.000000 0.000000
vn 1.000000 0.000000 0.000000
vn 1.000000 0.000000 0.000000
vn -1.000000 0.000000 0.000000
vn -1.000000 0.000000 0.000000
vn -1.000000 0.000000 0.000000
vn -1.000000 0.000000 0.000000
vn 0.000000 0.000000 -1.000000
vn 0.000000 0.000000 -1.000000
vn 0.000000 0.000000 -1.000000
vn 0.000000 0.000000 -1.000000
vn 0.000000 1.000000 0.000000
vn 0.000000 1.000000 0.000000
vn 0.000000 1.000000 0.000000
vn 0.000000 1.000000 0.000000
vn 0.000000 0.000000 1.000000
vn 0.000000 0.000000 1.000000
vn 0.000000 0.000000 1.000000
vn 0.000000 0.000000 1.000000
vn 1.000000 0.000000 0.000000
vn 1.000000 0.000000 0.000000
vn 1.000000 0.000000 0.000000
vn 1.000000 0.000000 0.000000
vn 0.000000 -1.000000 0.000000
vn 0.000000 -1.000000 0.000000
vn 0.000000 -1.000000 0.000000
vn 0.000000 -1.000000 0.000000
vn -1.000000 0.000000 0.000000
vn -1.000000 0.000000 0.000000
vn -1.000000 0.000000 0.000000
vn -1.000000 0.000000 0.000000
vn 0.000000 0.000000 0.000000
vn 0.000000 0.000000 1.000000
vn 0.000000 0.000000 1.000000
vn 0.000000 0.000000 1.000000
vn 1.000000 0.000000 0.000000
vn 1.000000 0.000000 0.000000
vn 1.000000 0.000000 0.000000
vn 1.000000 0.000000 0.000000
vn 0.000000 0.000000 -1.000000
vn 0.000000 0.000000 -0.000000
vn 0.000000 0.000000 -1.000000
vn 0.000000 0.000000 -1.000000
vn -0.000004 1.000000 0.000000
vn -0.000004 1.000000 0.000000
vn -0.000004 1.000000 0.000000
vn -0.000004 1.000000 0.000000
vn -0.898217 -0.439553 0.000000
vn -0.898217 -0.439553 0.000000
vn -0.898217 -0.439553 0.000000
vn -0.898217 -0.439553 0.000000
vn 0.000000 0.000000 -1.000000
vn 0.000000 0.000000 -1.000000
vn 0.000000 0.000000 -1.000000
vn 0.000000 0.000000 -1.000000
vn 1.000000 0.000000 0.000000
vn 1.000000 0.000000 0.000000
vn 1.000000 0.000000 0.000000
vn 1.000000 0.000000 0.000000
vn 0.000000 0.000000 1.000000
vn 0.000000 0.000000 1.000000
vn 0.000000 0.000000 1.000000
vn 0.000000 0.000000 1.000000
vn 0.999301 0.000000 -0.037396
vn 0.999301 0.000000 -0.037396
vn 0.999301 0.000000 -0.037396
vn 0.999301 0.000000 -0.037396
vn 0.593811 0.000000 -0.804604
vn 0.593811 0.000000 -0.804604
vn 0.593811 0.000000 -0.804604
vn 0.593811 0.000000 -0.804604
vn -0.258812 0.000000 -0.965928
vn -0.258812 0.000000 -0.965928
vn -0.258812 0.000000 -0.965928
vn -0.258812 0.000000 -0.965928
vn -0.916563 0.000000 -0.399889
vn -0.916563 0.000000 -0.399889
vn -0.916563 0.000000 -0.399889
vn -0.916563 0.000000 -0.399889
vn -0.884115 0.000000 0.467268
vn -0.884115 0.000000 0.467268
vn -0.884115 0.000000 0.467268
vn -0.884115 0.000000 0.467268
vn -0.185908 0.000000 0.982567
vn -0.185908 0.000000 0.982567
vn -0.185908 0.000000 0.982567
vn -0.185908 0.000000 0.982567
vn 0.652282 0.000000 0.757977
vn 0.652282 0.000000 0.757977
vn 0.652282 0.000000 0.757977
vn 0.652282 0.000000 0.757977
vn 0.000000 -1.000000 0.000000
vn 0.000000 -1.000000 0.000000
vn 0.000000 -1.000000 -0.000000
vn 0.000000 -1.000000 0.000000
vn 0.000000 -1.000000 0.000000
vn 0.000000 -1.000000 -0.000001
vn 0.000000 -1.000000 -0.000002
vn 0.000000 -1.000000 -0.000001
vn 0.000000 1.000000 -0.000000
vn 0.000000 1.000000 0.000000
vn 0.000000 1.000000 -0.000000
vn 0.000000 1.000000 -0.000001
vn 0.000000 1.000000 -0.000001
vn 0.000000 1.000000 -0.000001
vn 0.000000 1.000000 0.000002
vn 0.000000 1.000000 0.000001
vn 0.859321 0.510424 -0.032155
vn 0.859321 0.510424 -0.032155
vn 0.859321 0.510424 -0.032155
vn 0.859321 0.510424 -0.032155
vn 0.513888 0.501056 -0.696320
vn 0.513888 0.501056 -0.696320
vn 0.513888 0.501056 -0.696320
vn 0.513888 0.501056 -0.696320
vn -0.226205 0.485873 -0.844250
vn -0.226205 0.485873 -0.844250
vn -0.226205 0.485873 -0.844250
vn -0.226205 0.485873 -0.844250
vn -0.805908 0.476324 -0.351606
vn -0.805909 0.476324 -0.351606
vn -0.805909 0.476324 -0.351606
vn -0.805909 0.476324 -0.351606
vn -0.775617 0.479980 0.409925
vn -0.775617 0.479980 0.409925
vn -0.775617 0.479980 0.409925
vn -0.775617 0.479980 0.409925
vn -0.161652 0.493906 0.854357
vn -0.161652 0.493906 0.854357
vn -0.161652 0.493906 0.854357
vn -0.161652 0.493906 0.854357
vn 0.562111 0.507316 0.653193
vn 0.562111 0.507316 0.653193
vn 0.562111 0.507316 0.653193
vn 0.562111 0.507316 0.653193
vn 0.999301 0.000000 -0.037388
vn 0.999301 0.000000 -0.037388
vn 0.999301 0.000000 -0.037388
vn 0.999301 0.000000 -0.037388
vn 0.593802 0.000000 -0.804611
vn 0.593802 0.000000 -0.804611
vn 0.593802 0.000000 -0.804611
vn 0.593802 0.000000 -0.804611
vn -0.258809 0.000000 -0.965928
vn -0.258809 0.000000 -0.965928
vn -0.258809 0.000000 -0.965928
vn -0.258809 0.000000 -0.965928
vn -0.916567 0.000000 -0.399882
vn -0.916567 0.000000 -0.399882
vn -0.916567 0.000000 -0.399882
vn -0.916567 0.000000 -0.399882
vn -0.884114 0.000000 0.467271
vn -0.884114 0.000000 0.467271
vn -0.884114 0.000000 0.467271
vn -0.884114 0.000000 0.467271
vn -0.185911 0.000000 0.982567
vn -0.185911 0.000000 0.982567
vn -0.185911 0.000000 0.982567
vn -0.185911 0.000000 0.982567
vn 0.652282 0.000000 0.757976
vn 0.652282 0.000000 0.757976
vn 0.652282 0.000000 0.757976
vn 0.652282 0.000000 0.757976
vn 0.977773 -0.206451 -0.036579
vn 0.977773 -0.206451 -0.036579
vn 0.977773 -0.206451 -0.036579
vn 0.977773 -0.206451 -0.036579
vn 0.581619 -0.201581 -0.788089
vn 0.581619 -0.201581 -0.788089
vn 0.581619 -0.201581 -0.788089
vn 0.581619 -0.201581 -0.788089
vn -0.253893 -0.193865 -0.947605
vn -0.253893 -0.193865 -0.947605
vn -0.253893 -0.193865 -0.947605
vn -0.253893 -0.193865 -0.947605
vn -0.900028 -0.189103 -0.392669
vn -0.900028 -0.189103 -0.392669
vn -0.900028 -0.189103 -0.392669
vn -0.900028 -0.189103 -0.392669
vn -0.867855 -0.190910 0.458674
vn -0.867855 -0.190910 0.458674
vn -0.867855 -0.190909 0.458674
vn -0.867855 -0.190910 0.458674
vn -0.182227 -0.197928 0.963129
vn -0.182227 -0.197928 0.963129
vn -0.182227 -0.197928 0.963129
vn -0.182227 -0.197928 0.963129
vn 0.638454 -0.204827 0.741905
vn 0.638454 -0.204827 0.741905
vn 0.638454 -0.204827 0.741905
vn 0.638454 -0.204827 0.741905
vn 0.854313 -0.518776 -0.031959
vn 0.854313 -0.518776 -0.031959
vn 0.854313 -0.518776 -0.031959
vn 0.854313 -0.518776 -0.031959
vn 0.511014 -0.509364 -0.692397
vn 0.511014 -0.509364 -0.692397
vn 0.511014 -0.509364 -0.692397
vn 0.511014 -0.509364 -0.692397
vn -0.225016 -0.494090 -0.839787
vn -0.225016 -0.494090 -0.839787
vn -0.225016 -0.494090 -0.839787
vn -0.225016 -0.494090 -0.839787
vn -0.801816 -0.484474 -0.349822
vn -0.801816 -0.484474 -0.349822
vn -0.801816 -0.484474 -0.349822
vn -0.801816 -0.484474 -0.349822
vn -0.771612 -0.488163 0.407813
vn -0.771612 -0.488163 0.407813
vn -0.771612 -0.488163 0.407813
vn -0.771612 -0.488163 0.407813
vn -0.160771 -0.502167 0.849695
vn -0.160771 -0.502167 0.849695
vn -0.160771 -0.502167 0.849695
vn -0.160771 -0.502167 0.849695
vn 0.558878 -0.515654 0.649428
vn 0.558878 -0.515654 0.649428
vn 0.558878 -0.515654 0.649428
vn 0.558878 -0.515654 0.649428
vn 0.593345 -0.804800 -0.015455
vn 0.593345 -0.804800 -0.015455
vn 0.593346 -0.804800 -0.015455
vn 0.593345 -0.804800 -0.015455
vn 0.261855 -0.932973 -0.246968
vn 0.261855 -0.932973 -0.246968
vn 0.261855 -0.932973 -0.246968
vn 0.261855 -0.932973 -0.246968
vn -0.102656 -0.958303 -0.266677
vn -0.102656 -0.958303 -0.266677
vn -0.102656 -0.958303 -0.266677
vn -0.102656 -0.958303 -0.266677
vn -0.532544 -0.830808 -0.161729
vn -0.532544 -0.830808 -0.161729
vn -0.532544 -0.830808 -0.161729
vn -0.532544 -0.830808 -0.161729
vn -0.493291 -0.850724 0.181475
vn -0.493291 -0.850724 0.181475
vn -0.493291 -0.850724 0.181475
vn -0.493291 -0.850724 0.181475
vn -0.071377 -0.962266 0.262582
vn -0.071377 -0.962266 0.262582
vn -0.071377 -0.962266 0.262582
vn -0.071377 -0.962266 0.262582
vn 0.292603 -0.926482 0.236674
vn 0.292603 -0.926482 0.236674
vn 0.292603 -0.926482 0.236674
vn 0.292603 -0.926482 0.236674
vn 0.000000 -0.713713 0.700438
vn 0.000000 -0.713713 0.700438
vn 0.000000 -0.713713 0.700438
vn 0.000000 -0.713713 0.700438
vn 0.792711 0.188961 0.579571
vn 0.792711 0.188961 0.579571
vn 0.792712 0.188961 0.579571
vn 0.792711 0.188961 0.579571
vn -0.000000 0.715978 -0.698123
vn -0.000000 0.715978 -0.698123
vn -0.000000 0.715978 -0.698123
vn -0.000000 0.715978 -0.698123
vn 0.000000 0.707096 0.707118
vn 0.000000 0.707096 0.707118
vn 0.000000 0.707096 0.707118
vn 0.000000 0.707096 0.707118
vn -0.707105 -0.000008 0.707109
vn -0.707105 -0.000008 0.707109
vn -0.707105 -0.000008 0.707109
vn -0.707105 -0.000008 0.707109
vn 0.000000 0.000000 -1.000000
vn 0.000000 0.000000 -1.000000
vn 0.000000 0.000000 -1.000000
vn 0.000000 0.000000 -1.000000
vn 0.000000 -1.000000 0.000000
vn 0.000000 -1.000000 0.000000
vn 0.000000 -1.000000 0.000000
vn 0.000000 -1.000000 0.000000
vn -0.707116 0.000000 0.707097
vn -0.707116 0.000000 0.707097
vn -0.707116 0.000000 0.707097
vn -0.707116 0.000000 0.707097
vn -0.000000 0.798049 -0.602593
vn -0.000000 0.798049 -0.602593
vn -0.000000 0.798049 -0.602593
vn -0.000000 0.798049 -0.602593
vn 0.707102 0.000000 0.707112
vn 0.707102 0.000000 0.707112
vn 0.707102 0.000000 0.707112
vn 0.707102 0.000000 0.707112
vn 0.000000 0.000000 1.000000
vn 0.000000 0.000000 1.000000
vn 0.000000 0.000000 1.000000
vn 0.000000 0.000000 1.000000
vn 0.707100 0.000000 0.707113
vn 0.707100 0.000000 0.707114
vn 0.707100 0.000000 0.707113
vn 0.707100 0.000000 0.707114
vn 0.000000 0.000000 -1.000000
vn 0.000000 0.000000 -1.000000
vn 0.000000 0.000000 -1.000000
vn 0.000000 0.000000 -1.000000
vn -0.707116 0.000000 0.707097
vn -0.707116 0.000000 0.707097
vn -0.707116 0.000000 0.707097
vn -0.707116 0.000000 0.707097
vn -0.000000 -0.713714 -0.700437
vn -0.000000 -0.713714 -0.700437
vn -0.000000 -0.713714 -0.700437
vn -0.000000 -0.713714 -0.700437
vn -0.792712 0.188968 -0.579567
vn -0.792712 0.188968 -0.579568
vn -0.792712 0.188968 -0.579567
vn -0.792712 0.188968 -0.579568
vn 0.000000 0.715977 0.698124
vn 0.000000 0.715977 0.698124
vn 0.000000 0.715977 0.698123
vn 0.000000 0.715977 0.698124
vn 0.000000 0.707111 -0.707103
vn 0.000000 0.707111 -0.707103
vn 0.000000 0.707111 -0.707103
vn 0.000000 0.707111 -0.707103
vn 0.707108 0.000004 -0.707105
vn 0.707108 0.000004 -0.707105
vn 0.707108 0.000004 -0.707105
vn 0.707108 0.000004 -0.707105
vn 0.000000 0.000000 1.000000
vn 0.000000 0.000000 1.000000
vn 0.000000 0.000000 1.000000
vn 0.000000 0.000000 1.000000
vn -0.000000 -1.000000 0.000012
vn -0.000000 -1.000000 0.000012
vn -0.000000 -1.000000 0.000012
vn -0.000000 -1.000000 0.000012
vn 0.707091 0.000000 -0.707122
vn 0.707091 0.000000 -0.707122
vn 0.707091 0.000000 -0.707122
vn 0.707091 0.000000 -0.707122
vn 0.000000 0.798043 0.602601
vn 0.000000 0.798043 0.602601
vn 0.000000 0.798043 0.602601
vn 0.000000 0.798043 0.602601
vn -0.707109 0.000000 -0.707105
vn -0.707108 0.000000 -0.707105
vn -0.707109 0.000000 -0.707105
vn -0.707109 0.000000 -0.707105
vn 0.000000 0.000000 -1.000000
vn 0.000000 0.000000 -1.000000
vn 0.000000 0.000000 -1.000000
vn 0.000000 0.000000 -1.000000
vn -0.707107 0.000000 -0.707107
vn -0.707107 0.000000 -0.707107
vn -0.707107 0.000000 -0.707107
vn -0.707107 0.000000 -0.707107
vn 0.000000 0.000000 1.000000
vn 0.000000 0.000000 1.000000
vn 0.000000 0.000000 1.000000
vn 0.000000 0.000000 1.000000
vn 0.707090 0.000000 -0.707123
vn 0.707090 0.000000 -0.707123
vn 0.707090 0.000000 -0.707123
vn 0.707090 0.000000 -0.707123
vn 1.000000 0.000000 0.000000
vn 1.000000 0.000000 0.000000
vn 1.000000 0.000000 0.000000
vn 1.000000 0.000000 0.000000
vn 0.000000 1.000000 0.000000
vn 0.000000 1.000000 0.000000
vn 0.000000 1.000000 0.000000
vn 0.000000 1.000000 0.000000
vn -1.000000 0.000000 0.000000
vn -1.000000 0.000000 0.000000
vn -1.000000 0.000000 0.000000
vn -1.000000 0.000000 0.000000
vn 0.000000 0.000000 1.000000
vn 0.000000 0.000000 1.000000
vn 0.000000 0.000000 1.000000
vn 0.000000 0.000000 1.000000
vn 0.000000 -1.000000 0.000000
vn 0.000000 -1.000000 0.000000
vn 0.000000 -1.000000 0.000000
vn 0.000000 -1.000000 0.000000
vn 0.000000 0.000000 -1.000000
vn 0.000000 0.000000 -1.000000
vn 0.000000 0.000000 -1.000000
vn 0.000000 0.000000 -1.000000
vn -0.000000 0.000000 0.000000
vn -1.000000 0.000000 0.000000
vn -1.000000 0.000000 0.000000
vn -1.000000 0.000000 0.000000
vn 0.000000 0.000000 1.000000
vn 0.000000 0.000000 1.000000
vn 0.000000 0.000000 1.000000
vn 0.000000 0.000000 1.000000
vn 1.000000 0.000000 0.000000
vn 0.000000 0.000000 0.000000
vn 1.000000 0.000000 0.000000
vn 1.000000 0.000000 0.000000
vn 0.000000 1.000000 -0.000003
vn 0.000000 1.000000 -0.000003
vn 0.000000 1.000000 -0.000003
vn 0.000000 1.000000 -0.000003
vn 0.000000 -0.439552 -0.898217
vn 0.000000 -0.439552 -0.898217
vn 0.000000 -0.439552 -0.898217
vn 0.000000 -0.439552 -0.898217
vn 1.000000 0.000000 0.000000
vn 1.000000 0.000000 0.000000
vn 1.000000 0.000000 0.000000
vn 1.000000 0.000000 0.000000
vn 0.000000 0.000000 1.000000
vn 0.000000 0.000000 1.000000
vn 0.000000 0.000000 1.000000
vn 0.000000 0.000000 1.000000
vn -1.000000 0.000000 0.000000
vn -1.000000 0.000000 0.000000
vn -1.000000 0.000000 0.000000
vn -1.000000 0.000000 0.000000
vn 0.000000 1.000000 0.000000
vn 0.000000 1.000000 0.000000
vn 0.000000 1.000000 0.000000
vn 0.000000 1.000000 0.000000
vn 1.000000 0.000000 0.000000
vn 1.000000 0.000000 0.000000
vn 1.000000 0.000000 0.000000
vn 1.000000 0.000000 0.000000
vn 0.000000 -1.000000 0.000000
vn 0.000000 -1.000000 0.000000
vn 0.000000 -1.000000 0.000000
vn 0.000000 -1.000000 0.000000
vn 0.000000 0.000000 -1.000000
vn 0.000000 0.000000 -1.000000
vn 0.000000 0.000000 -1.000000
vn 0.000000 0.000000 -1.000000
vn -1.000000 0.000000 0.000000
vn -1.000000 0.000000 0.000000
vn -1.000000 0.000000 0.000000
vn -1.000000 0.000000 0.000000
vn 0.000000 0.000000 1.000000
vn 0.000000 0.000000 1.000000
vn 0.000000 0.000000 1.000000
vn 0.000000 0.000000 1.000000
vn -0.700438 -0.713713 0.000000
vn -0.700438 -0.713713 0.000000
vn -0.700438 -0.713714 0.000000
vn -0.700438 -0.713713 0.000000
vn -0.707109 -0.000004 0.707104
vn -0.707109 -0.000004 0.707104
vn -0.707109 -0.000004 0.707104
vn -0.707109 -0.000004 0.707104
vn 0.698123 0.715978 -0.000000
vn 0.698123 0.715978 -0.000000
vn 0.698123 0.715978 -0.000000
vn 0.698123 0.715978 -0.000000
vn -0.707109 0.707105 0.000000
vn -0.707109 0.707105 0.000000
vn -0.707109 0.707105 0.000000
vn -0.707109 0.707105 0.000000
vn -0.579573 0.188965 -0.792709
vn -0.579573 0.188965 -0.792709
vn -0.579573 0.188965 -0.792709
vn -0.579573 0.188965 -0.792709
vn 1.000000 0.000000 0.000000
vn 1.000000 0.000000 0.000000
vn 1.000000 0.000000 0.000000
vn 1.000000 0.000000 0.000000
vn 0.000000 -1.000000 0.000000
vn 0.000000 -1.000000 0.000000
vn 0.000000 -1.000000 0.000000
vn 0.000000 -1.000000 0.000000
vn -0.707099 0.000000 -0.707114
vn -0.707100 0.000000 -0.707114
vn -0.707099 0.000000 -0.707114
vn -0.707099 0.000000 -0.707114
vn 0.602584 0.798055 -0.000000
vn 0.602584 0.798055 -0.000000
vn 0.602584 0.798055 -0.000000
vn 0.602584 0.798055 -0.000000
vn -0.707092 0.000000 0.707122
vn -0.707092 0.000000 0.707122
vn -0.707092 0.000000 0.707122
vn -0.707092 0.000000 0.707122
vn -1.000000 0.000000 0.000000
vn -1.000000 0.000000 0.000000
vn -1.000000 0.000000 0.000000
vn -1.000000 0.000000 0.000000
vn -0.707090 0.000000 0.707123
vn -0.707090 0.000000 0.707123
vn -0.707090 0.000000 0.707123
vn -0.707090 0.000000 0.707123
vn 1.000000 0.000000 0.000000
vn 1.000000 0.000000 0.000000
vn 1.000000 0.000000 0.000000
vn 1.000000 0.000000 0.000000
vn -0.707099 0.000000 -0.707114
vn -0.707099 0.000000 -0.707114
vn -0.707099 0.000000 -0.707114
vn -0.707099 0.000000 -0.707114
vn 0.000000 0.000000 -1.000000
vn 0.000000 0.000000 -1.000000
vn 0.000000 0.000000 -1.000000
vn 0.000000 0.000000 -1.000000
vn 0.000000 1.000000 0.000000
vn 0.000000 1.000000 0.000000
vn 0.000000 1.000000 0.000000
vn 0.000000 1.000000 0.000000
vn 0.000000 0.000000 1.000000
vn 0.000000 0.000000 1.000000
vn 0.000000 0.000000 1.000000
vn 0.000000 0.000000 1.000000
vn 1.000000 0.000000 0.000000
vn 1.000000 0.000000 0.000000
vn 1.000000 0.000000 0.000000
vn 1.000000 0.000000 0.000000
vn 0.000000 -1.000000 0.000000
vn 0.000000 -1.000000 0.000000
vn 0.000000 -1.000000 0.000000
vn 0.000000 -1.000000 0.000000
vn -1.000000 0.000000 0.000000
vn -1.000000 0.000000 0.000000
vn -1.000000 0.000000 0.000000
vn -1.000000 0.000000 0.000000
vn 0.000000 0.000000 0.000000
vn 0.000000 0.000000 1.000000
vn 0.000000 0.000000 1.000000
vn 0.000000 0.000000 1.000000
vn 1.000000 0.000000 0.000000
vn 1.000000 0.000000 0.000000
vn 1.000000 0.000000 0.000000
vn 1.000000 0.000000 0.000000
vn 0.000000 0.000000 -1.000000
vn 0.000000 0.000000 -0.000000
vn 0.000000 0.000000 -1.000000
vn 0.000000 0.000000 -1.000000
vn -0.000004 1.000000 0.000000
vn -0.000004 1.000000 0.000000
vn -0.000004 1.000000 0.000000
vn -0.000004 1.000000 0.000000
vn -0.898217 -0.439553 0.000000
vn -0.898217 -0.439553 0.000000
vn -0.898217 -0.439553 0.000000
vn -0.898217 -0.439553 0.000000
vn 0.000000 0.000000 -1.000000
vn 0.000000 0.000000 -1.000000
vn 0.000000 0.000000 -1.000000
vn 0.000000 0.000000 -1.000000
vn 1.000000 0.000000 0.000000
vn 1.000000 0.000000 0.000000
vn 1.000000 0.000000 0.000000
vn 1.000000 0.000000 0.000000
vn 0.000000 0.000000 1.000000
vn 0.000000 0.000000 1.000000
vn 0.000000 0.000000 1.000000
vn 0.000000 0.000000 1.000000
vn 0.951027 0.000000 -0.309108
vn 0.808923 0.000000 -0.587914
vn 0.808923 0.000000 -0.587914
vn 0.951027 0.000000 -0.309108
vn 0.587829 0.000000 -0.808985
vn 0.587829 0.000000 -0.808985
vn 0.309054 0.000000 -0.951045
vn 0.309054 0.000000 -0.951045
vn 0.000000 0.000000 -1.000000
vn 0.000000 0.000000 -1.000000
vn -0.309107 0.000000 -0.951027
vn -0.309107 0.000000 -0.951027
vn -0.587915 0.000000 -0.808923
vn -0.587915 0.000000 -0.808923
vn -0.808923 0.000000 -0.587914
vn -0.808923 0.000000 -0.587914
vn -0.951027 0.000000 -0.309108
vn -0.951027 0.000000 -0.309108
vn -1.000000 0.000000 0.000000
vn -1.000000 0.000000 0.000000
vn -0.951045 0.000000 0.309052
vn -0.951045 0.000000 0.309052
vn -0.808988 0.000000 0.587825
vn -0.808988 0.000000 0.587825
vn -0.587912 0.000000 0.808925
vn -0.587912 0.000000 0.808925
vn -0.309107 0.000000 0.951027
vn -0.309107 0.000000 0.951027
vn 0.000000 0.000000 1.000000
vn 0.000000 0.000000 1.000000
vn 0.309054 0.000000 0.951045
vn 0.309054 0.000000 0.951045
vn 0.587825 0.000000 0.808988
vn 0.587825 0.000000 0.808988
vn 0.808988 0.000000 0.587825
vn 0.808988 0.000000 0.587825
vn 0.951045 0.000000 0.309052
vn 0.951045 0.000000 0.309052
vn 1.000000 0.000000 0.000000
vn 1.000000 0.000000 0.000000
vn 0.000000 -1.000000 -0.000011
vn 0.000000 -1.000000 0.000000
vn 0.000000 -1.000000 -0.000001
vn 0.000000 -1.000000 -0.000011
vn 0.000000 -1.000000 0.000000
vn 0.000000 -1.000000 0.000000
vn 0.000000 -1.000000 0.000011
vn 0.000000 -1.000000 0.000011
vn 0.000000 -1.000000 0.000000
vn 0.000000 -1.000000 0.000000
vn 0.000000 -1.000000 0.000000
vn 0.000000 -1.000000 0.000000
vn 0.000000 -1.000000 0.000011
vn 0.000000 -1.000000 -0.000000
vn 0.000000 -1.000000 -0.000011
vn 0.000000 -1.000000 0.000000
vn 0.000000 -1.000000 -0.000011
vn 0.000000 -1.000000 -0.000011
vn 0.000000 -1.000000 0.000000
vn 0.000000 -1.000000 0.000000
vn 0.000000 -1.000000 0.000000
vn 0.000000 1.000000 -0.000021
vn 0.000000 1.000000 0.000000
vn 0.000000 1.000000 0.000001
vn 0.000000 1.000000 0.000000
vn 0.000000 1.000000 0.000000
vn 0.000000 1.000000 0.000000
vn 0.000000 1.000000 0.000000
vn 0.000000 1.000000 0.000000
vn 0.000000 1.000000 -0.000021
vn 0.000000 1.000000 -0.000021
vn 0.000000 1.000000 0.000000
vn 0.000000 1.000000 0.000021
vn 0.000000 1.000000 0.000021
vn 0.000000 1.000000 0.000000
vn 0.000000 1.000000 0.000000
vn 0.000000 1.000000 0.000000
vn 0.000000 1.000000 0.000011
vn 0.000000 1.000000 0.000011
vn 0.000000 1.000000 0.000000
vn 0.000000 1.000000 0.000021
vn 0.000000 1.000000 0.000000
vn 0.951027 0.000000 -0.309108
vn 0.808967 0.000000 -0.587855
vn 0.808967 0.000000 -0.587855
vn 0.951027 0.000000 -0.309108
vn 0.587872 0.000000 -0.808954
vn 0.587872 0.000000 -0.808954
vn 0.309080 0.000000 -0.951036
vn 0.309080 0.000000 -0.951036
vn 0.000000 0.000000 -1.000000
vn 0.000000 0.000000 -1.000000
vn -0.309054 0.000000 -0.951045
vn -0.309054 0.000000 -0.951045
vn -0.587829 0.000000 -0.808985
vn -0.587829 0.000000 -0.808985
vn -0.808967 0.000000 -0.587855
vn -0.808967 0.000000 -0.587855
vn -0.951054 0.000000 -0.309025
vn -0.951054 0.000000 -0.309025
vn -1.000000 0.000000 0.000000
vn -1.000000 0.000000 0.000000
vn -0.951072 0.000000 0.308970
vn -0.951072 0.000000 0.308970
vn -0.809032 0.000000 0.587765
vn -0.809032 0.000000 0.587765
vn -0.587825 0.000000 0.808988
vn -0.587825 0.000000 0.808988
vn -0.309054 0.000000 0.951045
vn -0.309054 0.000000 0.951045
vn 0.000000 0.000000 1.000000
vn 0.000000 0.000000 1.000000
vn 0.309080 0.000000 0.951036
vn 0.309080 0.000000 0.951036
vn 0.587868 0.000000 0.808957
vn 0.587868 0.000000 0.808957
vn 0.809032 0.000000 0.587765
vn 0.809032 0.000000 0.587765
vn 0.951045 0.000000 0.309052
vn 0.951045 0.000000 0.309052
vn 1.000000 0.000000 0.000000
vn 1.000000 0.000000 0.000000
vn 0.000000 -1.000000 -0.000011
vn 0.000000 -1.000000 0.000000
vn 0.000000 -1.000000 0.000001
vn 0.000000 -1.000000 0.000000
vn 0.000000 -1.000000 0.000011
vn 0.000000 -1.000000 0.000000
vn 0.000000 -1.000000 0.000011
vn 0.000000 -1.000000 0.000011
vn 0.000000 -1.000000 0.000000
vn 0.000000 -1.000000 0.000000
vn 0.000000 -1.000000 0.000000
vn 0.000000 -1.000000 0.000000
vn 0.000000 -1.000000 0.000011
vn 0.000000 -1.000000 0.000011
vn 0.000000 -1.000000 0.000000
vn 0.000000 -1.000000 0.000000
vn 0.000000 -1.000000 -0.000011
vn 0.000000 -1.000000 -0.000011
vn 0.000000 -1.000000 0.000000
vn 0.000000 -1.000000 0.000000
vn 0.000000 -1.000000 0.000000
vn 0.000000 1.000000 0.000021
vn 0.000000 1.000000 -0.000021
vn 0.000000 1.000000 -0.000000
vn 0.000000 1.000000 0.000000
vn 0.000000 1.000000 0.000021
vn 0.000000 1.000000 0.000000
vn 0.000000 1.000000 -0.000011
vn 0.000000 1.000000 -0.000011
vn 0.000000 1.000000 0.000000
vn 0.000000 1.000000 0.000000
vn 0.000000 1.000000 0.000000
vn 0.000000 1.000000 0.000000
vn 0.000000 1.000000 0.000000
vn 0.000000 1.000000 0.000000
vn 0.000000 1.000000 0.000000
vn 0.000000 1.000000 0.000000
vn 0.000000 1.000000 -0.000011
vn 0.000000 1.000000 0.000011
vn 0.000000 1.000000 0.000021
vn 0.000000 1.000000 -0.000021
vn 0.000000 1.000000 0.000000
vn 0.951061 0.000000 -0.309003
vn 0.809009 0.000000 -0.587796
vn 0.809009 0.000000 -0.587796
vn 0.951061 0.000000 -0.309003
vn 0.587770 0.000000 -0.809028
vn 0.587770 0.000000 -0.809028
vn 0.309040 0.000000 -0.951049
vn 0.309040 0.000000 -0.951049
vn 0.000000 0.000000 -1.000000
vn 0.000000 0.000000 -1.000000
vn -0.309040 0.000000 -0.951049
vn -0.309040 0.000000 -0.951049
vn -0.587761 0.000000 -0.809035
vn -0.587761 0.000000 -0.809035
vn -0.809009 0.000000 -0.587796
vn -0.809009 0.000000 -0.587796
vn -0.951061 0.000000 -0.309003
vn -0.951061 0.000000 -0.309003
vn -1.000000 0.000000 -0.000000
vn -1.000000 0.000000 -0.000000
vn -0.951061 0.000000 0.309003
vn -0.951061 0.000000 0.309003
vn -0.809009 0.000000 0.587796
vn -0.809009 0.000000 0.587796
vn -0.587787 0.000000 0.809016
vn -0.587787 0.000000 0.809016
vn -0.309004 0.000000 0.951061
vn -0.309004 0.000000 0.951061
vn 0.000000 0.000000 1.000000
vn 0.000000 0.000000 1.000000
vn 0.309004 0.000000 0.951061
vn 0.309004 0.000000 0.951061
vn 0.587787 0.000000 0.809016
vn 0.587787 0.000000 0.809016
vn 0.809009 0.000000 0.587796
vn 0.809009 0.000000 0.587796
vn 0.951061 0.000000 0.309003
vn 0.951061 0.000000 0.309003
vn 1.000000 0.000000 -0.000000
vn 1.000000 0.000000 -0.000000
vn 0.000000 -1.000000 0.000001
vn 0.000000 -1.000000 0.000001
vn 0.000000 -1.000000 0.000000
vn 0.000000 -1.000000 0.000000
vn 0.000000 -1.000000 -0.000000
vn 0.000000 -1.000000 0.000001
vn 0.000000 -1.000000 -0.000000
vn 0.000000 -1.000000 -0.000002
vn 0.000000 -1.000000 0.000001
vn 0.000000 -1.000000 0.000001
vn 0.000000 -1.000000 0.000000
vn 0.000000 -1.000000 -0.000001
vn 0.000000 -1.000000 -0.000001
vn 0.000000 -1.000000 0.000000
vn 0.000000 -1.000000 -0.000000
vn 0.000000 -1.000000 -0.000002
vn 0.000000 -1.000000 0.000000
vn 0.000000 -1.000000 0.000002
vn 0.000000 -1.000000 -0.000001
vn 0.000000 -1.000000 -0.000001
vn 0.000000 -1.000000 0.000000
vn 0.000000 1.000000 -0.000000
vn 0.000000 1.000000 -0.000008
vn 0.000000 1.000000 -0.000000
vn 0.000000 1.000000 0.000000
vn 0.000000 1.000000 0.000000
vn 0.000000 1.000000 0.000000
vn 0.000000 1.000000 0.000000
vn 0.000000 1.000000 0.000000
vn 0.000000 1.000000 -0.000004
vn 0.000000 1.000000 0.000004
vn 0.000000 1.000000 -0.000000
vn 0.000000 1.000000 0.000000
vn 0.000000 1.000000 0.000008
vn 0.000000 1.000000 0.000000
vn 0.000000 1.000000 0.000000
vn 0.000000 1.000000 0.000000
vn 0.000000 1.000000 0.000000
vn 0.000000 1.000000 0.000000
vn 0.000000 1.000000 0.000004
vn 0.000000 1.000000 -0.000004
vn 0.000000 1.000000 -0.000000
vn 0.809019 0.000000 -0.587783
vn 0.951056 0.000000 -0.309018
vn 0.951056 0.000000 -0.309018
vn 0.809019 0.000000 -0.587783
vn 0.587782 0.000000 -0.809019
vn 0.587782 0.000000 -0.809019
vn 0.309018 0.000000 -0.951056
vn 0.309018 0.000000 -0.951056
vn 0.000000 0.000000 -1.000000
vn 0.000000 0.000000 -1.000000
vn -0.309018 0.000000 -0.951056
vn -0.309018 0.000000 -0.951056
vn -0.587782 0.000000 -0.809019
vn -0.587782 0.000000 -0.809019
vn -0.809019 0.000000 -0.587783
vn -0.809019 0.000000 -0.587783
vn -0.951056 0.000000 -0.309018
vn -0.951056 0.000000 -0.309018
vn -1.000000 0.000000 0.000000
vn -1.000000 0.000000 0.000000
vn -0.951056 0.000000 0.309018
vn -0.951056 0.000000 0.309018
vn -0.809019 0.000000 0.587783
vn -0.809019 0.000000 0.587783
vn -0.587804 0.000000 0.809004
vn -0.587804 0.000000 0.809004
vn -0.309018 0.000000 0.951056
vn -0.309018 0.000000 0.951056
vn 0.000000 0.000000 1.000000
vn 0.000000 0.000000 1.000000
vn 0.309018 0.000000 0.951056
vn 0.309018 0.000000 0.951056
vn 0.587804 0.000000 0.809004
vn 0.587804 0.000000 0.809004
vn 0.809019 0.000000 0.587783
vn 0.809019 0.000000 0.587783
vn 0.951056 0.000000 0.309018
vn 0.951056 0.000000 0.309018
vn 1.000000 0.000000 0.000000
vn 1.000000 0.000000 0.000000
vn 0.000000 1.000000 0.000002
vn 0.000000 1.000000 0.000002
vn 0.000000 1.000000 0.000002
vn 0.000000 1.000000 0.000002
vn 0.000000 -1.000000 0.000002
vn 0.000000 -1.000000 0.000002
vn 0.000000 1.000000 0.000004
vn 0.000000 1.000000 0.000004
vn 0.000000 -1.000000 0.000000
vn 0.000000 1.000000 0.000002
vn 0.000000 1.000000 0.000002
vn 0.000000 -1.000000 -0.000001
vn 0.000000 1.000000 0.000001
vn 0.000000 1.000000 0.000001
vn 0.000000 -1.000000 0.000003
vn 0.000000 1.000000 0.000003
vn 0.000000 1.000000 0.000003
vn 0.000000 -1.000000 0.000006
vn 0.000000 1.000000 0.000002
vn 0.000000 1.000000 0.000002
vn 0.000000 -1.000000 0.000002
vn 0.000000 1.000000 0.000000
vn 0.000000 1.000000 0.000000
vn 0.000000 -1.000000 0.000002
vn 0.000000 1.000000 0.000000
vn 0.000000 1.000000 0.000000
vn 0.000000 -1.000000 0.000002
vn 0.000000 1.000000 -0.000002
vn 0.000000 1.000000 -0.000002
vn 0.000000 -1.000000 0.000000
vn 0.000000 1.000000 -0.000002
vn 0.000000 1.000000 -0.000002
vn 0.000000 -1.000000 -0.000002
vn 0.000000 1.000000 -0.000002
vn 0.000000 1.000000 -0.000002
vn 0.000000 -1.000000 -0.000002
vn 0.000000 1.000000 -0.000005
vn 0.000000 1.000000 -0.000005
vn 0.000000 -1.000000 -0.000002
vn 0.000000 1.000000 -0.000003
vn 0.000000 1.000000 -0.000003
vn 0.000000 -1.000000 -0.000004
vn 0.000000 1.000000 -0.000001
vn 0.000000 1.000000 -0.000001
vn 0.000000 -1.000000 -0.000006
vn 0.000000 1.000000 -0.000003
vn 0.000000 1.000000 -0.000003
vn 0.000000 -1.000000 -0.000006
vn 0.000000 1.000000 -0.000002
vn 0.000000 1.000000 -0.000002
vn 0.000000 -1.000000 -0.000002
vn 0.000000 1.000000 0.000000
vn 0.000000 1.000000 0.000000
vn 0.000000 -1.000000 -0.000002
vn 0.000000 1.000000 0.000000
vn 0.000000 1.000000 0.000000
vn 0.000000 -1.000000 -0.000002
vn 0.000000 1.000000 0.000002
vn 0.000000 1.000000 0.000002
vn 0.000000 -1.000000 0.000000
vn 0.949919 0.308649 -0.048894
vn 0.808045 0.587089 -0.048890
vn 0.808788 0.587635 -0.023379
vn 0.950792 0.308948 -0.023381
vn 0.587091 0.808043 -0.048891
vn 0.587634 0.808789 -0.023379
vn 0.308663 0.949914 -0.048892
vn 0.308945 0.950793 -0.023380
vn -0.000000 0.998804 -0.048895
vn -0.000000 0.999727 -0.023381
vn -0.308647 0.949919 -0.048895
vn -0.308936 0.950796 -0.023382
vn -0.587071 0.808058 -0.048891
vn -0.587624 0.808797 -0.023380
vn -0.808041 0.587094 -0.048889
vn -0.808783 0.587642 -0.023379
vn -0.949907 0.308684 -0.048890
vn -0.950786 0.308965 -0.023379
vn -0.998804 0.000000 -0.048890
vn -0.999727 0.000000 -0.023379
vn -0.949907 -0.308684 -0.048890
vn -0.950787 -0.308963 -0.023379
vn -0.808045 -0.587088 -0.048891
vn -0.808787 -0.587637 -0.023379
vn -0.587074 -0.808056 -0.048891
vn -0.587622 -0.808798 -0.023380
vn -0.308637 -0.949923 -0.048893
vn -0.308927 -0.950799 -0.023381
vn 0.000000 -0.998804 -0.048893
vn 0.000000 -0.999727 -0.023380
vn 0.308663 -0.949914 -0.048891
vn 0.308950 -0.950791 -0.023380
vn 0.587095 -0.808040 -0.048891
vn 0.587633 -0.808790 -0.023379
vn 0.808045 -0.587088 -0.048892
vn 0.808787 -0.587637 -0.023380
vn 0.949919 -0.308649 -0.048895
vn 0.950792 -0.308946 -0.023381
vn 0.998804 0.000000 -0.048897
vn 0.999727 0.000000 -0.023382
vn 0.000000 0.000000 -1.000000
vn 0.000000 0.000000 -1.000000
vn 0.000001 0.000000 -1.000000
vn 0.000000 0.000000 -1.000000
vn -0.000021 0.000000 -1.000000
vn 0.000000 0.000000 -1.000000
vn 0.000021 0.000000 -1.000000
vn 0.000011 0.000000 -1.000000
vn 0.000005 0.000000 -1.000000
vn -0.000005 0.000000 -1.000000
vn 0.000000 0.000000 -1.000000
vn 0.000000 0.000000 -1.000000
vn 0.000000 0.000000 -1.000000
vn 0.000000 0.000000 -1.000000
vn 0.000021 0.000000 -1.000000
vn 0.000000 0.000000 -1.000000
vn -0.000021 0.000000 -1.000000
vn 0.000000 0.000000 -1.000000
vn 0.000000 0.000000 -1.000000
vn 0.000000 0.000000 -1.000000
vn 0.000000 0.000000 -1.000000
vn 0.000005 0.000000 1.000000
vn -0.000005 0.000000 1.000000
vn -0.000003 0.000000 1.000000
vn 0.000000 0.000000 1.000000
vn 0.000011 0.000000 1.000000
vn 0.000000 0.000000 1.000000
vn -0.000021 0.000000 1.000000
vn -0.000021 0.000000 1.000000
vn -0.000011 0.000000 1.000000
vn -0.000011 0.000000 1.000000
vn 0.000000 0.000000 1.000000
vn 0.000005 0.000000 1.000000
vn 0.000005 0.000000 1.000000
vn -0.000011 0.000000 1.000000
vn -0.000011 0.000000 1.000000
vn 0.000000 0.000000 1.000000
vn 0.000000 0.000000 1.000000
vn 0.000000 0.000000 1.000000
vn 0.000000 0.000000 1.000000
vn 0.000000 0.000000 1.000000
vn 0.000000 0.000000 1.000000
vn 0.587633 -0.808790 0.023378
vn 0.808785 -0.587640 0.023379
vn 0.808042 -0.587093 0.048889
vn 0.587094 -0.808041 0.048888
vn 0.308950 -0.950791 0.023379
vn 0.308664 -0.949914 0.048890
vn 0.000000 -0.999727 0.023380
vn 0.000000 -0.998804 0.048892
vn -0.308927 -0.950798 0.023381
vn -0.308638 -0.949922 0.048893
vn -0.587623 -0.808797 0.023379
vn -0.587076 -0.808055 0.048890
vn -0.808786 -0.587638 0.023379
vn -0.808044 -0.587090 0.048889
vn -0.950786 -0.308963 0.023379
vn -0.949907 -0.308685 0.048889
vn -0.999727 0.000000 0.023378
vn -0.998804 0.000000 0.048889
vn -0.950786 0.308965 0.023379
vn -0.949907 0.308685 0.048888
vn -0.808783 0.587643 0.023378
vn -0.808040 0.587096 0.048888
vn -0.587624 0.808796 0.023379
vn -0.587072 0.808057 0.048890
vn -0.308936 0.950795 0.023381
vn -0.308648 0.949919 0.048893
vn -0.000000 0.999727 0.023381
vn 0.000000 0.998804 0.048893
vn 0.308945 0.950792 0.023380
vn 0.308664 0.949914 0.048891
vn 0.587634 0.808789 0.023379
vn 0.587091 0.808043 0.048890
vn 0.808787 0.587637 0.023379
vn 0.808041 0.587094 0.048889
vn 0.950792 0.308946 0.023380
vn 0.949920 0.308645 0.048892
vn 0.999727 0.000000 0.023381
vn 0.998804 0.000000 0.048895
vn 0.950793 -0.308944 0.023380
vn 0.949920 -0.308645 0.048892
vn -0.000004 0.000000 -1.000000
vn -0.000004 0.000000 -1.000000
vn -0.000004 0.000000 -1.000000
vn -0.000004 0.000000 -1.000000
vn 0.000000 -1.000000 0.000000
vn 0.000000 -1.000000 0.000000
vn 0.000000 -1.000000 0.000000
vn 0.000000 -1.000000 0.000000
vn 1.000000 0.000000 0.000000
vn 1.000000 0.000000 0.000000
vn 1.000000 0.000000 0.000000
vn 1.000000 0.000000 0.000000
vn 0.000000 1.000000 0.000000
vn 0.000000 1.000000 0.000000
vn 0.000000 1.000000 0.000000
vn 0.000000 1.000000 0.000000
vn -1.000000 0.000000 0.000000
vn -1.000000 0.000000 0.000000
vn -1.000000 0.000000 0.000000
vn -1.000000 0.000000 0.000000
vn -0.000004 0.000000 -1.000000
vn -0.000004 0.000000 -1.000000
vn -0.000004 0.000000 -1.000000
vn -0.000004 0.000000 -1.000000
vn -0.000002 0.000000 -1.000000
vn -0.000002 0.000000 -1.000000
vn -0.000002 0.000000 -1.000000
vn -0.000002 0.000000 -1.000000
vn 0.000000 -1.000000 0.000000
vn 0.000000 -1.000000 0.000000
vn 0.000000 -1.000000 0.000000
vn 0.000000 -1.000000 0.000000
vn 1.000000 0.000000 0.000000
vn 1.000000 0.000000 0.000000
vn 1.000000 0.000000 0.000000
vn 1.000000 0.000000 0.000000
vn 0.000000 1.000000 0.000000
vn 0.000000 1.000000 0.000000
vn 0.000000 1.000000 0.000000
vn 0.000000 1.000000 0.000000
vn -1.000000 0.000000 0.000000
vn -1.000000 0.000000 0.000000
vn -1.000000 0.000000 0.000000
vn -1.000000 0.000000 0.000000
vn -0.000002 -0.000000 -1.000000
vn -0.000002 -0.000000 -1.000000
vn -0.000002 -0.000000 -1.000000
vn -0.000002 -0.000000 -1.000000
vn -0.000001 0.000000 -1.000000
vn -0.000001 0.000000 -1.000000
vn -0.000001 0.000000 -1.000000
vn -0.000001 0.000000 -1.000000
vn -0.000002 0.000000 -1.000000
vn -0.000002 0.000000 -1.000000
vn -0.000002 0.000000 -1.000000
vn -0.000002 0.000000 -1.000000
vn -0.000001 0.000000 -1.000000
vn -0.000001 0.000000 -1.000000
vn -0.000001 0.000000 -1.000000
vn -0.000001 0.000000 -1.000000
vn 0.000000 1.000000 0.000000
vn 0.000000 1.000000 0.000000
vn 0.000000 1.000000 0.000000
vn 0.000000 1.000000 0.000000
vn -1.000000 0.000000 0.000000
vn -1.000000 0.000000 0.000000
vn -1.000000 0.000000 0.000000
vn -1.000000 0.000000 0.000000
vn 0.000000 -1.000000 0.000000
vn 0.000000 -1.000000 0.000000
vn 0.000000 -1.000000 0.000000
vn 0.000000 -1.000000 0.000000
vn 1.000000 0.000000 0.000000
vn 1.000000 0.000000 0.000000
vn 1.000000 0.000000 0.000000
vn 1.000000 0.000000 0.000000
vn 1.000000 0.000000 0.000000
vn 1.000000 0.000000 0.000000
vn 1.000000 0.000000 0.000000
vn -0.000002 0.000000 -1.000000
vn -0.000002 0.000000 -1.000000
vn -0.000002 0.000000 -1.000000
vn -0.000002 0.000000 -1.000000
vn -1.000000 0.000000 0.000000
vn -1.000000 0.000000 0.000000
vn -1.000000 0.000000 0.000000
vn 0.000000 1.000000 0.000000
vn 0.000000 1.000000 0.000000
vn 0.000000 1.000000 0.000000
vn 0.000000 1.000000 0.000000
vn -1.000000 0.000000 0.000000
vn -1.000000 0.000000 0.000000
vn -1.000000 0.000000 0.000000
vn -1.000000 0.000000 0.000000
vn 0.000000 -1.000000 0.000000
vn 0.000000 -1.000000 0.000000
vn 0.000000 -1.000000 0.000000
vn 0.000000 -1.000000 0.000000
vn 1.000000 0.000000 0.000000
vn 1.000000 0.000000 0.000000
vn 1.000000 0.000000 0.000000
vn 1.000000 0.000000 0.000000
vn 0.000000 1.000000 0.000000
vn 0.000000 1.000000 0.000000
vn 0.000000 1.000000 0.000000
vn 0.000000 1.000000 0.000000
vn -1.000000 0.000000 0.000000
vn -1.000000 0.000000 0.000000
vn -1.000000 0.000000 0.000000
vn -1.000000 0.000000 0.000000
vn 0.000000 -1.000000 0.000000
vn 0.000000 -1.000000 0.000000
vn 0.000000 -1.000000 0.000000
vn 0.000000 -1.000000 0.000000
vn 1.000000 0.000000 0.000000
vn 1.000000 0.000000 0.000000
vn 1.000000 0.000000 0.000000
vn 1.000000 0.000000 0.000000
vn -0.000005 0.000000 -1.000000
vn -0.000005 0.000000 -1.000000
vn -0.000005 0.000000 -1.000000
vn -0.000005 0.000000 -1.000000
vn -0.500901 0.865505 0.000000
vn -0.500901 0.865505 0.000000
vn -0.500901 0.865505 0.000000
vn -0.500901 0.865505 0.000000
vn 0.000000 0.000000 1.000000
vn 0.000000 0.000000 1.000000
vn 0.000000 0.000000 1.000000
vn 0.000000 0.000000 1.000000
vn -0.500901 -0.865505 0.000000
vn -0.500901 -0.865505 0.000000
vn -0.500901 -0.865505 0.000000
vn -0.500901 -0.865505 0.000000
vn 0.000000 0.000000 -1.000000
vn 0.000000 0.000000 -1.000000
vn 0.000000 0.000000 -1.000000
vn 0.000000 0.000000 -1.000000
vn 0.921395 -0.388626 0.000000
vn 0.921395 -0.388626 0.000000
vn 0.921395 -0.388626 0.000000
vn 0.921395 -0.388626 0.000000
vn 0.000000 0.000000 1.000000
vn 0.000000 0.000000 1.000000
vn 0.000000 0.000000 1.000000
vn 0.000000 0.000000 1.000000
vn 0.921395 0.388627 0.000000
vn 0.921395 0.388627 0.000000
vn 0.921395 0.388627 0.000000
vn 0.921395 0.388627 0.000000
vn -0.707107 0.000000 -0.707107
vn -0.707107 0.000000 -0.707107
vn -0.707107 0.000000 -0.707107
vn -0.707107 0.000000 -0.707107
vn -0.707107 0.000000 -0.707106
vn -0.707107 0.000000 -0.707106
vn -0.707107 0.000000 -0.707106
vn -0.707107 0.000000 -0.707106
vn 0.707107 0.000000 -0.707107
vn 0.707107 0.000000 -0.707107
vn 0.707107 0.000000 -0.707107
vn 0.707107 0.000000 -0.707107
vn 0.707107 0.000000 -0.707106
vn 0.707107 0.000000 -0.707106
vn 0.707107 0.000000 -0.707106
vn 0.707107 0.000000 -0.707106
vn 0.707107 0.000000 0.707107
vn 0.707107 0.000000 0.707107
vn 0.707107 0.000000 0.707107
vn 0.707107 0.000000 0.707107
vn -0.707107 0.000000 0.707107
vn -0.707107 0.000000 0.707107
vn -0.707107 0.000000 0.707107
vn -0.707107 0.000000 0.707107
vn 0.000000 0.707101 0.707112
vn 0.000000 0.707101 0.707112
vn 0.000000 0.707101 0.707112
vn 0.000000 0.707101 0.707112
vn 0.000000 0.707105 -0.707109
vn 0.000000 0.707104 -0.707109
vn 0.000000 0.707104 -0.707109
vn 0.000000 0.707105 -0.707109
vn 0.000000 -1.000000 0.000000
vn 0.000000 -1.000000 0.000000
vn -1.000000 0.000000 0.000000
vn -1.000000 0.000000 0.000000
vn 0.000000 1.000000 0.000000
vn 0.000000 1.000000 0.000000
vn 0.000000 0.000000 -1.000000
vn 0.000000 0.000000 -1.000000
vn 0.000000 0.000000 -1.000000
vn 0.000000 0.000000 -1.000000
vn 1.000000 0.000000 0.000000
vn 1.000000 0.000000 0.000000
vn 1.000000 0.000000 0.000000
vn 0.000000 0.000000 -1.000000
vn 0.000000 0.000000 -1.000000
vn -1.000000 0.000000 0.000000
vn 1.000000 0.000000 0.000000
vn 0.000000 0.000000 1.000000
vn 0.000000 0.000000 1.000000
vn 0.000000 0.000000 1.000000
vn 0.000000 0.000000 1.000000
vn -1.000000 0.000000 0.000000
vn 1.000000 0.000000 0.000000
vn -1.000000 0.000000 0.000000
vn 0.000000 0.000000 -1.000000
vn 0.000000 0.000000 -1.000000
vn 0.000000 -1.000000 0.000000
vn 0.000000 -1.000000 0.000000
vn 0.000000 -1.000000 0.000000
vn 0.000000 -1.000000 0.000000
vn -1.000000 0.000000 0.000000
vn -1.000000 0.000000 0.000000
vn -1.000000 0.000000 0.000000
vn -1.000000 0.000000 0.000000
vn 0.000000 1.000000 0.000000
vn 0.000000 1.000000 0.000000
vn 0.000000 1.000000 0.000000
vn 0.000000 1.000000 0.000000
vn 0.000000 0.000000 -1.000000
vn 0.000000 0.000000 -1.000000
vn 0.000000 0.000000 -1.000000
vn 0.000000 0.000000 -1.000000
vn 1.000000 0.000000 0.000000
vn 1.000000 0.000000 0.000000
vn 1.000000 0.000000 0.000000
vn 1.000000 0.000000 0.000000
vn 0.000000 0.000000 1.000000
vn 0.000000 0.000000 1.000000
vn 0.000000 0.000000 1.000000
vn 0.000000 0.000000 1.000000
vn 0.999301 0.000000 -0.037396
vn 0.999301 0.000000 -0.037396
vn 0.999301 0.000000 -0.037396
vn 0.999301 0.000000 -0.037396
vn 0.593813 0.000000 -0.804603
vn 0.593813 0.000000 -0.804603
vn 0.593813 0.000000 -0.804603
vn 0.593813 0.000000 -0.804603
vn -0.258812 0.000000 -0.965928
vn -0.258812 0.000000 -0.965928
vn -0.258812 0.000000 -0.965928
vn -0.258812 0.000000 -0.965928
vn -0.916562 0.000000 -0.399894
vn -0.916562 0.000000 -0.399894
vn -0.916562 0.000000 -0.399894
vn -0.916562 0.000000 -0.399894
vn -0.884118 0.000000 0.467263
vn -0.884118 0.000000 0.467263
vn -0.884118 0.000000 0.467263
vn -0.884118 0.000000 0.467263
vn -0.185906 0.000000 0.982568
vn -0.185906 0.000000 0.982568
vn -0.185906 0.000000 0.982568
vn -0.185906 0.000000 0.982568
vn 0.652281 0.000000 0.757978
vn 0.652281 0.000000 0.757978
vn 0.652281 0.000000 0.757978
vn 0.652281 0.000000 0.757978
vn 0.000000 -1.000000 0.000000
vn 0.000000 -1.000000 0.000000
vn 0.000000 -1.000000 -0.000000
vn 0.000000 -1.000000 0.000000
vn 0.000000 -1.000000 0.000000
vn 0.000000 -1.000000 -0.000001
vn 0.000000 -1.000000 -0.000002
vn 0.000000 -1.000000 -0.000001
vn 0.000000 1.000000 -0.000000
vn 0.000000 1.000000 0.000000
vn 0.000000 1.000000 -0.000001
vn 0.000000 1.000000 -0.000001
vn 0.000000 1.000000 -0.000002
vn 0.000000 1.000000 -0.000001
vn 0.000000 1.000000 0.000000
vn 0.000000 1.000000 -0.000000
vn 0.859322 0.510423 -0.032155
vn 0.859322 0.510423 -0.032155
vn 0.859322 0.510423 -0.032155
vn 0.859322 0.510423 -0.032155
vn 0.513886 0.501057 -0.696321
vn 0.513886 0.501057 -0.696321
vn 0.513886 0.501057 -0.696321
vn 0.513886 0.501057 -0.696321
vn -0.226205 0.485873 -0.844250
vn -0.226205 0.485873 -0.844250
vn -0.226205 0.485873 -0.844250
vn -0.226205 0.485873 -0.844250
vn -0.805907 0.476323 -0.351610
vn -0.805907 0.476323 -0.351610
vn -0.805907 0.476323 -0.351610
vn -0.805907 0.476323 -0.351610
vn -0.775620 0.479978 0.409921
vn -0.775620 0.479978 0.409921
vn -0.775620 0.479978 0.409921
vn -0.775619 0.479978 0.409921
vn -0.161648 0.493911 0.854354
vn -0.161648 0.493911 0.854354
vn -0.161648 0.493911 0.854354
vn -0.161648 0.493911 0.854354
vn 0.562108 0.507320 0.653193
vn 0.562108 0.507320 0.653193
vn 0.562108 0.507320 0.653193
vn 0.562108 0.507320 0.653193
vn 0.999301 0.000000 -0.037388
vn 0.999301 0.000000 -0.037388
vn 0.999301 0.000000 -0.037388
vn 0.999301 0.000000 -0.037388
vn 0.593802 0.000000 -0.804611
vn 0.593802 0.000000 -0.804611
vn 0.593802 0.000000 -0.804611
vn 0.593802 0.000000 -0.804611
vn -0.258809 0.000000 -0.965928
vn -0.258809 0.000000 -0.965928
vn -0.258809 0.000000 -0.965928
vn -0.258809 0.000000 -0.965928
vn -0.916564 0.000000 -0.399888
vn -0.916564 0.000000 -0.399888
vn -0.916564 0.000000 -0.399888
vn -0.916564 0.000000 -0.399888
vn -0.884118 0.000000 0.467264
vn -0.884118 0.000000 0.467264
vn -0.884118 0.000000 0.467264
vn -0.884118 0.000000 0.467264
vn -0.185897 0.000000 0.982569
vn -0.185897 0.000000 0.982569
vn -0.185897 0.000000 0.982569
vn -0.185897 0.000000 0.982569
vn 0.652274 0.000000 0.757984
vn 0.652274 0.000000 0.757984
vn 0.652274 0.000000 0.757984
vn 0.652274 0.000000 0.757984
vn 0.977773 -0.206450 -0.036579
vn 0.977773 -0.206450 -0.036579
vn 0.977773 -0.206450 -0.036579
vn 0.977773 -0.206450 -0.036579
vn 0.581618 -0.201587 -0.788088
vn 0.581618 -0.201587 -0.788088
vn 0.581618 -0.201587 -0.788088
vn 0.581618 -0.201587 -0.788088
vn -0.253893 -0.193865 -0.947605
vn -0.253893 -0.193865 -0.947605
vn -0.253893 -0.193865 -0.947605
vn -0.253893 -0.193865 -0.947605
vn -0.900029 -0.189099 -0.392669
vn -0.900029 -0.189099 -0.392669
vn -0.900029 -0.189099 -0.392669
vn -0.900029 -0.189099 -0.392669
vn -0.867853 -0.190908 0.458677
vn -0.867853 -0.190908 0.458677
vn -0.867853 -0.190908 0.458677
vn -0.867853 -0.190908 0.458677
vn -0.182235 -0.197919 0.963129
vn -0.182235 -0.197919 0.963129
vn -0.182235 -0.197919 0.963129
vn -0.182235 -0.197919 0.963129
vn 0.638451 -0.204831 0.741906
vn 0.638451 -0.204831 0.741906
vn 0.638451 -0.204831 0.741906
vn 0.638451 -0.204831 0.741906
vn 0.854314 -0.518774 -0.031959
vn 0.854314 -0.518774 -0.031959
vn 0.854314 -0.518774 -0.031959
vn 0.854314 -0.518774 -0.031959
vn 0.511010 -0.509362 -0.692401
vn 0.511010 -0.509362 -0.692401
vn 0.511010 -0.509362 -0.692401
vn 0.511010 -0.509362 -0.692401
vn -0.225013 -0.494095 -0.839786
vn -0.225013 -0.494095 -0.839786
vn -0.225013 -0.494094 -0.839785
vn -0.225013 -0.494094 -0.839786
vn -0.801813 -0.484479 -0.349823
vn -0.801813 -0.484479 -0.349823
vn -0.801813 -0.484479 -0.349823
vn -0.801813 -0.484479 -0.349823
vn -0.771613 -0.488162 0.407813
vn -0.771613 -0.488162 0.407813
vn -0.771613 -0.488162 0.407813
vn -0.771613 -0.488162 0.407813
vn -0.160775 -0.502172 0.849691
vn -0.160775 -0.502172 0.849691
vn -0.160775 -0.502172 0.849691
vn -0.160775 -0.502172 0.849691
vn 0.558879 -0.515647 0.649432
vn 0.558879 -0.515647 0.649432
vn 0.558879 -0.515647 0.649432
vn 0.558879 -0.515647 0.649432
vn 0.593608 -0.804471 -0.021377
vn 0.593608 -0.804471 -0.021377
vn 0.593608 -0.804471 -0.021377
vn 0.593608 -0.804471 -0.021377
vn 0.344765 -0.824035 -0.449559
vn 0.344765 -0.824035 -0.449559
vn 0.344765 -0.824035 -0.449559
vn 0.344765 -0.824035 -0.449559
vn -0.151453 -0.825334 -0.543954
vn -0.151453 -0.825334 -0.543954
vn -0.151453 -0.825334 -0.543954
vn -0.151453 -0.825334 -0.543954
vn -0.571125 -0.785056 -0.239797
vn -0.571125 -0.785056 -0.239797
vn -0.571125 -0.785056 -0.239797
vn -0.571125 -0.785056 -0.239797
vn -0.545329 -0.791003 0.277364
vn -0.545329 -0.791003 0.277364
vn -0.545329 -0.791003 0.277364
vn -0.545329 -0.791003 0.277364
vn -0.106994 -0.832102 0.544204
vn -0.106994 -0.832102 0.544204
vn -0.106994 -0.832102 0.544204
vn -0.106994 -0.832102 0.544204
vn 0.375996 -0.825731 0.420470
vn 0.375996 -0.825731 0.420470
vn 0.375996 -0.825731 0.420470
vn 0.375996 -0.825731 0.420470
vn 0.000000 -1.000000 0.000000
vn 0.000000 -1.000000 0.000000
vn 0.000000 -1.000000 0.000000
vn 0.000000 -1.000000 0.000000
vn 0.000000 0.000000 1.000000
vn 0.000000 0.000000 1.000000
vn 0.000000 0.000000 1.000000
vn 0.000000 0.000000 1.000000
vn 0.000000 1.000000 0.000000
vn 0.000000 1.000000 0.000000
vn 0.000000 1.000000 0.000000
vn 0.000000 1.000000 0.000000
vn -1.000000 0.000000 0.000000
vn -1.000000 0.000000 0.000000
vn -1.000000 0.000000 0.000000
vn -1.000000 0.000000 0.000000
vn 0.000000 0.000000 -1.000000
vn 0.000000 0.000000 -1.000000
vn 0.000000 0.000000 -1.000000
vn 0.000000 0.000000 -1.000000
vn 1.000000 0.000000 0.000000
vn 1.000000 0.000000 0.000000
vn 1.000000 0.000000 0.000000
vn 1.000000 0.000000 0.000000
vn 0.000000 0.856959 -0.515385
vn 0.000000 0.856959 -0.515385
vn 0.000000 0.856959 -0.515385
vn 0.000000 0.856959 -0.515385
vn -0.522842 0.852429 0.000000
vn -0.522842 0.852429 0.000000
vn -0.522842 0.852429 0.000000
vn -0.522842 0.852429 0.000000
vn 0.000000 0.856959 0.515384
vn 0.000000 0.856959 0.515384
vn 0.000000 0.856959 0.515384
vn 0.000000 0.856959 0.515384
vn 0.522843 0.852429 0.000000
vn 0.522843 0.852429 0.000000
vn 0.522843 0.852429 0.000000
vn 0.522843 0.852429 0.000000
vn 0.000000 0.000000 -1.000000
vn 0.000000 0.000000 -1.000000
vn 0.000000 0.000000 -1.000000
vn 0.000000 0.000000 -1.000000
vn -1.000000 0.000000 0.000000
vn -1.000000 0.000000 0.000000
vn -1.000000 0.000000 0.000000
vn -1.000000 0.000000 0.000000
vn 0.000000 0.000000 1.000000
vn 0.000000 0.000000 1.000000
vn 0.000000 0.000000 1.000000
vn 0.000000 0.000000 1.000000
vn 1.000000 0.000000 0.000000
vn 1.000000 0.000000 0.000000
vn 1.000000 0.000000 0.000000
vn 1.000000 0.000000 0.000000
vn 0.000000 0.000000 -1.000000
vn 0.000000 0.000000 -1.000000
vn 0.000000 0.000000 -1.000000
vn 0.000000 0.000000 -1.000000
vn -1.000000 0.000000 0.000000
vn -1.000000 0.000000 0.000000
vn -1.000000 0.000000 0.000000
vn -1.000000 0.000000 0.000000
vn 0.000000 0.000000 1.000000
vn 0.000000 0.000000 1.000000
vn 0.000000 0.000000 1.000000
vn 0.000000 0.000000 1.000000
vn 1.000000 0.000000 0.000000
vn 1.000000 0.000000 0.000000
vn 1.000000 0.000000 0.000000
vn 1.000000 0.000000 0.000000
vn 0.000000 -1.000000 0.000000
vn 0.000000 -1.000000 0.000000
vn 0.000000 -1.000000 0.000000
vn 0.000000 -1.000000 0.000000
vn 0.000000 1.000000 -0.000000
vn 0.000000 1.000000 -0.000000
vn 0.000000 1.000000 -0.000000
vn 0.000000 1.000000 -0.000000
vn 0.000000 -1.000000 0.000000
vn 0.000000 -1.000000 0.000000
vn 0.000000 -1.000000 0.000000
vn 0.000000 -1.000000 0.000000
vn 0.000000 1.000000 0.000000
vn 0.000000 1.000000 0.000000
vn 0.000000 1.000000 0.000000
vn 0.000000 1.000000 0.000000
vn 0.000000 -1.000000 0.000000
vn 0.000000 -1.000000 0.000000
vn 0.000000 -1.000000 0.000000
vn 0.000000 -1.000000 0.000000
vn 0.000000 1.000000 0.000000
vn 0.000000 1.000000 0.000000
vn 0.000000 1.000000 0.000000
vn 0.000000 1.000000 0.000000
vn 0.000000 -1.000000 0.000000
vn 0.000000 -1.000000 0.000000
vn 0.000000 -1.000000 0.000000
vn 0.000000 -1.000000 0.000000
vn 0.000000 1.000000 0.000000
vn 0.000000 1.000000 0.000000
vn 0.000000 1.000000 0.000000
vn 0.000000 1.000000 0.000000
vn 0.000000 0.000000 1.000000
vn 0.000000 0.000000 1.000000
vn 0.000000 0.000000 1.000000
vn 0.000000 0.000000 1.000000
vn 0.000000 1.000000 0.000000
vn 0.000000 1.000000 0.000000
vn 0.000000 1.000000 0.000000
vn 0.000000 1.000000 0.000000
vn 0.000000 0.000000 -1.000000
vn 0.000000 0.000000 -1.000000
vn 0.000000 0.000000 -1.000000
vn 0.000000 0.000000 -1.000000
vn -1.000000 0.000000 0.000000
vn -1.000000 0.000000 0.000000
vn -1.000000 0.000000 0.000000
vn -1.000000 0.000000 0.000000
vn 0.000000 -1.000000 0.000000
vn 0.000000 -1.000000 0.000000
vn 0.000000 -1.000000 0.000000
vn 0.000000 -1.000000 0.000000
vn 1.000000 0.000000 0.000000
vn 1.000000 0.000000 0.000000
vn 1.000000 0.000000 0.000000
vn 1.000000 0.000000 0.000000
vn 0.000000 0.000000 -0.000000
vn 0.000000 0.000000 -1.000000
vn 0.000000 0.000000 -1.000000
vn 0.000000 0.000000 -1.000000
vn -1.000000 0.000000 0.000000
vn -1.000000 0.000000 0.000000
vn -1.000000 0.000000 0.000000
vn -1.000000 0.000000 0.000000
vn 0.000000 0.000000 1.000000
vn 0.000000 0.000000 0.000000
vn 0.000000 0.000000 1.000000
vn 0.000000 0.000000 1.000000
vn 0.000004 1.000000 0.000000
vn 0.000004 1.000000 0.000000
vn 0.000004 1.000000 0.000000
vn 0.000004 1.000000 0.000000
vn 0.898217 -0.439553 0.000000
vn 0.898217 -0.439553 0.000000
vn 0.898217 -0.439553 0.000000
vn 0.898217 -0.439553 0.000000
vn 0.000000 0.000000 1.000000
vn 0.000000 0.000000 1.000000
vn 0.000000 0.000000 1.000000
vn 0.000000 0.000000 1.000000
vn -1.000000 0.000000 0.000000
vn -1.000000 0.000000 0.000000
vn -1.000000 0.000000 0.000000
vn -1.000000 0.000000 0.000000
vn 0.000000 0.000000 -1.000000
vn 0.000000 0.000000 -1.000000
vn 0.000000 0.000000 -1.000000
vn 0.000000 0.000000 -1.000000
vn 0.037397 0.000000 0.999301
vn 0.037397 0.000000 0.999301
vn 0.037397 0.000000 0.999301
vn 0.037397 0.000000 0.999301
vn 0.804605 0.000000 0.593810
vn 0.804605 0.000000 0.593810
vn 0.804605 0.000000 0.593810
vn 0.804605 0.000000 0.593810
vn 0.965928 0.000000 -0.258812
vn 0.965928 0.000000 -0.258812
vn 0.965928 0.000000 -0.258812
vn 0.965928 0.000000 -0.258812
vn 0.399892 0.000000 -0.916562
vn 0.399892 0.000000 -0.916562
vn 0.399892 0.000000 -0.916562
vn 0.399892 0.000000 -0.916562
vn -0.467270 0.000000 -0.884115
vn -0.467270 0.000000 -0.884115
vn -0.467270 0.000000 -0.884115
vn -0.467270 0.000000 -0.884115
vn -0.982567 0.000000 -0.185908
vn -0.982567 0.000000 -0.185908
vn -0.982567 0.000000 -0.185908
vn -0.982567 0.000000 -0.185908
vn -0.757977 0.000000 0.652282
vn -0.757977 0.000000 0.652282
vn -0.757977 0.000000 0.652282
vn -0.757977 0.000000 0.652282
vn 0.000000 -1.000000 0.000001
vn 0.000000 -1.000000 -0.000001
vn 0.000000 -1.000000 0.000000
vn 0.000000 -1.000000 0.000002
vn 0.000000 -1.000000 0.000001
vn 0.000000 -1.000000 0.000001
vn 0.000000 -1.000000 0.000000
vn 0.000000 -1.000000 0.000000
vn 0.000000 1.000000 0.000000
vn 0.000000 1.000000 0.000002
vn 0.000000 1.000000 0.000000
vn 0.000000 1.000000 0.000001
vn 0.000000 1.000000 0.000000
vn 0.000000 1.000000 -0.000001
vn 0.000000 1.000000 0.000001
vn 0.000000 1.000000 0.000001
vn 0.032152 0.510424 0.859322
vn 0.032152 0.510423 0.859322
vn 0.032152 0.510423 0.859322
vn 0.032152 0.510423 0.859322
vn 0.696310 0.501067 0.513891
vn 0.696310 0.501067 0.513891
vn 0.696310 0.501067 0.513891
vn 0.696310 0.501067 0.513891
vn 0.844248 0.485876 -0.226207
vn 0.844248 0.485876 -0.226207
vn 0.844248 0.485876 -0.226207
vn 0.844248 0.485876 -0.226207
vn 0.351612 0.476317 -0.805910
vn 0.351612 0.476317 -0.805910
vn 0.351612 0.476317 -0.805910
vn 0.351612 0.476317 -0.805910
vn -0.409927 0.479974 -0.775619
vn -0.409927 0.479974 -0.775619
vn -0.409927 0.479974 -0.775619
vn -0.409927 0.479974 -0.775619
vn -0.854358 0.493904 -0.161651
vn -0.854358 0.493904 -0.161651
vn -0.854358 0.493904 -0.161651
vn -0.854358 0.493904 -0.161651
vn -0.653192 0.507316 0.562112
vn -0.653192 0.507316 0.562112
vn -0.653192 0.507316 0.562112
vn -0.653192 0.507316 0.562112
vn 0.037388 0.000000 0.999301
vn 0.037388 0.000000 0.999301
vn 0.037388 0.000000 0.999301
vn 0.037388 0.000000 0.999301
vn 0.804596 0.000000 0.593822
vn 0.804596 0.000000 0.593822
vn 0.804596 0.000000 0.593822
vn 0.804596 0.000000 0.593822
vn 0.965929 0.000000 -0.258808
vn 0.965929 0.000000 -0.258808
vn 0.965929 0.000000 -0.258808
vn 0.965929 0.000000 -0.258808
vn 0.399892 0.000000 -0.916562
vn 0.399892 0.000000 -0.916562
vn 0.399892 0.000000 -0.916562
vn 0.399892 0.000000 -0.916562
vn -0.467283 0.000000 -0.884108
vn -0.467283 0.000000 -0.884108
vn -0.467283 0.000000 -0.884108
vn -0.467283 0.000000 -0.884108
vn -0.982567 0.000000 -0.185911
vn -0.982567 0.000000 -0.185911
vn -0.982567 0.000000 -0.185911
vn -0.982567 0.000000 -0.185911
vn -0.757976 0.000000 0.652282
vn -0.757976 0.000000 0.652282
vn -0.757976 0.000000 0.652282
vn -0.757976 0.000000 0.652282
vn 0.036593 -0.206448 0.977773
vn 0.036593 -0.206448 0.977773
vn 0.036593 -0.206448 0.977773
vn 0.036593 -0.206448 0.977773
vn 0.788077 -0.201589 0.581632
vn 0.788077 -0.201589 0.581632
vn 0.788077 -0.201589 0.581632
vn 0.788077 -0.201589 0.581632
vn 0.947604 -0.193848 -0.253908
vn 0.947604 -0.193848 -0.253908
vn 0.947604 -0.193848 -0.253908
vn 0.947604 -0.193848 -0.253908
vn 0.392683 -0.189088 -0.900025
vn 0.392683 -0.189088 -0.900025
vn 0.392683 -0.189088 -0.900025
vn 0.392683 -0.189088 -0.900025
vn -0.458682 -0.190906 -0.867851
vn -0.458682 -0.190906 -0.867851
vn -0.458682 -0.190906 -0.867851
vn -0.458682 -0.190906 -0.867851
vn -0.963129 -0.197929 -0.182227
vn -0.963129 -0.197929 -0.182227
vn -0.963129 -0.197929 -0.182227
vn -0.963129 -0.197929 -0.182227
vn -0.741907 -0.204831 0.638450
vn -0.741907 -0.204831 0.638450
vn -0.741907 -0.204831 0.638450
vn -0.741907 -0.204831 0.638450
vn 0.031975 -0.518769 0.854317
vn 0.031975 -0.518769 0.854317
vn 0.031975 -0.518769 0.854317
vn 0.031975 -0.518769 0.854317
vn 0.692394 -0.509363 0.511018
vn 0.692394 -0.509363 0.511018
vn 0.692394 -0.509363 0.511018
vn 0.692394 -0.509363 0.511018
vn 0.839780 -0.494099 -0.225023
vn 0.839780 -0.494099 -0.225023
vn 0.839780 -0.494099 -0.225023
vn 0.839780 -0.494099 -0.225023
vn 0.349826 -0.484479 -0.801812
vn 0.349826 -0.484479 -0.801812
vn 0.349826 -0.484479 -0.801812
vn 0.349826 -0.484479 -0.801812
vn -0.407805 -0.488167 -0.771614
vn -0.407805 -0.488167 -0.771614
vn -0.407805 -0.488167 -0.771614
vn -0.407805 -0.488167 -0.771614
vn -0.849692 -0.502176 -0.160760
vn -0.849692 -0.502176 -0.160760
vn -0.849692 -0.502176 -0.160760
vn -0.849692 -0.502176 -0.160760
vn -0.649433 -0.515651 0.558875
vn -0.649433 -0.515651 0.558875
vn -0.649433 -0.515651 0.558875
vn -0.649433 -0.515651 0.558875
vn 0.015453 -0.804801 0.593343
vn 0.015453 -0.804801 0.593344
vn 0.015453 -0.804801 0.593343
vn 0.015453 -0.804801 0.593344
vn 0.246965 -0.932974 0.261854
vn 0.246965 -0.932974 0.261854
vn 0.246965 -0.932974 0.261854
vn 0.246965 -0.932974 0.261854
vn 0.266676 -0.958303 -0.102656
vn 0.266676 -0.958304 -0.102656
vn 0.266676 -0.958303 -0.102656
vn 0.266676 -0.958303 -0.102656
vn 0.161728 -0.830807 -0.532545
vn 0.161728 -0.830807 -0.532545
vn 0.161728 -0.830807 -0.532545
vn 0.161728 -0.830807 -0.532545
vn -0.181474 -0.850725 -0.493290
vn -0.181474 -0.850725 -0.493290
vn -0.181474 -0.850725 -0.493290
vn -0.181474 -0.850725 -0.493290
vn -0.262582 -0.962266 -0.071376
vn -0.262582 -0.962266 -0.071376
vn -0.262582 -0.962266 -0.071376
vn -0.262582 -0.962266 -0.071376
vn -0.236674 -0.926482 0.292605
vn -0.236674 -0.926482 0.292605
vn -0.236674 -0.926482 0.292605
vn -0.236674 -0.926482 0.292605
vn -0.222533 -0.000000 0.974925
vn -0.222533 -0.000000 0.974925
vn -0.222533 -0.000000 0.974925
vn -0.222533 -0.000000 0.974925
vn 0.623487 0.000000 0.781834
vn 0.623487 0.000000 0.781834
vn 0.623487 0.000000 0.781834
vn 0.623487 0.000000 0.781834
vn 1.000000 -0.000000 -0.000004
vn 1.000000 -0.000000 -0.000004
vn 1.000000 -0.000000 -0.000004
vn 1.000000 -0.000000 -0.000004
vn 0.623487 -0.000000 -0.781834
vn 0.623487 -0.000000 -0.781834
vn 0.623487 -0.000000 -0.781834
vn 0.623487 -0.000000 -0.781834
vn -0.222525 0.000000 -0.974927
vn -0.222525 0.000000 -0.974927
vn -0.222525 0.000000 -0.974927
vn -0.222525 0.000000 -0.974927
vn -0.900965 0.000000 -0.433892
vn -0.900965 0.000000 -0.433892
vn -0.900965 0.000000 -0.433892
vn -0.900965 0.000000 -0.433892
vn -0.900967 -0.000000 0.433889
vn -0.900967 -0.000000 0.433889
vn -0.900967 -0.000000 0.433889
vn -0.900967 -0.000000 0.433889
vn 0.000000 -1.000000 0.000000
vn 0.000000 -1.000000 0.000000
vn 0.000000 -1.000000 0.000000
vn 0.000000 -1.000000 0.000000
vn 0.000000 -1.000000 0.000000
vn 0.000000 -1.000000 0.000000
vn 0.000000 -1.000000 0.000000
vn 0.000000 -1.000000 0.000000
vn 0.000000 1.000000 0.000000
vn 0.000000 1.000000 0.000000
vn 0.000000 1.000000 0.000000
vn 0.000000 1.000000 0.000001
vn 0.000000 1.000000 0.000001
vn 0.000000 1.000000 0.000000
vn 0.000000 1.000000 -0.000001
vn 0.000000 1.000000 -0.000001
vn 0.000000 1.000000 0.000000
vn -0.222531 0.000000 0.974926
vn -0.222531 0.000000 0.974926
vn -0.222531 0.000000 0.974926
vn -0.222531 0.000000 0.974926
vn -0.182816 0.000000 -0.983147
vn -0.182816 0.000000 -0.983147
vn -0.182816 0.000000 -0.983147
vn -0.182816 0.000000 -0.983147
vn -0.886141 0.000000 -0.463416
vn -0.886141 0.000000 -0.463416
vn -0.886141 0.000000 -0.463416
vn -0.886141 0.000000 -0.463416
vn -0.900968 0.000000 0.433886
vn -0.900968 0.000000 0.433886
vn -0.900968 0.000000 0.433886
vn -0.900968 0.000000 0.433886
vn 0.000000 0.000000 1.000000
vn 0.000000 0.000000 1.000000
vn 0.000000 0.000000 1.000000
vn 0.000000 0.000000 1.000000
vn 0.623482 0.000000 0.781837
vn 0.623482 0.000000 0.781837
vn 0.623482 0.000000 0.781837
vn 0.623482 0.000000 0.781837
vn 0.997990 0.000000 -0.063365
vn 0.997990 0.000000 -0.063365
vn 0.997990 0.000000 -0.063365
vn 0.997990 0.000000 -0.063365
vn 0.608505 0.000000 -0.793550
vn 0.608505 0.000000 -0.793550
vn 0.608505 0.000000 -0.793550
vn 0.608505 0.000000 -0.793550
vn 0.000002 -1.000000 0.000006
vn 0.000002 -1.000000 0.000006
vn 0.000002 -1.000000 0.000006
vn 0.000002 -1.000000 0.000006
vn -0.000002 1.000000 -0.000006
vn -0.000002 1.000000 -0.000006
vn -0.000002 1.000000 -0.000006
vn -0.000002 1.000000 -0.000006
vn 0.000007 -1.000000 0.000004
vn 0.000007 -1.000000 0.000004
vn 0.000007 -1.000000 0.000004
vn 0.000007 -1.000000 0.000004
vn -0.265895 0.000000 0.964002
vn -0.265895 0.000000 0.964002
vn -0.265895 0.000000 0.964002
vn -0.265895 0.000000 0.964002
vn -0.000007 1.000000 -0.000004
vn -0.000007 1.000000 -0.000004
vn -0.000007 1.000000 -0.000004
vn -0.000007 1.000000 -0.000004
vn 0.000000 1.000000 -0.000004
vn 0.000000 1.000000 -0.000004
vn 0.000000 1.000000 -0.000004
vn 0.000000 1.000000 -0.000004
vn 0.000000 0.000000 1.000000
vn 0.000000 0.000000 1.000000
vn 0.000000 0.000000 1.000000
vn 0.000000 0.000000 1.000000
vn 0.000000 -1.000000 -0.000006
vn 0.000000 -1.000000 -0.000006
vn 0.000000 -1.000000 -0.000006
vn 0.000000 -1.000000 -0.000006
vn 0.000000 1.000000 0.000001
vn 0.000000 1.000000 0.000001
vn 0.000000 1.000000 0.000001
vn 0.000000 1.000000 0.000001
vn 0.000000 -1.000000 0.000000
vn 0.000000 -1.000000 0.000000
vn 0.000000 -1.000000 0.000000
vn 0.000000 -1.000000 0.000000
vn 0.000000 1.000000 0.000001
vn 0.000000 1.000000 0.000001
vn 0.000000 1.000000 0.000001
vn 0.000000 1.000000 0.000001
vn 0.000000 -1.000000 0.000001
vn 0.000000 -1.000000 0.000001
vn 0.000000 -1.000000 0.000001
vn 0.000000 -1.000000 0.000001
vn 0.000000 1.000000 0.000000
vn 0.000000 1.000000 0.000000
vn 0.000000 1.000000 0.000000
vn 0.000000 1.000000 0.000000
vn -1.000000 0.000000 0.000000
vn -1.000000 0.000000 0.000000
vn -1.000000 0.000000 0.000000
vn -1.000000 0.000000 0.000000
vn 0.000000 -1.000000 0.000000
vn 0.000000 -1.000000 0.000000
vn 0.000000 -1.000000 0.000000
vn 0.000000 -1.000000 0.000000
vn 0.000000 0.000000 1.000000
vn 0.000000 0.000000 1.000000
vn 0.000000 0.000000 1.000000
vn 0.000000 0.000000 1.000000
vn 1.000000 0.000000 0.000000
vn 1.000000 0.000000 0.000000
vn 1.000000 0.000000 0.000000
vn 1.000000 0.000000 0.000000
vn 0.000000 0.000000 -1.000000
vn 0.000000 0.000000 -1.000000
vn 0.000000 0.000000 -1.000000
vn 0.000000 0.000000 -1.000000
vn 0.294761 0.000000 0.955571
vn 0.294761 0.000000 0.955571
vn 0.294761 0.000000 0.955571
vn 0.294761 0.000000 0.955571
vn 0.930873 0.000000 0.365342
vn 0.930873 0.000000 0.365342
vn 0.930873 0.000000 0.365342
vn 0.930873 0.000000 0.365342
vn 0.866023 -0.000000 -0.500004
vn 0.866023 -0.000000 -0.500004
vn 0.866023 -0.000000 -0.500004
vn 0.866023 -0.000000 -0.500004
vn 0.149047 0.000000 -0.988830
vn 0.149047 0.000000 -0.988830
vn 0.149047 0.000000 -0.988830
vn 0.149047 0.000000 -0.988830
vn -0.680168 0.000000 -0.733057
vn -0.680168 0.000000 -0.733057
vn -0.680168 0.000000 -0.733057
vn -0.680168 0.000000 -0.733057
vn -0.997203 0.000000 0.074737
vn -0.997203 0.000000 0.074737
vn -0.997203 0.000000 0.074737
vn -0.997203 0.000000 0.074737
vn -0.563320 -0.000001 0.826239
vn -0.563320 -0.000001 0.826239
vn -0.563320 -0.000001 0.826239
vn -0.563320 -0.000001 0.826239
vn 0.000000 -1.000000 0.000000
vn 0.000000 -1.000000 0.000000
vn 0.000000 -1.000000 0.000000
vn 0.000000 -1.000000 0.000000
vn 0.000000 -1.000000 0.000000
vn 0.000000 -1.000000 0.000000
vn 0.000000 -1.000000 0.000000
vn 0.000000 -1.000000 0.000000
vn 0.000000 1.000000 -0.000001
vn 0.000000 1.000000 -0.000001
vn 0.000000 1.000000 -0.000001
vn 0.000000 1.000000 0.000000
vn 0.000000 1.000000 -0.000001
vn 0.000000 1.000000 -0.000001
vn 0.000000 1.000000 0.000001
vn 0.000000 1.000000 0.000000
vn 0.000000 1.000000 -0.000001
vn 0.294765 0.000000 0.955570
vn 0.294765 0.000000 0.955570
vn 0.294765 0.000000 0.955570
vn 0.294765 0.000000 0.955570
vn -0.649892 0.000000 -0.760027
vn -0.649892 0.000000 -0.760026
vn -0.649892 0.000000 -0.760027
vn -0.649892 0.000000 -0.760026
vn -0.999129 0.000000 0.041738
vn -0.999129 0.000000 0.041738
vn -0.999129 0.000000 0.041738
vn -0.999129 0.000000 0.041738
vn -0.563321 0.000000 0.826238
vn -0.563321 0.000000 0.826238
vn -0.563321 0.000000 0.826238
vn -0.563321 0.000000 0.826238
vn 0.499973 0.000000 0.866041
vn 0.499973 0.000000 0.866041
vn 0.499973 0.000000 0.866041
vn 0.499973 0.000000 0.866041
vn 0.930872 0.000000 0.365346
vn 0.930872 0.000000 0.365346
vn 0.930872 0.000000 0.365346
vn 0.930872 0.000000 0.365346
vn 0.832600 0.000000 -0.553875
vn 0.832600 0.000000 -0.553875
vn 0.832600 0.000000 -0.553875
vn 0.832600 0.000000 -0.553875
vn 0.130204 0.000000 -0.991487
vn 0.130204 0.000000 -0.991487
vn 0.130204 0.000000 -0.991487
vn 0.130204 0.000000 -0.991487
vn 0.000004 -1.000000 -0.000004
vn 0.000004 -1.000000 -0.000004
vn 0.000004 -1.000000 -0.000004
vn 0.000004 -1.000000 -0.000004
vn -0.000004 1.000000 0.000003
vn -0.000004 1.000000 0.000003
vn -0.000004 1.000000 0.000003
vn -0.000004 1.000000 0.000003
vn 0.000008 -1.000000 0.000001
vn 0.000008 -1.000000 0.000001
vn 0.000008 -1.000000 0.000001
vn 0.000008 -1.000000 0.000001
vn 0.251683 0.000000 0.967810
vn 0.251683 0.000000 0.967810
vn 0.251683 0.000000 0.967810
vn 0.251683 0.000000 0.967810
vn -0.000008 1.000000 -0.000001
vn -0.000008 1.000000 -0.000001
vn -0.000008 1.000000 -0.000001
vn -0.000008 1.000000 -0.000001
vn 0.000000 1.000000 0.000000
vn 0.000000 1.000000 0.000000
vn 0.000000 1.000000 0.000000
vn 0.000000 1.000000 0.000000
vn 0.499973 0.000000 0.866041
vn 0.499973 0.000000 0.866041
vn 0.499973 0.000000 0.866041
vn 0.499973 0.000000 0.866041
vn 0.000000 -1.000000 0.000002
vn 0.000000 -1.000000 0.000002
vn 0.000000 -1.000000 0.000002
vn 0.000000 -1.000000 0.000002
vn 0.000000 1.000000 -0.000002
vn 0.000000 1.000000 -0.000002
vn 0.000000 1.000000 -0.000002
vn 0.000000 1.000000 -0.000002
vn 0.000000 -1.000000 0.000001
vn 0.000000 -1.000000 0.000001
vn 0.000000 -1.000000 0.000001
vn 0.000000 -1.000000 0.000001
vn 0.000000 1.000000 -0.000004
vn 0.000000 1.000000 -0.000004
vn 0.000000 1.000000 -0.000004
vn 0.000000 1.000000 -0.000004
vn 0.000000 -1.000000 0.000004
vn 0.000000 -1.000000 0.000004
vn 0.000000 -1.000000 0.000004
vn 0.000000 -1.000000 0.000004
vn 0.700437 -0.713714 -0.000000
vn 0.700437 -0.713714 -0.000000
vn 0.700437 -0.713714 -0.000000
vn 0.700437 -0.713714 -0.000000
vn 0.707103 0.000008 -0.707111
vn 0.707103 0.000008 -0.707111
vn 0.707103 0.000008 -0.707111
vn 0.707103 0.000008 -0.707111
vn -0.698123 0.715978 0.000000
vn -0.698123 0.715978 0.000000
vn -0.698123 0.715978 0.000000
vn -0.698123 0.715978 0.000000
vn 0.707103 0.707111 0.000000
vn 0.707103 0.707111 0.000000
vn 0.707103 0.707111 0.000000
vn 0.707103 0.707111 0.000000
vn 0.579567 0.188968 0.792713
vn 0.579567 0.188968 0.792713
vn 0.579567 0.188968 0.792713
vn 0.579567 0.188968 0.792713
vn -1.000000 0.000000 0.000000
vn -1.000000 0.000000 0.000000
vn -1.000000 0.000000 0.000000
vn -1.000000 0.000000 0.000000
vn -0.000003 -1.000000 -0.000000
vn -0.000003 -1.000000 -0.000000
vn -0.000003 -1.000000 -0.000000
vn -0.000003 -1.000000 -0.000000
vn 0.707108 0.000000 0.707106
vn 0.707108 0.000000 0.707106
vn 0.707108 0.000000 0.707106
vn 0.707108 0.000000 0.707106
vn -0.602602 0.798042 0.000000
vn -0.602602 0.798042 0.000000
vn -0.602602 0.798042 0.000000
vn -0.602602 0.798042 0.000000
vn 0.707118 0.000000 -0.707095
vn 0.707118 0.000000 -0.707095
vn 0.707118 0.000000 -0.707095
vn 0.707118 0.000000 -0.707095
vn 1.000000 0.000000 0.000000
vn 1.000000 0.000000 0.000000
vn 1.000000 0.000000 0.000000
vn 1.000000 0.000000 0.000000
vn 0.707117 0.000000 -0.707097
vn 0.707117 0.000000 -0.707097
vn 0.707117 0.000000 -0.707097
vn 0.707117 0.000000 -0.707097
vn -1.000000 0.000000 0.000000
vn -1.000000 0.000000 0.000000
vn -1.000000 0.000000 0.000000
vn -1.000000 0.000000 0.000000
vn 0.707107 0.000000 0.707107
vn 0.707107 0.000000 0.707107
vn 0.707107 0.000000 0.707107
vn 0.707107 0.000000 0.707107
vn -1.000000 0.000000 0.000000
vn -1.000000 0.000000 0.000000
vn -1.000000 0.000000 0.000000
vn -1.000000 0.000000 0.000000
vn 0.000000 1.000000 0.000000
vn 0.000000 1.000000 0.000000
vn 0.000000 1.000000 0.000000
vn 0.000000 1.000000 0.000000
vn 1.000000 0.000000 0.000000
vn 1.000000 0.000000 0.000000
vn 1.000000 0.000000 0.000000
vn 1.000000 0.000000 0.000000
vn 0.000000 0.000000 -1.000000
vn 0.000000 0.000000 -1.000000
vn 0.000000 0.000000 -1.000000
vn 0.000000 0.000000 -1.000000
vn 0.000000 -1.000000 0.000000
vn 0.000000 -1.000000 0.000000
vn 0.000000 -1.000000 0.000000
vn 0.000000 -1.000000 0.000000
vn 0.000000 0.000000 1.000000
vn 0.000000 0.000000 1.000000
vn 0.000000 0.000000 1.000000
vn 0.000000 0.000000 1.000000
vn 0.000000 -0.000000 0.000000
vn 0.999931 -0.011788 0.000000
vn 0.999931 -0.011788 0.000000
vn 0.999931 -0.011788 0.000000
vn 0.000000 0.000000 -1.000000
vn 0.000000 0.000000 -1.000000
vn 0.000000 0.000000 -1.000000
vn 0.000000 0.000000 -1.000000
vn -1.000000 0.000000 0.000000
vn -0.000000 0.000000 0.000000
vn -1.000000 0.000000 0.000000
vn -1.000000 0.000000 0.000000
vn 0.000000 1.000000 0.000003
vn 0.000000 1.000000 0.000003
vn 0.000000 1.000000 0.000003
vn 0.000000 1.000000 0.000003
vn 0.000000 -0.439552 0.898217
vn 0.000000 -0.439552 0.898217
vn 0.000000 -0.439552 0.898217
vn 0.000000 -0.439552 0.898217
vn -1.000000 0.000000 0.000000
vn -1.000000 0.000000 0.000000
vn -1.000000 0.000000 0.000000
vn -1.000000 0.000000 0.000000
vn 0.000000 0.000000 -1.000000
vn 0.000000 0.000000 -1.000000
vn 0.000000 0.000000 -1.000000
vn 0.000000 0.000000 -1.000000
vn 1.000000 0.000000 0.000000
vn 1.000000 0.000000 0.000000
vn 1.000000 0.000000 0.000000
vn 1.000000 0.000000 0.000000
vn 0.000000 -1.000000 0.000000
vn 0.000000 -1.000000 0.000000
vn 0.000000 -1.000000 0.000000
vn 0.000000 -1.000000 0.000000
vn 0.000000 0.000000 1.000000
vn 0.000000 0.000000 1.000000
vn 0.000000 0.000000 1.000000
vn 0.000000 0.000000 1.000000
vn 0.000000 1.000000 0.000000
vn 0.000000 1.000000 0.000000
vn 0.000000 1.000000 0.000000
vn 0.000000 1.000000 0.000000
vn -1.000000 0.000000 0.000000
vn -1.000000 0.000000 0.000000
vn -1.000000 0.000000 0.000000
vn -1.000000 0.000000 0.000000
vn 1.000000 0.000000 0.000000
vn 1.000000 0.000000 0.000000
vn 1.000000 0.000000 0.000000
vn 1.000000 0.000000 0.000000
vn 0.000000 1.000000 0.000000
vn 0.000000 1.000000 0.000000
vn 0.000000 1.000000 0.000000
vn 0.000000 1.000000 0.000000
vn -1.000000 0.000000 0.000000
vn -1.000000 0.000000 0.000000
vn -1.000000 0.000000 0.000000
vn -1.000000 0.000000 0.000000
vn 0.000000 -1.000000 -0.000001
vn 0.000000 -1.000000 -0.000001
vn 0.000000 -1.000000 -0.000001
vn 0.000000 -1.000000 -0.000001
vn 0.898218 0.000000 0.439549
vn 0.898218 0.000000 0.439549
vn 0.898218 0.000000 0.439549
vn 0.898218 0.000000 0.439549
vn -0.707107 0.000000 -0.707107
vn -0.707107 0.000000 -0.707107
vn -0.707107 0.000000 -0.707107
vn -0.707107 0.000000 -0.707107
vn 0.000000 -1.000000 0.000000
vn 0.000000 -1.000000 0.000000
vn 0.000000 -1.000000 0.000000
vn 0.000000 -1.000000 0.000000
vn 0.000000 1.000000 0.000000
vn 0.000000 1.000000 0.000000
vn 0.000000 1.000000 0.000000
vn 0.000000 1.000000 0.000000
vn 0.000000 0.000000 1.000000
vn 0.000000 0.000000 1.000000
vn 0.000000 0.000000 1.000000
vn 0.000000 0.000000 1.000000
vn -1.000000 0.000000 0.000000
vn -1.000000 0.000000 0.000000
vn -1.000000 0.000000 0.000000
vn -1.000000 0.000000 0.000000
vn 0.000000 0.000000 -1.000000
vn 0.000000 0.000000 -1.000000
vn 0.000000 0.000000 -1.000000
vn 0.000000 0.000000 -1.000000
vn -0.439550 0.000000 -0.898218
vn -0.439550 0.000000 -0.898218
vn -0.439550 0.000000 -0.898218
vn -0.439550 0.000000 -0.898218
vn 0.000000 -1.000000 0.000000
vn 0.000000 -1.000000 0.000000
vn 0.000000 -1.000000 0.000000
vn 0.000000 -1.000000 0.000000
vn 0.000000 0.000000 1.000000
vn 0.000000 0.000000 1.000000
vn 0.000000 0.000000 1.000000
vn 0.000000 0.000000 1.000000
vn 0.000000 1.000000 0.000000
vn 0.000000 1.000000 0.000000
vn 0.000000 1.000000 0.000000
vn 0.000000 1.000000 0.000000
vn 0.707105 0.000000 0.707109
vn 0.707105 0.000000 0.707109
vn 0.707105 0.000000 0.707109
vn 0.707105 0.000000 0.707109
s off
g P_Kiosk group6
usemtl initialShadingGroup
f 1/5/1 2/6/2 9/7/3 8/8/4
f 2/6/5 3/9/6 10/10/7 9/7/8
f 3/2731/9 4/2732/10 11/2733/11 10/2734/12
f 4/31/13 5/32/14 12/33/15 11/34/16
f 5/32/17 6/35/18 13/36/19 12/33/20
f 6/2743/21 7/2744/22 14/2745/23 13/2746/24
f 7/13/25 1/5/26 8/8/27 14/14/28
s 1
f 2/1404/29 1/1405/30 15/1406/31
f 3/1408/32 2/1404/29 15/1406/31
f 4/1410/33 3/1408/32 15/1406/31
f 5/1411/34 4/1410/33 15/1406/31
f 6/1409/35 5/1411/34 15/1406/31
f 7/1407/36 6/1409/35 15/1406/31
f 1/1405/30 7/1407/36 15/1406/31
s 2
f 44/1412/37 45/1413/38 46/1414/39
f 45/1413/38 47/1415/40 46/1414/39
f 47/1415/40 48/1417/41 46/1414/39
f 48/1417/41 49/1419/42 46/1414/39
f 49/1419/42 50/1418/43 46/1414/39
f 50/1418/43 51/1416/44 46/1414/39
f 51/1416/44 44/1412/37 46/1414/39
s off
f 8/8/45 9/7/46 17/11/47 16/12/48
f 9/7/49 10/10/50 18/15/51 17/11/52
f 10/2734/53 11/2733/54 19/2735/55 18/2736/56
f 11/34/57 12/33/58 20/37/59 19/38/60
f 12/33/61 13/36/62 21/39/63 20/37/64
f 13/2746/65 14/2745/66 22/2747/67 21/2748/68
f 14/14/69 8/8/70 16/12/71 22/18/72
f 16/12/73 17/11/74 24/16/75 23/17/76
f 17/11/77 18/15/78 25/19/79 24/16/80
f 18/2736/81 19/2735/82 26/2737/83 25/2738/84
f 19/38/85 20/37/86 27/40/87 26/41/88
f 20/37/89 21/39/90 28/42/91 27/40/92
f 21/2748/93 22/2747/94 29/2749/95 28/2750/96
f 22/18/97 16/12/98 23/17/99 29/22/100
f 23/17/101 24/16/102 31/20/103 30/21/104
f 24/16/105 25/19/106 32/23/107 31/20/108
f 25/2738/109 26/2737/110 33/2739/111 32/2740/112
f 26/41/113 27/40/114 34/43/115 33/44/116
f 27/40/117 28/42/118 35/45/119 34/43/120
f 28/2750/121 29/2749/122 36/2751/123 35/2752/124
f 29/22/125 23/17/126 30/21/127 36/26/128
f 30/21/129 31/20/130 38/24/131 37/25/132
f 31/20/133 32/23/134 39/27/135 38/24/136
f 32/2740/137 33/2739/138 40/2741/139 39/2742/140
f 33/44/141 34/43/142 41/46/143 40/47/144
f 34/43/145 35/45/146 42/48/147 41/46/148
f 35/1432/149 36/1433/150 43/1426/151 42/1430/152
f 36/26/153 30/21/154 37/25/155 43/30/156
f 37/25/157 38/24/158 45/28/159 44/29/160
f 38/1420/161 39/1421/162 47/1422/163 45/1423/164
f 39/1421/165 40/1424/166 48/1425/167 47/1422/168
f 40/47/169 41/46/170 49/49/171 48/50/172
f 41/46/173 42/48/174 50/51/175 49/49/176
f 42/1430/177 43/1426/178 51/1429/179 50/1431/180
f 43/1426/181 37/1427/182 44/1428/183 51/1429/184
f 56/1434/185 57/1435/186 58/1436/187 59/1437/188
f 55/2753/189 54/2754/190 59/2755/191 58/2756/192
f 53/1438/193 52/1439/194 54/1440/195 55/1441/196
f 52/52/197 56/53/198 59/54/199 54/55/200
f 53/2757/201 57/2758/202 56/2759/203 52/2760/204
f 58/56/205 57/57/206 53/58/207 55/59/208
f 60/2761/209 61/2762/210 68/2763/211 67/2764/212
f 61/66/213 62/60/214 69/63/215 68/67/216
f 62/60/217 63/61/218 70/62/219 69/63/220
f 63/61/221 64/64/222 71/65/223 70/62/224
f 64/2769/225 65/2770/226 72/2771/227 71/2772/228
f 65/68/229 66/69/230 73/70/231 72/71/232
f 66/69/233 60/72/234 67/73/235 73/70/236
s 3
f 61/1442/237 60/1443/238 74/1444/239
f 62/1446/240 61/1442/237 74/1444/239
f 63/1448/241 62/1446/240 74/1444/239
f 64/1449/242 63/1448/241 74/1444/239
f 65/1447/243 64/1449/242 74/1444/239
f 66/1445/244 65/1447/243 74/1444/239
f 60/1443/238 66/1445/244 74/1444/239
s 4
f 75/1450/245 76/1451/246 77/1452/247
f 76/1451/246 78/1453/248 77/1452/247
f 78/1453/248 79/1457/249 77/1452/247
f 79/1457/249 80/1460/250 77/1452/247
f 80/1460/250 81/1458/251 77/1452/247
f 81/1458/251 82/1454/252 77/1452/247
f 82/1454/252 75/1450/245 77/1452/247
s off
f 67/2764/253 68/2763/254 76/2765/255 75/2766/256
f 83/83/257 84/77/258 85/80/259 86/84/260
f 84/77/261 87/78/262 88/79/263 85/80/264
f 87/78/265 89/81/266 90/82/267 88/79/268
f 71/2772/269 72/2771/270 81/2773/271 80/2774/272
f 72/71/273 73/70/274 82/74/275 81/75/276
f 73/70/277 67/73/278 75/76/279 82/74/280
f 68/1462/281 69/1463/282 84/1464/283 83/1465/284
f 78/1453/285 76/1451/286 86/1455/287 85/1456/288
f 76/2765/289 68/2763/290 83/2767/291 86/2768/292
f 69/1463/293 70/1466/294 87/1467/295 84/1464/296
f 79/1457/297 78/1453/298 85/1456/299 88/1459/300
f 70/1466/301 71/1468/302 89/1469/303 87/1467/304
f 71/2772/305 80/2774/306 90/2775/307 89/2776/308
f 80/1460/309 79/1457/310 88/1459/311 90/1461/312
f 91/2777/313 92/2778/314 94/2779/315 93/2780/316
f 93/1470/317 94/1471/318 96/1472/319 95/1473/320
f 95/2781/321 96/2782/322 98/2783/323 97/2784/324
f 97/1474/325 98/1475/326 92/1476/327 91/1477/328
f 92/85/329 98/86/330 96/87/331 94/88/332
f 97/89/333 91/90/334 93/91/335 95/92/336
f 103/93/337 104/94/338 105/95/339 106/96/340
f 108/1478/341 107/1479/342 109/1480/343 110/1481/344
f 100/101/345 99/102/346 101/103/347 102/104/348
f 99/2785/349 103/2786/350 106/2787/351 101/2788/352
f 111/1484/353 112/1485/354 113/1486/355 114/1487/356
f 105/2793/357 104/2794/358 100/2795/359 102/2796/360
f 102/104/361 101/103/362 107/107/363 108/108/364
f 101/2788/365 106/2787/366 109/2791/367 107/2792/368
f 106/96/369 105/95/370 110/99/371 109/100/372
f 105/1482/373 102/1483/374 108/1478/375 110/1481/376
f 100/2795/377 104/2794/378 112/2797/379 111/2798/380
f 104/94/381 103/93/382 113/97/383 112/98/384
f 103/2786/385 99/2785/386 114/2789/387 113/2790/388
f 99/102/389 100/101/390 111/105/391 114/106/392
f 119/1492/393 120/1489/394 121/1488/395 122/1493/396
f 118/3893/397 117/3894/398 122/3895/399 121/3896/400
f 116/3817/401 115/3818/402 117/3819/403 118/3820/404
f 115/3818/405 119/3821/406 122/3822/407 117/3819/408
f 116/3897/409 120/3898/410 119/3899/411 115/3900/412
f 124/109/413 123/110/414 125/111/415 126/112/416
f 121/1488/417 120/1489/418 123/1490/419 124/1491/420
f 120/127/421 116/117/422 125/123/423 123/128/424
f 128/115/425 127/116/426 129/114/427 130/113/428
f 118/118/429 121/125/430 124/126/431 126/121/432
f 116/117/433 118/118/434 127/119/435 128/120/436
f 118/118/437 126/121/438 129/122/439 127/119/440
f 126/112/441 125/111/442 130/113/443 129/114/444
f 125/123/445 116/117/446 128/120/447 130/124/448
f 135/1494/449 136/1495/450 137/1496/451 138/1497/452
f 140/2799/453 139/2800/454 141/2801/455 142/2802/456
f 132/1502/457 131/1503/458 133/1504/459 134/1505/460
f 131/129/461 135/130/462 138/131/463 133/132/464
f 143/2803/465 144/2804/466 145/2805/467 146/2806/468
f 137/137/469 136/138/470 132/139/471 134/140/472
f 134/1505/473 133/1504/474 139/1508/475 140/1509/476
f 133/132/477 138/131/478 141/135/479 139/136/480
f 138/1497/481 137/1496/482 142/1500/483 141/1501/484
f 137/137/485 134/140/486 140/143/487 142/144/488
f 132/139/489 136/138/490 144/141/491 143/142/492
f 136/1495/493 135/1494/494 145/1498/495 144/1499/496
f 135/130/497 131/129/498 146/133/499 145/134/500
f 131/1503/501 132/1502/502 143/1506/503 146/1507/504
f 147/145/505 148/146/506 155/147/507 154/148/508
f 148/146/509 149/149/510 156/150/511 155/147/512
f 149/2807/513 150/2808/514 157/2809/515 156/2810/516
f 150/171/517 151/172/518 158/173/519 157/174/520
f 151/172/521 152/175/522 159/176/523 158/173/524
f 152/2819/525 153/2820/526 160/2821/527 159/2822/528
f 153/153/529 147/145/530 154/148/531 160/154/532
s 5
f 148/1510/533 147/1511/534 161/1512/535
f 149/1514/536 148/1510/533 161/1512/535
f 150/1516/537 149/1514/536 161/1512/535
f 151/1517/538 150/1516/537 161/1512/535
f 152/1515/539 151/1517/538 161/1512/535
f 153/1513/540 152/1515/539 161/1512/535
f 147/1511/534 153/1513/540 161/1512/535
s 6
f 190/1518/541 191/1519/542 192/1520/543
f 191/1519/542 193/1521/544 192/1520/543
f 193/1521/544 194/1523/545 192/1520/543
f 194/1523/545 195/1525/546 192/1520/543
f 195/1525/546 196/1524/547 192/1520/543
f 196/1524/547 197/1522/548 192/1520/543
f 197/1522/548 190/1518/541 192/1520/543
s off
f 154/148/549 155/147/550 163/151/551 162/152/552
f 155/147/553 156/150/554 164/155/555 163/151/556
f 156/2810/557 157/2809/558 165/2811/559 164/2812/560
f 157/174/561 158/173/562 166/177/563 165/178/564
f 158/173/565 159/176/566 167/179/567 166/177/568
f 159/2822/569 160/2821/570 168/2823/571 167/2824/572
f 160/154/573 154/148/574 162/152/575 168/158/576
f 162/152/577 163/151/578 170/156/579 169/157/580
f 163/151/581 164/155/582 171/159/583 170/156/584
f 164/2812/585 165/2811/586 172/2813/587 171/2814/588
f 165/178/589 166/177/590 173/180/591 172/181/592
f 166/177/593 167/179/594 174/182/595 173/180/596
f 167/2824/597 168/2823/598 175/2825/599 174/2826/600
f 168/158/601 162/152/602 169/157/603 175/162/604
f 169/157/605 170/156/606 177/160/607 176/161/608
f 170/156/609 171/159/610 178/163/611 177/160/612
f 171/2814/613 172/2813/614 179/2815/615 178/2816/616
f 172/181/617 173/180/618 180/183/619 179/184/620
f 173/180/621 174/182/622 181/185/623 180/183/624
f 174/2826/625 175/2825/626 182/2827/627 181/2828/628
f 175/162/629 169/157/630 176/161/631 182/166/632
f 176/161/633 177/160/634 184/164/635 183/165/636
f 177/160/637 178/163/638 185/167/639 184/164/640
f 178/2816/641 179/2815/642 186/2817/643 185/2818/644
f 179/184/645 180/183/646 187/186/647 186/187/648
f 180/183/649 181/185/650 188/188/651 187/186/652
f 181/1538/653 182/1539/654 189/1536/655 188/1533/656
f 182/166/657 176/161/658 183/165/659 189/170/660
f 183/165/661 184/164/662 191/168/663 190/169/664
f 184/1526/665 185/1527/666 193/1528/667 191/1529/668
f 185/1527/669 186/1530/670 194/1531/671 193/1528/672
f 186/187/673 187/186/674 195/189/675 194/190/676
f 187/1532/677 188/1533/678 196/1534/679 195/1535/680
f 188/1533/681 189/1536/682 197/1537/683 196/1534/684
f 189/1536/685 183/1540/686 190/1541/687 197/1537/688
f 202/2829/689 203/2830/690 204/2831/691 205/2832/692
f 207/1542/693 206/1543/694 208/1544/695 209/1545/696
f 199/2837/697 198/2838/698 200/2839/699 201/2840/700
f 198/191/701 202/192/702 205/193/703 200/194/704
f 210/1548/705 211/1549/706 212/1550/707 213/1551/708
f 204/199/709 203/200/710 199/201/711 201/202/712
f 201/2840/713 200/2839/714 206/2843/715 207/2844/716
f 200/194/717 205/193/718 208/197/719 206/198/720
f 205/2832/721 204/2831/722 209/2835/723 208/2836/724
f 204/1546/725 201/1547/726 207/1542/727 209/1545/728
f 199/201/729 203/200/730 211/203/731 210/204/732
f 203/2830/733 202/2829/734 212/2833/735 211/2834/736
f 202/192/737 198/191/738 213/195/739 212/196/740
f 198/2838/741 199/2837/742 210/2841/743 213/2842/744
f 218/1552/745 1736/3935/746 220/1553/747 221/1554/748
f 223/2845/749 222/2846/750 224/2847/751 225/2848/752
f 1733/3933/753 214/1557/754 216/1558/755 217/1559/756
f 214/205/757 218/206/758 221/207/759 216/208/760
f 220/211/761 1737/3938/762 1732/3931/763 217/212/764
f 217/1559/765 216/1558/766 222/1560/767 223/1561/768
f 216/208/769 221/207/770 224/209/771 222/210/772
f 221/1554/773 220/1553/774 225/1555/775 224/1556/776
f 220/211/777 217/212/778 223/213/779 225/214/780
f 218/206/781 214/205/782 1731/3932/783 1738/3936/784
f 229/1562/785 230/1563/786 1734/3934/787 231/1564/788
f 227/1567/789 226/1568/790 228/1569/791 215/1570/792
f 226/2849/793 229/2850/794 231/2851/795 228/2852/796
f 232/215/797 233/216/798 234/217/799 235/218/800
f 1735/3937/801 230/2856/802 227/2857/803 1729/3929/804
f 227/2857/805 230/2856/806 233/2858/807 232/2859/808
f 230/1563/809 229/1562/810 234/1565/811 233/1566/812
f 229/2850/813 226/2849/814 235/2853/815 234/2854/816
f 226/1568/817 227/1567/818 232/1571/819 235/1572/820
f 1730/3930/821 228/2852/822 231/2851/823 219/2855/824
f 240/1573/825 241/1574/826 242/1575/827 243/1576/828
f 245/2860/829 244/2861/830 246/2862/831 247/2863/832
f 237/1581/833 236/1582/834 238/1583/835 239/1584/836
f 236/219/837 240/220/838 243/221/839 238/222/840
f 248/2864/841 249/2865/842 250/2866/843 251/2867/844
f 242/227/845 241/228/846 237/229/847 239/230/848
f 239/1584/849 238/1583/850 244/1587/851 245/1588/852
f 238/222/853 243/221/854 246/225/855 244/226/856
f 243/1576/857 242/1575/858 247/1579/859 246/1580/860
f 242/227/861 239/230/862 245/233/863 247/234/864
f 237/229/865 241/228/866 249/231/867 248/232/868
f 241/1574/869 240/1573/870 250/1577/871 249/1578/872
f 240/220/873 236/219/874 251/223/875 250/224/876
f 236/1582/877 237/1581/878 248/1585/879 251/1586/880
f 256/1593/881 257/1590/882 258/1589/883 259/1594/884
f 255/3829/885 254/3828/886 259/3827/887 258/3830/888
f 253/3921/889 252/3922/890 254/3923/891 255/3924/892
f 252/3826/893 256/3825/894 259/3827/895 254/3828/896
f 253/3823/897 257/3824/898 256/3825/899 252/3826/900
f 261/2868/901 260/2869/902 262/2870/903 263/2871/904
f 258/1589/905 257/1590/906 260/1591/907 261/1592/908
f 257/2886/909 253/2876/910 262/2882/911 260/2887/912
f 265/2874/913 264/2875/914 266/2873/915 267/2872/916
f 255/2877/917 258/2884/918 261/2885/919 263/2880/920
f 253/2876/921 255/2877/922 264/2878/923 265/2879/924
f 255/2877/925 263/2880/926 266/2881/927 264/2878/928
f 263/2871/929 262/2870/930 267/2872/931 266/2873/932
f 262/2882/933 253/2876/934 265/2879/935 267/2883/936
f 272/235/937 273/236/938 274/237/939 275/238/940
f 277/1595/941 276/1596/942 278/1597/943 279/1598/944
f 269/243/945 268/244/946 270/245/947 271/246/948
f 268/2888/949 272/2889/950 275/2890/951 270/2891/952
f 280/1601/953 281/1602/954 282/1603/955 283/1604/956
f 274/2896/957 273/2897/958 269/2898/959 271/2899/960
f 271/246/961 270/245/962 276/249/963 277/250/964
f 270/2891/965 275/2890/966 278/2894/967 276/2895/968
f 275/238/969 274/237/970 279/241/971 278/242/972
f 274/1599/973 271/1600/974 277/1595/975 279/1598/976
f 269/2898/977 273/2897/978 281/2900/979 280/2901/980
f 273/236/981 272/235/982 282/239/983 281/240/984
f 272/2889/985 268/2888/986 283/2892/987 282/2893/988
f 268/244/989 269/243/990 280/247/991 283/248/992
f 288/1605/993 289/1606/994 290/1607/995 291/1608/996
f 287/2902/997 286/2903/998 291/2904/999 290/2905/1000
f 285/1609/1001 284/1610/1002 286/1611/1003 287/1612/1004
f 284/251/1005 288/252/1006 291/253/1007 286/254/1008
f 285/2906/1009 289/2907/1010 288/2908/1011 284/2909/1012
f 290/255/1013 289/256/1014 285/257/1015 287/258/1016
f 292/2910/1017 293/2911/1018 295/2912/1019 294/2913/1020
f 294/1613/1021 295/1614/1022 297/1615/1023 296/1616/1024
f 296/2914/1025 297/2915/1026 299/2916/1027 298/2917/1028
f 298/1617/1029 299/1618/1030 293/1619/1031 292/1620/1032
f 293/259/1033 299/260/1034 297/261/1035 295/262/1036
f 298/263/1037 292/264/1038 294/265/1039 296/266/1040
f 304/1621/1041 305/1622/1042 306/1623/1043 307/1624/1044
f 303/2918/1045 302/2919/1046 307/2920/1047 306/2921/1048
f 301/1625/1049 300/1626/1050 302/1627/1051 303/1628/1052
f 300/267/1053 304/268/1054 307/269/1055 302/270/1056
f 301/2922/1057 305/2923/1058 304/2924/1059 300/2925/1060
f 306/271/1061 305/272/1062 301/273/1063 303/274/1064
f 312/1629/1065 344/1630/1066 345/1631/1067 315/1632/1068
s 7
f 347/275/1069 310/276/1070 319/277/1071 346/278/1072
s off
f 347/1633/1073 342/1634/1074 308/1635/1075 310/1636/1076
s 8
f 308/2926/1077 318/2927/1078 319/2928/1079 310/2929/1080
s 9
f 342/287/1081 343/288/1082 318/289/1083 308/290/1084
s off
f 324/2932/1085 325/2933/1086 326/2934/1087 327/2935/1088
f 333/2936/1089 332/2937/1090 334/2938/1091 335/2939/1092
s 9
f 318/289/1083 343/288/1082 344/291/1093 312/292/1094
s 8
f 319/2928/1079 318/2927/1078 312/2930/1095 315/2931/1096
s 7
f 346/278/1072 319/277/1071 315/279/1097 345/280/1098
s off
f 316/1641/1099 317/1642/1100 321/1638/1101 320/1637/1102
f 317/2940/1103 309/2941/1104 322/2942/1105 321/2943/1106
f 309/1647/1107 311/1648/1108 323/1644/1109 322/1643/1110
f 311/2944/1111 316/2945/1112 320/2946/1113 323/2947/1114
f 320/1637/1115 321/1638/1116 325/1639/1117 324/1640/1118
f 321/293/1119 322/294/1120 326/295/1121 325/296/1122
f 322/1643/1123 323/1644/1124 327/1645/1125 326/1646/1126
f 323/297/1127 320/298/1128 324/299/1129 327/300/1130
f 314/2948/1131 313/2949/1132 328/2950/1133 329/2951/1134
f 313/2949/1135 317/2952/1136 330/2953/1137 328/2950/1138
f 317/2952/1139 316/2954/1140 331/2955/1141 330/2953/1142
f 316/2954/1143 314/2948/1144 329/2951/1145 331/2955/1146
f 329/1649/1147 328/1650/1148 332/1651/1149 333/1652/1150
f 328/301/1151 330/302/1152 334/303/1153 332/304/1154
f 330/1653/1155 331/1654/1156 335/1655/1157 334/1656/1158
f 331/305/1159 329/306/1160 333/307/1161 335/308/1162
s 10
f 309/309/1163 317/310/1164 337/311/1165 336/312/1166
f 338/313/1167 337/311/1165 317/310/1164 313/314/1168
s off
f 339/1657/1169 338/1658/1170 313/1659/1171 314/1660/1172
s 7
f 316/285/1173 340/282/1174 339/283/1175 314/286/1176
f 311/284/1177 341/281/1178 340/282/1174 316/285/1173
s off
f 309/1661/1179 336/1662/1180 341/1663/1181 311/1664/1182
s 12
f 348/315/1183 349/316/1184 350/317/1185 351/318/1186
f 352/319/1187 350/317/1185 349/316/1184 353/320/1188
s off
f 354/1665/1189 352/1666/1190 353/1667/1191 355/1668/1192
s 7
f 340/282/1174 346/278/1072 345/280/1098 339/283/1175
f 341/281/1178 347/275/1069 346/278/1072 340/282/1174
s off
f 356/1671/1193 348/1672/1194 351/1673/1195 357/1674/1196
f 336/2956/1197 337/2957/1198 349/2958/1199 348/2959/1200
f 343/2966/1201 342/2967/1202 351/2968/1203 350/2969/1204
f 344/2972/1205 343/2966/1206 350/2969/1207 352/2973/1208
f 337/2957/1209 338/2960/1210 353/2961/1211 349/2958/1212
f 345/2974/1213 344/2972/1214 352/2973/1215 354/2975/1216
f 338/2960/1217 339/2964/1218 355/2965/1219 353/2961/1220
f 339/1669/1221 345/1670/1222 354/1665/1223 355/1668/1224
f 341/2962/1225 336/2956/1226 348/2959/1227 356/2963/1228
f 342/2967/1229 347/2970/1230 357/2971/1231 351/2968/1232
f 347/1675/1233 341/1676/1234 356/1671/1235 357/1674/1236
f 362/1677/1237 363/1678/1238 364/1679/1239 365/1680/1240
s 13
f 361/2976/1241 360/2977/1242 372/2978/1243 373/2979/1244
s off
f 359/1681/1245 358/1682/1246 360/1683/1247 361/1684/1248
s 14
f 358/321/1249 371/322/1250 372/323/1251 360/324/1252
s 15
f 359/2984/1253 370/2985/1254 371/2986/1255 358/2987/1256
s off
f 373/329/1257 370/330/1258 359/331/1259 361/332/1260
s 15
f 366/2988/1261 363/2990/1262 362/2991/1263 367/2989/1264
s 14
f 368/326/1265 367/325/1266 362/327/1267 365/328/1268
s 13
f 369/2981/1269 368/2980/1270 365/2982/1271 364/2983/1272
s off
f 364/333/1273 363/334/1274 366/335/1275 369/336/1276
s 15
f 370/2985/1254 366/2988/1261 367/2989/1264 371/2986/1255
s 14
f 372/323/1251 371/322/1250 367/325/1266 368/326/1265
s 13
f 373/2979/1244 372/2978/1243 368/2980/1270 369/2981/1269
s off
f 378/337/1277 379/338/1278 380/339/1279 381/340/1280
f 369/1685/1281 366/1686/1282 375/1687/1283 374/1688/1284
f 366/341/1285 370/342/1286 376/343/1287 375/344/1288
f 370/1691/1289 373/1692/1290 377/1693/1291 376/1694/1292
f 373/345/1293 369/346/1294 374/347/1295 377/348/1296
f 374/1688/1297 375/1687/1298 379/1689/1299 378/1690/1300
f 375/2992/1301 376/2993/1302 380/2994/1303 379/2995/1304
f 376/1695/1305 377/1696/1306 381/1697/1307 380/1698/1308
f 377/2996/1309 374/2997/1310 378/2998/1311 381/2999/1312
f 386/3000/1313 387/3001/1314 388/3002/1315 389/3003/1316
f 391/1699/1317 390/1700/1318 392/1701/1319 393/1702/1320
f 383/3006/1321 382/3007/1322 384/3008/1323 385/3009/1324
f 382/349/1325 386/350/1326 389/351/1327 384/352/1328
f 394/1705/1329 395/1706/1330 396/1707/1331 397/1708/1332
f 388/357/1333 387/358/1334 383/359/1335 385/360/1336
f 385/3009/1337 384/3008/1338 390/3012/1339 391/3013/1340
f 384/352/1341 389/351/1342 392/355/1343 390/356/1344
f 389/2/1345 388/1/1346 393/4/1347 392/3/1348
f 388/1703/1349 385/1704/1350 391/1699/1351 393/1702/1352
f 383/359/1353 387/358/1354 395/361/1355 394/362/1356
f 387/3001/1357 386/3000/1358 396/3004/1359 395/3005/1360
f 386/350/1361 382/349/1362 397/353/1363 396/354/1364
f 382/3007/1365 383/3006/1366 394/3010/1367 397/3011/1368
f 402/1709/1369 403/1710/1370 404/1711/1371 405/1712/1372
f 401/3014/1373 400/3015/1374 405/3016/1375 404/3017/1376
f 399/1713/1377 398/1714/1378 400/1715/1379 401/1716/1380
f 398/363/1381 402/364/1382 405/365/1383 400/366/1384
f 399/3018/1385 403/3019/1386 402/3020/1387 398/3021/1388
f 404/367/1389 403/368/1390 399/369/1391 401/370/1392
f 406/3022/1393 407/3023/1394 1742/3943/1395 413/3024/1396
f 407/377/1397 408/371/1398 415/374/1399 1743/3941/1400
f 408/371/1401 409/372/1402 416/373/1403 415/374/1404
f 409/372/1405 410/375/1406 417/376/1407 416/373/1408
f 410/3026/1409 411/3027/1410 418/3028/1411 417/3029/1412
f 411/378/1413 412/379/1414 419/380/1415 418/381/1416
f 412/379/1417 406/382/1418 413/383/1419 419/380/1420
s 16
f 407/1717/1421 406/1718/1422 420/1719/1423
f 408/1721/1424 407/1717/1421 420/1719/1423
f 409/1723/1425 408/1721/1424 420/1719/1423
f 410/1724/1426 409/1723/1425 420/1719/1423
f 411/1722/1427 410/1724/1426 420/1719/1423
f 412/1720/1428 411/1722/1427 420/1719/1423
f 406/1718/1422 412/1720/1428 420/1719/1423
s 17
f 421/1725/1429 1747/3946/1430 423/1726/1431
f 1746/3945/1432 424/1727/1433 423/1726/1431
f 424/1727/1433 425/1731/1434 423/1726/1431
f 425/1731/1434 426/1734/1435 423/1726/1431
f 426/1734/1435 427/1732/1436 423/1726/1431
f 427/1732/1436 428/1728/1437 423/1726/1431
f 428/1728/1437 421/1725/1429 423/1726/1431
s off
f 413/4046/1438 1741/3942/1439 1748/3947/1440 421/3025/1441
f 431/3030/1442 432/3031/1443 433/3032/1444 434/3033/1445
f 432/386/1446 435/387/1447 436/388/1448 433/389/1449
f 419/380/1450 413/383/1451 421/384/1452 428/385/1453
f 1745/3948/1454 1739/3939/1455 1750/3949/1456 1753/3953/1457
f 437/391/1458 1752/3952/1459 429/394/1460 438/392/1461
f 439/390/1462 437/391/1463 438/392/1464 440/393/1465
f 434/395/1466 439/390/1467 440/393/1468 431/396/1469
f 417/1738/1470 418/1739/1471 432/1740/1472 431/1741/1473
f 427/1732/1474 426/1734/1475 434/1737/1476 433/1735/1477
f 418/1739/1478 419/1742/1479 435/1743/1480 432/1740/1481
f 419/3034/1482 428/3035/1483 436/3036/1484 435/3037/1485
f 428/1728/1486 427/1732/1487 433/1735/1488 436/1736/1489
f 424/1727/1490 1744/3944/1491 430/1729/1492 437/1730/1493
f 422/3038/1494 414/3039/1495 1751/3950/1496 1754/3954/1497
f 1740/3940/1498 415/1746/1499 438/1747/1500 1749/3951/1501
f 425/1731/1502 424/1727/1503 437/1730/1504 439/1733/1505
f 415/1746/1506 416/1744/1507 440/1745/1508 438/1747/1509
f 426/1734/1510 425/1731/1511 439/1733/1512 434/1737/1513
f 416/1744/1514 417/1738/1515 431/1741/1516 440/1745/1517
f 445/1752/1518 446/1749/1519 447/1748/1520 448/1753/1521
f 444/3831/1522 443/3832/1523 448/3833/1524 447/3834/1525
f 442/3839/1526 441/3840/1527 443/3841/1528 444/3842/1529
f 441/3835/1530 445/3836/1531 448/3833/1532 443/3832/1533
f 442/3837/1534 446/3838/1535 445/3836/1536 441/3835/1537
f 450/397/1538 449/398/1539 451/399/1540 452/400/1541
f 447/1748/1542 446/1749/1543 449/1750/1544 450/1751/1545
f 446/415/1546 442/405/1547 451/411/1548 449/416/1549
f 454/403/1550 453/404/1551 455/402/1552 456/401/1553
f 444/406/1554 447/413/1555 450/414/1556 452/409/1557
f 442/405/1558 444/406/1559 453/407/1560 454/408/1561
f 444/406/1562 452/409/1563 455/410/1564 453/407/1565
f 452/400/1566 451/399/1567 456/401/1568 455/402/1569
f 451/411/1570 442/405/1571 454/408/1572 456/412/1573
f 457/417/1574 458/418/1575 465/419/1576 464/420/1577
f 458/418/1578 459/421/1579 466/422/1580 465/419/1581
f 459/3040/1582 460/3041/1583 467/3042/1584 466/3043/1585
f 460/435/1586 461/429/1587 468/432/1588 467/436/1589
f 461/429/1590 462/430/1591 469/431/1592 468/432/1593
f 462/3044/1594 463/3045/1595 470/3046/1596 469/3047/1597
f 463/3045/1598 457/3048/1599 464/3049/1600 470/3046/1601
s 19
f 458/1754/1602 457/1755/1603 471/1756/1604
f 459/1758/1605 458/1754/1602 471/1756/1604
f 460/1760/1606 459/1758/1605 471/1756/1604
f 461/1761/1607 460/1760/1606 471/1756/1604
f 462/1759/1608 461/1761/1607 471/1756/1604
f 463/1757/1609 462/1759/1608 471/1756/1604
f 457/1755/1603 463/1757/1609 471/1756/1604
s 20
f 472/1762/1610 473/1763/1611 474/1764/1612
f 473/1763/1611 475/1765/1613 474/1764/1612
f 475/1765/1613 476/1769/1614 474/1764/1612
f 476/1769/1614 477/1772/1615 474/1764/1612
f 477/1772/1615 478/1770/1616 474/1764/1612
f 478/1770/1616 479/1766/1617 474/1764/1612
f 479/1766/1617 472/1762/1610 474/1764/1612
s off
f 464/420/1618 465/419/1619 473/423/1620 472/424/1621
f 480/425/1622 481/427/1623 482/428/1624 483/426/1625
f 481/3053/1626 484/3054/1627 485/3055/1628 482/3056/1629
f 484/439/1630 486/438/1631 487/437/1632 485/440/1633
f 468/432/1634 469/431/1635 478/433/1636 477/434/1637
f 469/3047/1638 470/3046/1639 479/3050/1640 478/3051/1641
f 470/3046/1642 464/3049/1643 472/3052/1644 479/3050/1645
f 465/1774/1646 466/1775/1647 481/1776/1648 480/1777/1649
f 475/1765/1650 473/1763/1651 483/1767/1652 482/1768/1653
f 473/423/1654 465/419/1655 480/425/1656 483/426/1657
f 466/1775/1658 467/1778/1659 484/1779/1660 481/1776/1661
f 476/1769/1662 475/1765/1663 482/1768/1664 485/1771/1665
f 467/1778/1666 468/1780/1667 486/1781/1668 484/1779/1669
f 468/432/1670 477/434/1671 487/437/1672 486/438/1673
f 477/1772/1674 476/1769/1675 485/1771/1676 487/1773/1677
f 488/3057/1678 489/3058/1679 1758/3959/1680 495/3059/1681
f 489/441/1682 490/442/1683 497/443/1684 1759/3957/1685
f 490/442/1686 491/444/1687 498/445/1688 497/443/1689
f 491/3061/1690 492/3062/1691 499/3063/1692 498/3064/1693
f 492/452/1694 493/446/1695 500/449/1696 499/453/1697
f 493/446/1698 494/447/1699 501/448/1700 500/449/1701
f 494/447/1702 488/450/1703 495/451/1704 501/448/1705
s 21
f 489/1782/1706 488/1783/1707 502/1784/1708
f 490/1786/1709 489/1782/1706 502/1784/1708
f 491/1788/1710 490/1786/1709 502/1784/1708
f 492/1789/1711 491/1788/1710 502/1784/1708
f 493/1787/1712 492/1789/1711 502/1784/1708
f 494/1785/1713 493/1787/1712 502/1784/1708
f 488/1783/1707 494/1785/1713 502/1784/1708
s 22
f 503/1790/1714 1763/3962/1715 505/1791/1716
f 1762/3961/1717 506/1792/1718 505/1791/1716
f 506/1792/1718 507/1796/1719 505/1791/1716
f 507/1796/1719 508/1799/1720 505/1791/1716
f 508/1799/1720 509/1797/1721 505/1791/1716
f 509/1797/1721 510/1793/1722 505/1791/1716
f 510/1793/1722 503/1790/1714 505/1791/1716
s off
f 495/4045/1723 1757/3958/1724 1764/3963/1725 503/3060/1726
f 513/460/1727 514/456/1728 515/459/1729 516/461/1730
f 514/456/1731 517/457/1732 518/458/1733 515/459/1734
f 501/448/1735 495/451/1736 503/454/1737 510/455/1738
f 1761/3964/1739 1755/3955/1740 1766/3965/1741 1769/3969/1742
f 519/462/1743 1768/3968/1744 511/463/1745 520/464/1746
f 521/465/1747 519/462/1748 520/464/1749 522/466/1750
f 516/3065/1751 521/3066/1752 522/3067/1753 513/3068/1754
f 499/1803/1755 500/1804/1756 514/1805/1757 513/1806/1758
f 509/1797/1759 508/1799/1760 516/1802/1761 515/1800/1762
f 500/1804/1763 501/1807/1764 517/1808/1765 514/1805/1766
f 501/3069/1767 510/3070/1768 518/3071/1769 517/3072/1770
f 510/1793/1771 509/1797/1772 515/1800/1773 518/1801/1774
f 506/1792/1775 1760/3960/1776 512/1794/1777 519/1795/1778
f 504/3843/1779 496/3844/1780 1767/3966/1781 1770/3970/1782
f 1756/3956/1783 497/1811/1784 520/1812/1785 1765/3967/1786
f 507/1796/1787 506/1792/1788 519/1795/1789 521/1798/1790
f 497/1811/1791 498/1809/1792 522/1810/1793 520/1812/1794
f 508/1799/1795 507/1796/1796 521/1798/1797 516/1802/1798
f 498/1809/1799 499/1803/1800 513/1806/1801 522/1810/1802
f 523/467/1803 524/468/1804 526/469/1805 525/470/1806
f 525/1813/1807 526/1814/1808 528/1815/1809 527/1816/1810
f 527/471/1811 528/472/1812 530/473/1813 529/474/1814
f 529/1817/1815 530/1818/1816 524/1819/1817 523/1820/1818
f 524/3073/1819 530/3074/1820 528/3075/1821 526/3076/1822
f 529/3077/1823 523/3078/1824 525/3079/1825 527/3080/1826
f 531/475/1827 532/476/1828 539/477/1829 538/478/1830
f 532/476/1831 533/479/1832 540/480/1833 539/477/1834
f 533/3081/1835 534/3082/1836 541/3083/1837 540/3084/1838
f 534/493/1839 535/487/1840 542/490/1841 541/494/1842
f 535/487/1843 536/488/1844 543/489/1845 542/490/1846
f 536/3085/1847 537/3086/1848 544/3087/1849 543/3088/1850
f 537/3086/1851 531/3089/1852 538/3090/1853 544/3087/1854
s 24
f 532/1821/1855 531/1822/1856 545/1823/1857
f 533/1825/1858 532/1821/1855 545/1823/1857
f 534/1827/1859 533/1825/1858 545/1823/1857
f 535/1828/1860 534/1827/1859 545/1823/1857
f 536/1826/1861 535/1828/1860 545/1823/1857
f 537/1824/1862 536/1826/1861 545/1823/1857
f 531/1822/1856 537/1824/1862 545/1823/1857
s 25
f 546/1829/1863 547/1830/1864 548/1831/1865
f 547/1830/1864 549/1832/1866 548/1831/1865
f 549/1832/1866 550/1836/1867 548/1831/1865
f 550/1836/1867 551/1839/1868 548/1831/1865
f 551/1839/1868 552/1837/1869 548/1831/1865
f 552/1837/1869 553/1833/1870 548/1831/1865
f 553/1833/1870 546/1829/1863 548/1831/1865
s off
f 538/478/1871 539/477/1872 547/481/1873 546/482/1874
f 554/483/1875 555/485/1876 556/486/1877 557/484/1878
f 555/3094/1879 558/3095/1880 559/3096/1881 556/3097/1882
f 558/497/1883 560/496/1884 561/495/1885 559/498/1886
f 542/490/1887 543/489/1888 552/491/1889 551/492/1890
f 543/3088/1891 544/3087/1892 553/3091/1893 552/3092/1894
f 544/3087/1895 538/3090/1896 546/3093/1897 553/3091/1898
f 539/1841/1899 540/1842/1900 555/1843/1901 554/1844/1902
f 549/1832/1903 547/1830/1904 557/1834/1905 556/1835/1906
f 547/481/1907 539/477/1908 554/483/1909 557/484/1910
f 540/1842/1911 541/1845/1912 558/1846/1913 555/1843/1914
f 550/1836/1915 549/1832/1916 556/1835/1917 559/1838/1918
f 541/1845/1919 542/1847/1920 560/1848/1921 558/1846/1922
f 542/490/1923 551/492/1924 561/495/1925 560/496/1926
f 551/1839/1927 550/1836/1928 559/1838/1929 561/1840/1930
f 566/1853/1931 567/1850/1932 568/1849/1933 569/1854/1934
f 565/3098/1935 564/3099/1936 569/3100/1937 568/3101/1938
f 563/3845/1939 562/3846/1940 564/3847/1941 565/3848/1942
f 562/3846/1943 566/3849/1944 569/3850/1945 564/3847/1946
f 563/3901/1947 567/3902/1948 566/3903/1949 562/3904/1950
f 571/499/1951 570/500/1952 572/501/1953 573/502/1954
f 568/1849/1955 567/1850/1956 570/1851/1957 571/1852/1958
f 567/517/1959 563/507/1960 572/513/1961 570/518/1962
f 575/505/1963 574/506/1964 576/504/1965 577/503/1966
f 565/508/1967 568/515/1968 571/516/1969 573/511/1970
f 563/507/1971 565/508/1972 574/509/1973 575/510/1974
f 565/508/1975 573/511/1976 576/512/1977 574/509/1978
f 573/502/1979 572/501/1980 577/503/1981 576/504/1982
f 572/513/1983 563/507/1984 575/510/1985 577/514/1986
f 582/1855/1987 583/1856/1988 584/1857/1989 585/1858/1990
f 587/519/1991 586/520/1992 588/521/1993 589/522/1994
f 579/1863/1995 578/1864/1996 580/1865/1997 581/1866/1998
f 578/3102/1999 582/3103/2000 585/3104/2001 580/3105/2002
f 590/523/2003 591/524/2004 592/525/2005 593/526/2006
f 584/3110/2007 583/3111/2008 579/3112/2009 581/3113/2010
f 581/1866/2011 580/1865/2012 586/1869/2013 587/1870/2014
f 580/3105/2015 585/3104/2016 588/3108/2017 586/3109/2018
f 585/1858/2019 584/1857/2020 589/1861/2021 588/1862/2022
f 584/3110/2023 581/3113/2024 587/3116/2025 589/3117/2026
f 579/3112/2027 583/3111/2028 591/3114/2029 590/3115/2030
f 583/1856/2031 582/1855/2032 592/1859/2033 591/1860/2034
f 582/3103/2035 578/3102/2036 593/3106/2037 592/3107/2038
f 578/1864/2039 579/1863/2040 590/1867/2041 593/1868/2042
f 594/527/2043 595/528/2044 602/529/2045 601/530/2046
f 595/528/2047 596/531/2048 603/532/2049 602/529/2050
f 596/3118/2051 597/3119/2052 604/3120/2053 603/3121/2054
f 597/553/2055 598/554/2056 605/555/2057 604/556/2058
f 598/554/2059 599/557/2060 606/558/2061 605/555/2062
f 599/3130/2063 600/3131/2064 607/3132/2065 606/3133/2066
f 600/535/2067 594/527/2068 601/530/2069 607/536/2070
s 26
f 595/1871/2071 594/1872/2072 608/1873/2073
f 596/1875/2074 595/1871/2071 608/1873/2073
f 597/1877/2075 596/1875/2074 608/1873/2073
f 598/1878/2076 597/1877/2075 608/1873/2073
f 599/1876/2077 598/1878/2076 608/1873/2073
f 600/1874/2078 599/1876/2077 608/1873/2073
f 594/1872/2072 600/1874/2078 608/1873/2073
s 27
f 637/1879/2079 638/1880/2080 639/1881/2081
f 638/1880/2080 640/1882/2082 639/1881/2081
f 640/1882/2082 641/1884/2083 639/1881/2081
f 641/1884/2083 642/1886/2084 639/1881/2081
f 642/1886/2084 643/1885/2085 639/1881/2081
f 643/1885/2085 644/1883/2086 639/1881/2081
f 644/1883/2086 637/1879/2079 639/1881/2081
s off
f 601/530/2087 602/529/2088 610/533/2089 609/534/2090
f 602/529/2091 603/532/2092 611/537/2093 610/533/2094
f 603/3121/2095 604/3120/2096 612/3122/2097 611/3123/2098
f 604/556/2099 605/555/2100 613/559/2101 612/560/2102
f 605/555/2103 606/558/2104 614/561/2105 613/559/2106
f 606/3133/2107 607/3132/2108 615/3134/2109 614/3135/2110
f 607/536/2111 601/530/2112 609/534/2113 615/540/2114
f 609/534/2115 610/533/2116 617/538/2117 616/539/2118
f 610/533/2119 611/537/2120 618/541/2121 617/538/2122
f 611/3123/2123 612/3122/2124 619/3124/2125 618/3125/2126
f 612/560/2127 613/559/2128 620/562/2129 619/563/2130
f 613/559/2131 614/561/2132 621/564/2133 620/562/2134
f 614/3135/2135 615/3134/2136 622/3136/2137 621/3137/2138
f 615/540/2139 609/534/2140 616/539/2141 622/544/2142
f 616/539/2143 617/538/2144 624/542/2145 623/543/2146
f 617/538/2147 618/541/2148 625/545/2149 624/542/2150
f 618/3125/2151 619/3124/2152 626/3126/2153 625/3127/2154
f 619/563/2155 620/562/2156 627/565/2157 626/566/2158
f 620/562/2159 621/564/2160 628/567/2161 627/565/2162
f 621/3137/2163 622/3136/2164 629/3138/2165 628/3139/2166
f 622/544/2167 616/539/2168 623/543/2169 629/548/2170
f 623/543/2171 624/542/2172 631/546/2173 630/547/2174
f 624/542/2175 625/545/2176 632/549/2177 631/546/2178
f 625/3127/2179 626/3126/2180 633/3128/2181 632/3129/2182
f 626/566/2183 627/565/2184 634/568/2185 633/569/2186
f 627/565/2187 628/567/2188 635/570/2189 634/568/2190
f 628/1899/2191 629/1900/2192 636/1893/2193 635/1897/2194
f 629/548/2195 623/543/2196 630/547/2197 636/552/2198
f 630/547/2199 631/546/2200 638/550/2201 637/551/2202
f 631/1887/2203 632/1888/2204 640/1889/2205 638/1890/2206
f 632/1888/2207 633/1891/2208 641/1892/2209 640/1889/2210
f 633/569/2211 634/568/2212 642/571/2213 641/572/2214
f 634/568/2215 635/570/2216 643/573/2217 642/571/2218
f 635/1897/2219 636/1893/2220 644/1896/2221 643/1898/2222
f 636/1893/2223 630/1894/2224 637/1895/2225 644/1896/2226
f 649/574/2227 650/575/2228 651/576/2229 652/577/2230
f 654/1901/2231 653/1902/2232 655/1903/2233 656/1904/2234
f 646/582/2235 645/583/2236 647/584/2237 648/585/2238
f 645/3140/2239 649/3141/2240 652/3142/2241 647/3143/2242
f 657/1907/2243 658/1908/2244 659/1909/2245 660/1910/2246
f 651/3148/2247 650/3149/2248 646/3150/2249 648/3151/2250
f 648/585/2251 647/584/2252 653/588/2253 654/589/2254
f 647/3143/2255 652/3142/2256 655/3146/2257 653/3147/2258
f 652/577/2259 651/576/2260 656/580/2261 655/581/2262
f 651/1905/2263 648/1906/2264 654/1901/2265 656/1904/2266
f 646/3150/2267 650/3149/2268 658/3152/2269 657/3153/2270
f 650/575/2271 649/574/2272 659/578/2273 658/579/2274
f 649/3141/2275 645/3140/2276 660/3144/2277 659/3145/2278
f 645/583/2279 646/582/2280 657/586/2281 660/587/2282
f 665/1911/2283 666/1912/2284 667/1913/2285 668/1914/2286
f 664/590/2287 663/591/2288 668/592/2289 667/593/2290
f 662/1915/2291 661/1916/2292 663/1917/2293 664/1918/2294
f 661/3154/2295 665/3155/2296 668/3156/2297 663/3157/2298
f 662/594/2299 666/595/2300 665/596/2301 661/597/2302
f 667/3158/2303 666/3159/2304 662/3160/2305 664/3161/2306
f 669/3162/2307 670/3163/2308 677/3164/2309 676/3165/2310
f 670/604/2311 671/598/2312 678/601/2313 677/605/2314
f 671/598/2315 672/599/2316 679/600/2317 678/601/2318
f 672/599/2319 673/602/2320 680/603/2321 679/600/2322
f 673/3170/2323 674/3171/2324 681/3172/2325 680/3173/2326
f 674/606/2327 675/607/2328 682/608/2329 681/609/2330
f 675/607/2331 669/610/2332 676/611/2333 682/608/2334
s 28
f 670/1919/2335 669/1920/2336 683/1921/2337
f 671/1923/2338 670/1919/2335 683/1921/2337
f 672/1925/2339 671/1923/2338 683/1921/2337
f 673/1926/2340 672/1925/2339 683/1921/2337
f 674/1924/2341 673/1926/2340 683/1921/2337
f 675/1922/2342 674/1924/2341 683/1921/2337
f 669/1920/2336 675/1922/2342 683/1921/2337
s 29
f 684/1927/2343 685/1928/2344 686/1929/2345
f 685/1928/2344 687/1930/2346 686/1929/2345
f 687/1930/2346 688/1934/2347 686/1929/2345
f 688/1934/2347 689/1937/2348 686/1929/2345
f 689/1937/2348 690/1935/2349 686/1929/2345
f 690/1935/2349 691/1931/2350 686/1929/2345
f 691/1931/2350 684/1927/2343 686/1929/2345
s off
f 676/3165/2351 677/3164/2352 685/3166/2353 684/3167/2354
f 692/621/2355 693/615/2356 694/618/2357 695/622/2358
f 693/615/2359 696/616/2360 697/617/2361 694/618/2362
f 696/616/2363 698/619/2364 699/620/2365 697/617/2366
f 680/3173/2367 681/3172/2368 690/3174/2369 689/3175/2370
f 681/609/2371 682/608/2372 691/612/2373 690/613/2374
f 682/608/2375 676/611/2376 684/614/2377 691/612/2378
f 677/1939/2379 678/1940/2380 693/1941/2381 692/1942/2382
f 687/1930/2383 685/1928/2384 695/1932/2385 694/1933/2386
f 685/3166/2387 677/3164/2388 692/3168/2389 695/3169/2390
f 678/1940/2391 679/1943/2392 696/1944/2393 693/1941/2394
f 688/1934/2395 687/1930/2396 694/1933/2397 697/1936/2398
f 679/1943/2399 680/1945/2400 698/1946/2401 696/1944/2402
f 680/3173/2403 689/3175/2404 699/3176/2405 698/3177/2406
f 689/1937/2407 688/1934/2408 697/1936/2409 699/1938/2410
f 704/1947/2411 705/1948/2412 706/1949/2413 707/1950/2414
f 703/623/2415 702/624/2416 707/625/2417 706/626/2418
f 701/1951/2419 700/1952/2420 702/1953/2421 703/1954/2422
f 700/3178/2423 704/3179/2424 707/3180/2425 702/3181/2426
f 701/627/2427 705/628/2428 704/629/2429 700/630/2430
f 706/3182/2431 705/3183/2432 701/3184/2433 703/3185/2434
f 712/1955/2435 713/1956/2436 714/1957/2437 715/1958/2438
f 717/631/2439 716/632/2440 718/633/2441 719/634/2442
f 709/1963/2443 708/1964/2444 710/1965/2445 711/1966/2446
f 708/3186/2447 712/3187/2448 715/3188/2449 710/3189/2450
f 720/635/2451 721/636/2452 722/637/2453 723/638/2454
f 714/3194/2455 713/3195/2456 709/3196/2457 711/3197/2458
f 711/1966/2459 710/1965/2460 716/1969/2461 717/1970/2462
f 710/3189/2463 715/3188/2464 718/3192/2465 716/3193/2466
f 715/1958/2467 714/1957/2468 719/1961/2469 718/1962/2470
f 714/3194/2471 711/3197/2472 717/3200/2473 719/3201/2474
f 709/3196/2475 713/3195/2476 721/3198/2477 720/3199/2478
f 713/1956/2479 712/1955/2480 722/1959/2481 721/1960/2482
f 712/3187/2483 708/3186/2484 723/3190/2485 722/3191/2486
f 708/1964/2487 709/1963/2488 720/1967/2489 723/1968/2490
f 728/1975/2491 729/1972/2492 730/1971/2493 731/1976/2494
f 727/3851/2495 726/3852/2496 731/3853/2497 730/3854/2498
f 725/3905/2499 724/3906/2500 726/3907/2501 727/3908/2502
f 724/3855/2503 728/3856/2504 731/3853/2505 726/3852/2506
f 725/3857/2507 729/3858/2508 728/3856/2509 724/3855/2510
f 733/3202/2511 732/3203/2512 734/3204/2513 735/3205/2514
f 730/1971/2515 729/1972/2516 732/1973/2517 733/1974/2518
f 729/3220/2519 725/3210/2520 734/3216/2521 732/3221/2522
f 737/3208/2523 736/3209/2524 738/3207/2525 739/3206/2526
f 727/3211/2527 730/3218/2528 733/3219/2529 735/3214/2530
f 725/3210/2531 727/3211/2532 736/3212/2533 737/3213/2534
f 727/3211/2535 735/3214/2536 738/3215/2537 736/3212/2538
f 735/3205/2539 734/3204/2540 739/3206/2541 738/3207/2542
f 734/3216/2543 725/3210/2544 737/3213/2545 739/3217/2546
f 744/1977/2547 1778/3977/2548 746/1978/2549 747/1979/2550
f 749/639/2551 748/640/2552 750/641/2553 751/642/2554
f 1775/3975/2555 740/1982/2556 742/1983/2557 743/1984/2558
f 740/3222/2559 744/3223/2560 747/3224/2561 742/3225/2562
f 746/3228/2563 1779/3980/2564 1774/3973/2565 743/3229/2566
f 743/1984/2567 742/1983/2568 748/1985/2569 749/1986/2570
f 742/3225/2571 747/3224/2572 750/3226/2573 748/3227/2574
f 747/1979/2575 746/1978/2576 751/1980/2577 750/1981/2578
f 746/3228/2579 743/3229/2580 749/3230/2581 751/3231/2582
f 744/3223/2583 740/3222/2584 1773/3974/2585 1780/3978/2586
f 755/1987/2587 756/1988/2588 1776/3976/2589 757/1989/2590
f 753/1992/2591 752/1993/2592 754/1994/2593 741/1995/2594
f 752/643/2595 755/644/2596 757/645/2597 754/646/2598
f 758/3232/2599 759/3233/2600 760/3234/2601 761/3235/2602
f 1777/3979/2603 756/650/2604 753/651/2605 1771/3971/2606
f 753/651/2607 756/650/2608 759/652/2609 758/653/2610
f 756/1988/2611 755/1987/2612 760/1990/2613 759/1991/2614
f 755/644/2615 752/643/2616 761/647/2617 760/648/2618
f 752/1993/2619 753/1992/2620 758/1996/2621 761/1997/2622
f 1772/3972/2623 754/646/2624 757/645/2625 745/649/2626
f 762/3236/2627 763/3237/2628 765/3238/2629 764/3239/2630
f 764/1998/2631 765/1999/2632 767/2000/2633 766/2001/2634
f 766/3240/2635 767/3241/2636 769/3242/2637 768/3243/2638
f 768/2002/2639 769/2003/2640 763/2004/2641 762/2005/2642
f 763/654/2643 769/655/2644 767/656/2645 765/657/2646
f 768/658/2647 762/659/2648 764/660/2649 766/661/2650
f 770/662/2651 771/663/2652 773/664/2653 772/665/2654
f 772/2006/2655 773/2007/2656 775/2008/2657 774/2009/2658
f 774/666/2659 775/667/2660 777/668/2661 776/669/2662
f 776/2010/2663 777/2011/2664 771/2012/2665 770/2013/2666
f 771/3244/2667 777/3245/2668 775/3246/2669 773/3247/2670
f 776/3248/2671 770/3249/2672 772/3250/2673 774/3251/2674
f 778/670/2675 779/671/2676 781/672/2677 780/673/2678
f 780/2014/2679 781/2015/2680 783/2016/2681 782/2017/2682
f 782/674/2683 783/675/2684 785/676/2685 784/677/2686
f 784/2018/2687 785/2019/2688 779/2020/2689 778/2021/2690
f 779/3252/2691 785/3253/2692 783/3254/2693 781/3255/2694
f 784/3256/2695 778/3257/2696 780/3258/2697 782/3259/2698
f 790/2022/2699 1788/3987/2700 792/2023/2701 793/2024/2702
f 795/678/2703 794/679/2704 796/680/2705 797/681/2706
f 1785/3985/2707 786/2027/2708 788/2028/2709 789/2029/2710
f 786/3260/2711 790/3261/2712 793/3262/2713 788/3263/2714
f 792/3266/2715 1789/3990/2716 1784/3983/2717 789/3267/2718
f 789/2029/2719 788/2028/2720 794/2030/2721 795/2031/2722
f 788/3263/2723 793/3262/2724 796/3264/2725 794/3265/2726
f 793/2024/2727 792/2023/2728 797/2025/2729 796/2026/2730
f 792/3266/2731 789/3267/2732 795/3268/2733 797/3269/2734
f 790/3261/2735 786/3260/2736 1783/3984/2737 1790/3988/2738
f 801/2032/2739 802/2033/2740 1786/3986/2741 803/2034/2742
f 799/2037/2743 798/2038/2744 800/2039/2745 787/2040/2746
f 798/682/2747 801/683/2748 803/684/2749 800/685/2750
f 804/3270/2751 805/3271/2752 806/3272/2753 807/3273/2754
f 1787/3989/2755 802/689/2756 799/690/2757 1781/3981/2758
f 799/690/2759 802/689/2760 805/691/2761 804/692/2762
f 802/2033/2763 801/2032/2764 806/2035/2765 805/2036/2766
f 801/683/2767 798/682/2768 807/686/2769 806/687/2770
f 798/2038/2771 799/2037/2772 804/2041/2773 807/2042/2774
f 1782/3982/2775 800/685/2776 803/684/2777 791/688/2778
f 808/693/2779 809/694/2780 811/695/2781 810/696/2782
f 810/2043/2783 811/2044/2784 813/2045/2785 812/2046/2786
f 812/697/2787 813/698/2788 815/699/2789 814/700/2790
f 814/2047/2791 815/2048/2792 809/2049/2793 808/2050/2794
f 809/2049/2795 815/2048/2796 813/2051/2797 811/2052/2798
f 814/3274/2799 808/3275/2800 810/3276/2801 812/3277/2802
f 816/3278/2803 817/3279/2804 824/3280/2805 823/3281/2806
f 817/707/2807 818/701/2808 825/704/2809 824/708/2810
f 818/701/2811 819/702/2812 826/703/2813 825/704/2814
f 819/3288/2815 820/3289/2816 827/3290/2817 826/3291/2818
f 820/3289/2819 821/3292/2820 828/3293/2821 827/3290/2822
f 821/719/2823 822/720/2824 829/721/2825 828/722/2826
f 822/720/2827 816/723/2828 823/724/2829 829/721/2830
s 30
f 817/2053/2831 816/2054/2832 830/2055/2833
f 818/2057/2834 817/2053/2831 830/2055/2833
f 819/2059/2835 818/2057/2834 830/2055/2833
f 820/2060/2836 819/2059/2835 830/2055/2833
f 821/2058/2837 820/2060/2836 830/2055/2833
f 822/2056/2838 821/2058/2837 830/2055/2833
f 816/2054/2832 822/2056/2838 830/2055/2833
s 31
f 859/2061/2839 860/2062/2840 861/2063/2841
f 860/2062/2840 862/2064/2842 861/2063/2841
f 862/2064/2842 863/2066/2843 861/2063/2841
f 863/2066/2843 864/2068/2844 861/2063/2841
f 864/2068/2844 865/2067/2845 861/2063/2841
f 865/2067/2845 866/2065/2846 861/2063/2841
f 866/2065/2846 859/2061/2839 861/2063/2841
s off
f 823/3281/2847 824/3280/2848 832/3282/2849 831/3283/2850
f 824/708/2851 825/704/2852 833/706/2853 832/711/2854
f 825/704/2855 826/703/2856 834/705/2857 833/706/2858
f 826/3291/2859 827/3290/2860 835/3294/2861 834/3295/2862
f 827/3290/2863 828/3293/2864 836/3296/2865 835/3294/2866
f 828/722/2867 829/721/2868 837/725/2869 836/726/2870
f 829/721/2871 823/724/2872 831/727/2873 837/725/2874
f 831/3283/2875 832/3282/2876 839/3284/2877 838/3285/2878
f 832/711/2879 833/706/2880 840/710/2881 839/714/2882
f 833/706/2883 834/705/2884 841/709/2885 840/710/2886
f 834/3295/2887 835/3294/2888 842/3297/2889 841/3298/2890
f 835/3294/2891 836/3296/2892 843/3299/2893 842/3297/2894
f 836/726/2895 837/725/2896 844/728/2897 843/729/2898
f 837/725/2899 831/727/2900 838/730/2901 844/728/2902
f 838/3285/2903 839/3284/2904 846/3286/2905 845/3287/2906
f 839/714/2907 840/710/2908 847/713/2909 846/717/2910
f 840/710/2911 841/709/2912 848/712/2913 847/713/2914
f 841/3298/2915 842/3297/2916 849/3300/2917 848/3301/2918
f 842/3297/2919 843/3299/2920 850/3302/2921 849/3300/2922
f 843/729/2923 844/728/2924 851/731/2925 850/732/2926
f 844/728/2927 838/730/2928 845/733/2929 851/731/2930
f 845/2079/2931 846/2080/2932 853/2069/2933 852/2075/2934
f 846/717/2935 847/713/2936 854/716/2937 853/718/2938
f 847/713/2939 848/712/2940 855/715/2941 854/716/2942
f 848/3301/2943 849/3300/2944 856/3303/2945 855/3304/2946
f 849/3300/2947 850/3302/2948 857/3305/2949 856/3303/2950
f 850/732/2951 851/731/2952 858/734/2953 857/735/2954
f 851/731/2955 845/733/2956 852/736/2957 858/734/2958
f 852/2075/2959 853/2069/2960 860/2072/2961 859/2076/2962
f 853/2069/2963 854/2070/2964 862/2071/2965 860/2072/2966
f 854/2070/2967 855/2073/2968 863/2074/2969 862/2071/2970
f 855/2073/2971 856/2077/2972 864/2078/2973 863/2074/2974
f 856/2077/2975 857/2083/2976 865/2084/2977 864/2078/2978
f 857/2083/2979 858/2081/2980 866/2082/2981 865/2084/2982
f 858/2081/2983 852/2075/2984 859/2076/2985 866/2082/2986
f 871/2085/2987 872/2086/2988 873/2087/2989 874/2088/2990
f 870/3306/2991 869/3307/2992 874/3308/2993 873/3309/2994
f 868/2089/2995 867/2090/2996 869/2091/2997 870/2092/2998
f 867/737/2999 871/738/3000 874/739/3001 869/740/3002
f 868/3310/3003 872/3311/3004 871/3312/3005 867/3313/3006
f 873/741/3007 872/742/3008 868/743/3009 870/744/3010
f 879/2093/3011 1798/3997/3012 881/2094/3013 882/2095/3014
f 884/745/3015 883/746/3016 885/747/3017 886/748/3018
f 1795/3995/3019 875/2098/3020 877/2099/3021 878/2100/3022
f 875/3314/3023 879/3315/3024 882/3316/3025 877/3317/3026
f 881/3320/3027 1799/4000/3028 1794/3993/3029 878/3321/3030
f 878/2100/3031 877/2099/3032 883/2101/3033 884/2102/3034
f 877/3317/3035 882/3316/3036 885/3318/3037 883/3319/3038
f 882/2095/3039 881/2094/3040 886/2096/3041 885/2097/3042
f 881/3320/3043 878/3321/3044 884/3322/3045 886/3323/3046
f 879/3315/3047 875/3314/3048 1793/3994/3049 1800/3998/3050
f 890/2103/3051 891/2104/3052 1796/3996/3053 892/2105/3054
f 888/2108/3055 887/2109/3056 889/2110/3057 876/2111/3058
f 887/749/3059 890/750/3060 892/751/3061 889/752/3062
f 893/3324/3063 894/3325/3064 895/3326/3065 896/3327/3066
f 1797/3999/3067 891/756/3068 888/757/3069 1791/3991/3070
f 888/757/3071 891/756/3072 894/758/3073 893/759/3074
f 891/2104/3075 890/2103/3076 895/2106/3077 894/2107/3078
f 890/750/3079 887/749/3080 896/753/3081 895/754/3082
f 887/2109/3083 888/2108/3084 893/2112/3085 896/2113/3086
f 1792/3992/3087 889/752/3088 892/751/3089 880/755/3090
f 897/760/3091 898/761/3092 905/762/3093 904/763/3094
f 898/761/3095 899/764/3096 906/765/3097 905/762/3098
f 899/3328/3099 900/3329/3100 907/3330/3101 906/3331/3102
f 900/786/3103 901/787/3104 908/788/3105 907/789/3106
f 901/787/3107 902/790/3108 909/791/3109 908/788/3110
f 902/3340/3111 903/3341/3112 910/3342/3113 909/3343/3114
f 903/768/3115 897/760/3116 904/763/3117 910/769/3118
s 32
f 898/2114/3119 897/2115/3120 911/2116/3121
f 899/2118/3122 898/2114/3119 911/2116/3121
f 900/2120/3123 899/2118/3122 911/2116/3121
f 901/2121/3124 900/2120/3123 911/2116/3121
f 902/2119/3125 901/2121/3124 911/2116/3121
f 903/2117/3126 902/2119/3125 911/2116/3121
f 897/2115/3120 903/2117/3126 911/2116/3121
s 33
f 940/2122/3127 941/2123/3128 942/2124/3129
f 941/2123/3128 943/2125/3130 942/2124/3129
f 943/2125/3130 944/2127/3131 942/2124/3129
f 944/2127/3131 945/2129/3132 942/2124/3129
f 945/2129/3132 946/2128/3133 942/2124/3129
f 946/2128/3133 947/2126/3134 942/2124/3129
f 947/2126/3134 940/2122/3127 942/2124/3129
s off
f 904/763/3135 905/762/3136 913/766/3137 912/767/3138
f 905/762/3139 906/765/3140 914/770/3141 913/766/3142
f 906/3331/3143 907/3330/3144 915/3332/3145 914/3333/3146
f 907/789/3147 908/788/3148 916/792/3149 915/793/3150
f 908/788/3151 909/791/3152 917/794/3153 916/792/3154
f 909/3343/3155 910/3342/3156 918/3344/3157 917/3345/3158
f 910/769/3159 904/763/3160 912/767/3161 918/773/3162
f 912/767/3163 913/766/3164 920/771/3165 919/772/3166
f 913/766/3167 914/770/3168 921/774/3169 920/771/3170
f 914/3333/3171 915/3332/3172 922/3334/3173 921/3335/3174
f 915/793/3175 916/792/3176 923/795/3177 922/796/3178
f 916/792/3179 917/794/3180 924/797/3181 923/795/3182
f 917/3345/3183 918/3344/3184 925/3346/3185 924/3347/3186
f 918/773/3187 912/767/3188 919/772/3189 925/777/3190
f 919/772/3191 920/771/3192 927/775/3193 926/776/3194
f 920/771/3195 921/774/3196 928/778/3197 927/775/3198
f 921/3335/3199 922/3334/3200 929/3336/3201 928/3337/3202
f 922/796/3203 923/795/3204 930/798/3205 929/799/3206
f 923/795/3207 924/797/3208 931/800/3209 930/798/3210
f 924/3347/3211 925/3346/3212 932/3348/3213 931/3349/3214
f 925/777/3215 919/772/3216 926/776/3217 932/781/3218
f 926/776/3219 927/775/3220 934/779/3221 933/780/3222
f 927/775/3223 928/778/3224 935/782/3225 934/779/3226
f 928/3337/3227 929/3336/3228 936/3338/3229 935/3339/3230
f 929/799/3231 930/798/3232 937/801/3233 936/802/3234
f 930/798/3235 931/800/3236 938/803/3237 937/801/3238
f 931/2142/3239 932/2143/3240 939/2136/3241 938/2140/3242
f 932/781/3243 926/776/3244 933/780/3245 939/785/3246
f 933/780/3247 934/779/3248 941/783/3249 940/784/3250
f 934/2130/3251 935/2131/3252 943/2132/3253 941/2133/3254
f 935/2131/3255 936/2134/3256 944/2135/3257 943/2132/3258
f 936/802/3259 937/801/3260 945/804/3261 944/805/3262
f 937/801/3263 938/803/3264 946/806/3265 945/804/3266
f 938/2140/3267 939/2136/3268 947/2139/3269 946/2141/3270
f 939/2136/3271 933/2137/3272 940/2138/3273 947/2139/3274
f 948/3350/3275 949/3351/3276 951/3352/3277 950/3353/3278
f 950/2144/3279 951/2145/3280 953/2146/3281 952/2147/3282
f 952/3354/3283 953/3355/3284 955/3356/3285 954/3357/3286
f 954/2148/3287 955/2149/3288 949/2150/3289 948/2151/3290
f 949/807/3291 955/808/3292 953/809/3293 951/810/3294
f 954/811/3295 948/812/3296 950/813/3297 952/814/3298
f 960/3358/3299 961/3359/3300 962/3360/3301 963/3361/3302
f 965/2152/3303 964/2153/3304 966/2154/3305 967/2155/3306
f 957/3366/3307 956/3367/3308 958/3368/3309 959/3369/3310
f 956/815/3311 960/816/3312 963/817/3313 958/818/3314
f 968/2158/3315 969/2159/3316 970/2160/3317 971/2161/3318
f 962/823/3319 961/824/3320 957/825/3321 959/826/3322
f 959/3369/3323 958/3368/3324 964/3372/3325 965/3373/3326
f 958/818/3327 963/817/3328 966/821/3329 964/822/3330
f 963/3361/3331 962/3360/3332 967/3364/3333 966/3365/3334
f 962/2156/3335 959/2157/3336 965/2152/3337 967/2155/3338
f 957/825/3339 961/824/3340 969/827/3341 968/828/3342
f 961/3359/3343 960/3358/3344 970/3362/3345 969/3363/3346
f 960/816/3347 956/815/3348 971/819/3349 970/820/3350
f 956/3367/3351 957/3366/3352 968/3370/3353 971/3371/3354
f 972/829/3355 973/830/3356 980/831/3357 979/832/3358
f 973/830/3359 974/833/3360 981/834/3361 980/831/3362
f 974/3374/3363 975/3375/3364 982/3376/3365 981/3377/3366
f 975/855/3367 976/856/3368 983/857/3369 982/858/3370
f 976/856/3371 977/859/3372 984/860/3373 983/857/3374
f 977/3386/3375 978/3387/3376 985/3388/3377 984/3389/3378
f 978/837/3379 972/829/3380 979/832/3381 985/838/3382
s 34
f 973/2162/3383 972/2163/3384 986/2164/3385
f 974/2166/3386 973/2162/3383 986/2164/3385
f 975/2168/3387 974/2166/3386 986/2164/3385
f 976/2169/3388 975/2168/3387 986/2164/3385
f 977/2167/3389 976/2169/3388 986/2164/3385
f 978/2165/3390 977/2167/3389 986/2164/3385
f 972/2163/3384 978/2165/3390 986/2164/3385
s 35
f 1015/2170/3391 1016/2171/3392 1017/2172/3393
f 1016/2171/3392 1018/2173/3394 1017/2172/3393
f 1018/2173/3394 1019/2175/3395 1017/2172/3393
f 1019/2175/3395 1020/2177/3396 1017/2172/3393
f 1020/2177/3396 1021/2176/3397 1017/2172/3393
f 1021/2176/3397 1022/2174/3398 1017/2172/3393
f 1022/2174/3398 1015/2170/3391 1017/2172/3393
s off
f 979/832/3399 980/831/3400 988/835/3401 987/836/3402
f 980/831/3403 981/834/3404 989/839/3405 988/835/3406
f 981/3377/3407 982/3376/3408 990/3378/3409 989/3379/3410
f 982/858/3411 983/857/3412 991/861/3413 990/862/3414
f 983/857/3415 984/860/3416 992/863/3417 991/861/3418
f 984/3389/3419 985/3388/3420 993/3390/3421 992/3391/3422
f 985/838/3423 979/832/3424 987/836/3425 993/842/3426
f 987/836/3427 988/835/3428 995/840/3429 994/841/3430
f 988/835/3431 989/839/3432 996/843/3433 995/840/3434
f 989/3379/3435 990/3378/3436 997/3380/3437 996/3381/3438
f 990/862/3439 991/861/3440 998/864/3441 997/865/3442
f 991/861/3443 992/863/3444 999/866/3445 998/864/3446
f 992/3391/3447 993/3390/3448 1000/3392/3449 999/3393/3450
f 993/842/3451 987/836/3452 994/841/3453 1000/846/3454
f 994/841/3455 995/840/3456 1002/844/3457 1001/845/3458
f 995/840/3459 996/843/3460 1003/847/3461 1002/844/3462
f 996/3381/3463 997/3380/3464 1004/3382/3465 1003/3383/3466
f 997/865/3467 998/864/3468 1005/867/3469 1004/868/3470
f 998/864/3471 999/866/3472 1006/869/3473 1005/867/3474
f 999/3393/3475 1000/3392/3476 1007/3394/3477 1006/3395/3478
f 1000/846/3479 994/841/3480 1001/845/3481 1007/850/3482
f 1001/845/3483 1002/844/3484 1009/848/3485 1008/849/3486
f 1002/844/3487 1003/847/3488 1010/851/3489 1009/848/3490
f 1003/3383/3491 1004/3382/3492 1011/3384/3493 1010/3385/3494
f 1004/868/3495 1005/867/3496 1012/870/3497 1011/871/3498
f 1005/867/3499 1006/869/3500 1013/872/3501 1012/870/3502
f 1006/2190/3503 1007/2191/3504 1014/2188/3505 1013/2185/3506
f 1007/850/3507 1001/845/3508 1008/849/3509 1014/854/3510
f 1008/849/3511 1009/848/3512 1016/852/3513 1015/853/3514
f 1009/2178/3515 1010/2179/3516 1018/2180/3517 1016/2181/3518
f 1010/2179/3519 1011/2182/3520 1019/2183/3521 1018/2180/3522
f 1011/871/3523 1012/870/3524 1020/873/3525 1019/874/3526
f 1012/2184/3527 1013/2185/3528 1021/2186/3529 1020/2187/3530
f 1013/2185/3531 1014/2188/3532 1022/2189/3533 1021/2186/3534
f 1014/2188/3535 1008/2192/3536 1015/2193/3537 1022/2189/3538
f 1027/2198/3539 1028/2195/3540 1029/2194/3541 1030/2199/3542
f 1026/3865/3543 1025/3864/3544 1030/3863/3545 1029/3866/3546
f 1024/3925/3547 1023/3926/3548 1025/3927/3549 1026/3928/3550
f 1023/3862/3551 1027/3861/3552 1030/3863/3553 1025/3864/3554
f 1024/3859/3555 1028/3860/3556 1027/3861/3557 1023/3862/3558
f 1032/3396/3559 1031/3397/3560 1033/3398/3561 1034/3399/3562
f 1029/2194/3563 1028/2195/3564 1031/2196/3565 1032/2197/3566
f 1028/3414/3567 1024/3404/3568 1033/3410/3569 1031/3415/3570
f 1036/3402/3571 1035/3403/3572 1037/3401/3573 1038/3400/3574
f 1026/3405/3575 1029/3412/3576 1032/3413/3577 1034/3408/3578
f 1024/3404/3579 1026/3405/3580 1035/3406/3581 1036/3407/3582
f 1026/3405/3583 1034/3408/3584 1037/3409/3585 1035/3406/3586
f 1034/3399/3587 1033/3398/3588 1038/3400/3589 1037/3401/3590
f 1033/3410/3591 1024/3404/3592 1036/3407/3593 1038/3411/3594
f 1043/2204/3595 1044/2201/3596 1045/2200/3597 1046/2205/3598
f 1042/3867/3599 1041/3868/3600 1046/3869/3601 1045/3870/3602
f 1040/3909/3603 1039/3910/3604 1041/3911/3605 1042/3912/3606
f 1039/3871/3607 1043/3872/3608 1046/3869/3609 1041/3868/3610
f 1040/3873/3611 1044/3874/3612 1043/3872/3613 1039/3871/3614
f 1048/3416/3615 1047/3417/3616 1049/3418/3617 1050/3419/3618
f 1045/2200/3619 1044/2201/3620 1047/2202/3621 1048/2203/3622
f 1044/3434/3623 1040/3424/3624 1049/3430/3625 1047/3435/3626
f 1052/3422/3627 1051/3423/3628 1053/3421/3629 1054/3420/3630
f 1042/3425/3631 1045/3432/3632 1048/3433/3633 1050/3428/3634
f 1040/3424/3635 1042/3425/3636 1051/3426/3637 1052/3427/3638
f 1042/3425/3639 1050/3428/3640 1053/3429/3641 1051/3426/3642
f 1050/3419/3643 1049/3418/3644 1054/3420/3645 1053/3421/3646
f 1049/3430/3647 1040/3424/3648 1052/3427/3649 1054/3431/3650
f 1059/875/3651 1060/876/3652 1061/877/3653 1062/878/3654
f 1064/2206/3655 1063/2207/3656 1065/2208/3657 1066/2209/3658
f 1056/883/3659 1055/884/3660 1057/885/3661 1058/886/3662
f 1055/3436/3663 1059/3437/3664 1062/3438/3665 1057/3439/3666
f 1067/2212/3667 1068/2213/3668 1069/2214/3669 1070/2215/3670
f 1061/3444/3671 1060/3445/3672 1056/3446/3673 1058/3447/3674
f 1058/886/3675 1057/885/3676 1063/889/3677 1064/890/3678
f 1057/3439/3679 1062/3438/3680 1065/3442/3681 1063/3443/3682
f 1062/878/3683 1061/877/3684 1066/881/3685 1065/882/3686
f 1061/2210/3687 1058/2211/3688 1064/2206/3689 1066/2209/3690
f 1056/3446/3691 1060/3445/3692 1068/3448/3693 1067/3449/3694
f 1060/876/3695 1059/875/3696 1069/879/3697 1068/880/3698
f 1059/3437/3699 1055/3436/3700 1070/3440/3701 1069/3441/3702
f 1055/884/3703 1056/883/3704 1067/887/3705 1070/888/3706
f 1075/2216/3707 1076/2217/3708 1077/2218/3709 1078/2219/3710
f 1074/891/3711 1073/892/3712 1078/893/3713 1077/894/3714
f 1072/2220/3715 1071/2221/3716 1073/2222/3717 1074/2223/3718
f 1071/3450/3719 1075/3451/3720 1078/3452/3721 1073/3453/3722
f 1072/895/3723 1076/896/3724 1075/897/3725 1071/898/3726
f 1077/3454/3727 1076/3455/3728 1072/3456/3729 1074/3457/3730
f 1083/2228/3731 1084/2225/3732 1085/2224/3733 1086/2229/3734
f 1082/3875/3735 1081/3876/3736 1086/3877/3737 1085/3878/3738
f 1080/3883/3739 1079/3884/3740 1081/3885/3741 1082/3886/3742
f 1079/3879/3743 1083/3880/3744 1086/3877/3745 1081/3876/3746
f 1080/3881/3747 1084/3882/3748 1083/3880/3749 1079/3879/3750
f 1088/899/3751 1087/900/3752 1089/901/3753 1090/902/3754
f 1085/2224/3755 1084/2225/3756 1087/2226/3757 1088/2227/3758
f 1084/917/3759 1080/907/3760 1089/913/3761 1087/918/3762
f 1092/905/3763 1091/906/3764 1093/904/3765 1094/903/3766
f 1082/908/3767 1085/915/3768 1088/916/3769 1090/911/3770
f 1080/907/3771 1082/908/3772 1091/909/3773 1092/910/3774
f 1082/908/3775 1090/911/3776 1093/912/3777 1091/909/3778
f 1090/902/3779 1089/901/3780 1094/903/3781 1093/904/3782
f 1089/913/3783 1080/907/3784 1092/910/3785 1094/914/3786
f 1099/3458/3787 1100/3459/3788 1101/3460/3789 1102/3461/3790
f 1104/2230/3791 1103/2231/3792 1105/2232/3793 1106/2233/3794
f 1096/3466/3795 1095/3467/3796 1097/3468/3797 1098/3469/3798
f 1095/919/3799 1099/920/3800 1102/921/3801 1097/922/3802
f 1107/2236/3803 1108/2237/3804 1109/2238/3805 1110/2239/3806
f 1101/927/3807 1100/928/3808 1096/929/3809 1098/930/3810
f 1098/3469/3811 1097/3468/3812 1103/3472/3813 1104/3473/3814
f 1097/922/3815 1102/921/3816 1105/925/3817 1103/926/3818
f 1102/3461/3819 1101/3460/3820 1106/3464/3821 1105/3465/3822
f 1101/2234/3823 1098/2235/3824 1104/2230/3825 1106/2233/3826
f 1096/929/3827 1100/928/3828 1108/931/3829 1107/932/3830
f 1100/3459/3831 1099/3458/3832 1109/3462/3833 1108/3463/3834
f 1099/920/3835 1095/919/3836 1110/923/3837 1109/924/3838
f 1095/3467/3839 1096/3466/3840 1107/3470/3841 1110/3471/3842
s 36
f 1111/933/3843 1112/934/3844 1132/935/3845 1131/936/3846
f 1112/934/3844 1113/937/3847 1133/938/3848 1132/935/3845
f 1113/3474/3847 1114/3475/3849 1134/3476/3850 1133/3477/3848
f 1114/3475/3849 1115/3478/3851 1135/3479/3852 1134/3476/3850
f 1115/3478/3851 1116/3480/3853 1136/3481/3854 1135/3479/3852
f 1116/3480/3853 1117/3482/3855 1137/3483/3856 1136/3481/3854
f 1117/953/3855 1118/947/3857 1138/950/3858 1137/954/3856
f 1118/947/3857 1119/948/3859 1139/949/3860 1138/950/3858
f 1119/948/3859 1120/951/3861 1140/952/3862 1139/949/3860
f 1120/951/3861 1121/955/3863 1141/956/3864 1140/952/3862
f 1121/955/3863 1122/957/3865 1142/958/3866 1141/956/3864
f 1122/957/3865 1123/959/3867 1143/960/3868 1142/958/3866
f 1123/3484/3867 1124/3485/3869 1144/3486/3870 1143/3487/3868
f 1124/3485/3869 1125/3488/3871 1145/3489/3872 1144/3486/3870
f 1125/3488/3871 1126/3490/3873 1146/3491/3874 1145/3489/3872
f 1126/3490/3873 1127/3492/3875 1147/3493/3876 1146/3491/3874
f 1127/945/3875 1128/943/3877 1148/944/3878 1147/946/3876
f 1128/943/3877 1129/941/3879 1149/942/3880 1148/944/3878
f 1129/941/3879 1130/939/3881 1150/940/3882 1149/942/3880
f 1130/939/3881 1111/933/3843 1131/936/3846 1150/940/3882
s 37
f 1112/2240/3883 1111/2241/3884 1151/2242/3885
f 1113/2244/3886 1112/2240/3883 1151/2242/3885
f 1114/2246/3887 1113/2244/3886 1151/2242/3885
f 1115/2248/3888 1114/2246/3887 1151/2242/3885
f 1116/2250/3889 1115/2248/3888 1151/2242/3885
f 1117/2252/3890 1116/2250/3889 1151/2242/3885
f 1118/2254/3891 1117/2252/3890 1151/2242/3885
f 1119/2256/3892 1118/2254/3891 1151/2242/3885
f 1120/2258/3893 1119/2256/3892 1151/2242/3885
f 1121/2260/3894 1120/2258/3893 1151/2242/3885
f 1122/2259/3895 1121/2260/3894 1151/2242/3885
f 1123/2257/3896 1122/2259/3895 1151/2242/3885
f 1124/2255/3897 1123/2257/3896 1151/2242/3885
f 1125/2253/3898 1124/2255/3897 1151/2242/3885
f 1126/2251/3899 1125/2253/3898 1151/2242/3885
f 1127/2249/3900 1126/2251/3899 1151/2242/3885
f 1128/2247/3901 1127/2249/3900 1151/2242/3885
f 1129/2245/3902 1128/2247/3901 1151/2242/3885
f 1130/2243/3903 1129/2245/3902 1151/2242/3885
f 1111/2241/3884 1130/2243/3903 1151/2242/3885
s 38
f 1131/2261/3904 1132/2262/3905 1152/2263/3906
f 1132/2262/3905 1133/2264/3907 1152/2263/3906
f 1133/2264/3907 1134/2266/3908 1152/2263/3906
f 1134/2266/3908 1135/2268/3909 1152/2263/3906
f 1135/2268/3909 1136/2270/3910 1152/2263/3906
f 1136/2270/3910 1137/2272/3911 1152/2263/3906
f 1137/2272/3911 1138/2274/3912 1152/2263/3906
f 1138/2274/3912 1139/2276/3913 1152/2263/3906
f 1139/2276/3913 1140/2278/3914 1152/2263/3906
f 1140/2278/3914 1141/2280/3915 1152/2263/3906
f 1141/2280/3915 1142/2281/3916 1152/2263/3906
f 1142/2281/3916 1143/2279/3917 1152/2263/3906
f 1143/2279/3917 1144/2277/3918 1152/2263/3906
f 1144/2277/3918 1145/2275/3919 1152/2263/3906
f 1145/2275/3919 1146/2273/3920 1152/2263/3906
f 1146/2273/3920 1147/2271/3921 1152/2263/3906
f 1147/2271/3921 1148/2269/3922 1152/2263/3906
f 1148/2269/3922 1149/2267/3923 1152/2263/3906
f 1149/2267/3923 1150/2265/3924 1152/2263/3906
f 1150/2265/3924 1131/2261/3904 1152/2263/3906
s 39
f 1153/961/3925 1154/962/3926 1174/963/3927 1173/964/3928
f 1154/962/3926 1155/965/3929 1175/966/3930 1174/963/3927
f 1155/3494/3929 1156/3495/3931 1176/3496/3932 1175/3497/3930
f 1156/3495/3931 1157/3498/3933 1177/3499/3934 1176/3496/3932
f 1157/3498/3933 1158/3500/3935 1178/3501/3936 1177/3499/3934
f 1158/3500/3935 1159/3502/3937 1179/3503/3938 1178/3501/3936
f 1159/981/3937 1160/975/3939 1180/978/3940 1179/982/3938
f 1160/975/3939 1161/976/3941 1181/977/3942 1180/978/3940
f 1161/976/3941 1162/979/3943 1182/980/3944 1181/977/3942
f 1162/979/3943 1163/983/3945 1183/984/3946 1182/980/3944
f 1163/983/3945 1164/985/3947 1184/986/3948 1183/984/3946
f 1164/985/3947 1165/987/3949 1185/988/3950 1184/986/3948
f 1165/3504/3949 1166/3505/3951 1186/3506/3952 1185/3507/3950
f 1166/3505/3951 1167/3508/3953 1187/3509/3954 1186/3506/3952
f 1167/3508/3953 1168/3510/3955 1188/3511/3956 1187/3509/3954
f 1168/3510/3955 1169/3512/3957 1189/3513/3958 1188/3511/3956
f 1169/973/3957 1170/971/3959 1190/972/3960 1189/974/3958
f 1170/971/3959 1171/969/3961 1191/970/3962 1190/972/3960
f 1171/969/3961 1172/967/3963 1192/968/3964 1191/970/3962
f 1172/967/3963 1153/961/3925 1173/964/3928 1192/968/3964
s 40
f 1154/2282/3965 1153/2283/3966 1193/2284/3967
f 1155/2286/3968 1154/2282/3965 1193/2284/3967
f 1156/2288/3969 1155/2286/3968 1193/2284/3967
f 1157/2290/3970 1156/2288/3969 1193/2284/3967
f 1158/2292/3971 1157/2290/3970 1193/2284/3967
f 1159/2294/3972 1158/2292/3971 1193/2284/3967
f 1160/2296/3973 1159/2294/3972 1193/2284/3967
f 1161/2298/3974 1160/2296/3973 1193/2284/3967
f 1162/2300/3975 1161/2298/3974 1193/2284/3967
f 1163/2302/3976 1162/2300/3975 1193/2284/3967
f 1164/2301/3977 1163/2302/3976 1193/2284/3967
f 1165/2299/3978 1164/2301/3977 1193/2284/3967
f 1166/2297/3979 1165/2299/3978 1193/2284/3967
f 1167/2295/3980 1166/2297/3979 1193/2284/3967
f 1168/2293/3981 1167/2295/3980 1193/2284/3967
f 1169/2291/3982 1168/2293/3981 1193/2284/3967
f 1170/2289/3983 1169/2291/3982 1193/2284/3967
f 1171/2287/3984 1170/2289/3983 1193/2284/3967
f 1172/2285/3985 1171/2287/3984 1193/2284/3967
f 1153/2283/3966 1172/2285/3985 1193/2284/3967
s 41
f 1173/2303/3986 1174/2304/3987 1194/2305/3988
f 1174/2304/3987 1175/2306/3989 1194/2305/3988
f 1175/2306/3989 1176/2308/3990 1194/2305/3988
f 1176/2308/3990 1177/2310/3991 1194/2305/3988
f 1177/2310/3991 1178/2312/3992 1194/2305/3988
f 1178/2312/3992 1179/2314/3993 1194/2305/3988
f 1179/2314/3993 1180/2316/3994 1194/2305/3988
f 1180/2316/3994 1181/2318/3995 1194/2305/3988
f 1181/2318/3995 1182/2320/3996 1194/2305/3988
f 1182/2320/3996 1183/2322/3997 1194/2305/3988
f 1183/2322/3997 1184/2323/3998 1194/2305/3988
f 1184/2323/3998 1185/2321/3999 1194/2305/3988
f 1185/2321/3999 1186/2319/4000 1194/2305/3988
f 1186/2319/4000 1187/2317/4001 1194/2305/3988
f 1187/2317/4001 1188/2315/4002 1194/2305/3988
f 1188/2315/4002 1189/2313/4003 1194/2305/3988
f 1189/2313/4003 1190/2311/4004 1194/2305/3988
f 1190/2311/4004 1191/2309/4005 1194/2305/3988
f 1191/2309/4005 1192/2307/4006 1194/2305/3988
f 1192/2307/4006 1173/2303/3986 1194/2305/3988
s 42
f 1195/989/4007 1196/990/4008 1216/991/4009 1215/992/4010
f 1196/990/4008 1197/993/4011 1217/994/4012 1216/991/4009
f 1197/3514/4011 1198/3515/4013 1218/3516/4014 1217/3517/4012
f 1198/3515/4013 1199/3518/4015 1219/3519/4016 1218/3516/4014
f 1199/3518/4015 1200/3520/4017 1220/3521/4018 1219/3519/4016
f 1200/3520/4017 1201/3522/4019 1221/3523/4020 1220/3521/4018
f 1201/1009/4019 1202/1003/4021 1222/1006/4022 1221/1010/4020
f 1202/1003/4021 1203/1004/4023 1223/1005/4024 1222/1006/4022
f 1203/1004/4023 1204/1007/4025 1224/1008/4026 1223/1005/4024
f 1204/1007/4025 1205/1011/4027 1225/1012/4028 1224/1008/4026
f 1205/1011/4027 1206/1013/4029 1226/1014/4030 1225/1012/4028
f 1206/1013/4029 1207/1015/4031 1227/1016/4032 1226/1014/4030
f 1207/3524/4031 1208/3525/4033 1228/3526/4034 1227/3527/4032
f 1208/3525/4033 1209/3528/4035 1229/3529/4036 1228/3526/4034
f 1209/3528/4035 1210/3530/4037 1230/3531/4038 1229/3529/4036
f 1210/3530/4037 1211/3532/4039 1231/3533/4040 1230/3531/4038
f 1211/1001/4039 1212/999/4041 1232/1000/4042 1231/1002/4040
f 1212/999/4041 1213/997/4043 1233/998/4044 1232/1000/4042
f 1213/997/4043 1214/995/4045 1234/996/4046 1233/998/4044
f 1214/995/4045 1195/989/4007 1215/992/4010 1234/996/4046
s 43
f 1237/2324/4047 1236/2325/4048 1238/2326/4049
f 1239/2330/4050 1237/2324/4047 1238/2326/4049
f 1240/2334/4051 1239/2330/4050 1238/2326/4049
f 1241/2338/4052 1240/2334/4051 1238/2326/4049
f 1242/2342/4053 1241/2338/4052 1238/2326/4049
f 1243/2346/4054 1242/2342/4053 1238/2326/4049
f 1244/2350/4055 1243/2346/4054 1238/2326/4049
f 1245/2354/4056 1244/2350/4055 1238/2326/4049
f 1246/2358/4057 1245/2354/4056 1238/2326/4049
f 1247/2362/4058 1246/2358/4057 1238/2326/4049
f 1248/2361/4059 1247/2362/4058 1238/2326/4049
f 1249/2357/4060 1248/2361/4059 1238/2326/4049
f 1250/2353/4061 1249/2357/4060 1238/2326/4049
f 1251/2349/4062 1250/2353/4061 1238/2326/4049
f 1252/2345/4063 1251/2349/4062 1238/2326/4049
f 1253/2341/4064 1252/2345/4063 1238/2326/4049
f 1254/2337/4065 1253/2341/4064 1238/2326/4049
f 1255/2333/4066 1254/2337/4065 1238/2326/4049
f 1256/2329/4067 1255/2333/4066 1238/2326/4049
f 1236/2325/4048 1256/2329/4067 1238/2326/4049
s 44
f 1215/2365/4068 1216/2366/4069 1235/2367/4070
f 1216/2366/4069 1217/2368/4071 1235/2367/4070
f 1217/2368/4071 1218/2370/4072 1235/2367/4070
f 1218/2370/4072 1219/2372/4073 1235/2367/4070
f 1219/2372/4073 1220/2374/4074 1235/2367/4070
f 1220/2374/4074 1221/2376/4075 1235/2367/4070
f 1221/2376/4075 1222/2378/4076 1235/2367/4070
f 1222/2378/4076 1223/2380/4077 1235/2367/4070
f 1223/2380/4077 1224/2382/4078 1235/2367/4070
f 1224/2382/4078 1225/2384/4079 1235/2367/4070
f 1225/2384/4079 1226/2385/4080 1235/2367/4070
f 1226/2385/4080 1227/2383/4081 1235/2367/4070
f 1227/2383/4081 1228/2381/4082 1235/2367/4070
f 1228/2381/4082 1229/2379/4083 1235/2367/4070
f 1229/2379/4083 1230/2377/4084 1235/2367/4070
f 1230/2377/4084 1231/2375/4085 1235/2367/4070
f 1231/2375/4085 1232/2373/4086 1235/2367/4070
f 1232/2373/4086 1233/2371/4087 1235/2367/4070
f 1233/2371/4087 1234/2369/4088 1235/2367/4070
f 1234/2369/4088 1215/2365/4068 1235/2367/4070
s 45
f 1258/1017/4089 1257/1018/4090 1259/1019/4091 1260/1020/4092
f 1261/1023/4093 1258/1017/4089 1260/1020/4092 1262/1024/4094
f 1263/3534/4095 1261/3535/4093 1262/3536/4094 1264/3537/4096
f 1265/3538/4097 1263/3534/4095 1264/3537/4096 1266/3539/4098
f 1267/3540/4099 1265/3538/4097 1266/3539/4098 1268/3541/4100
f 1269/3542/4101 1267/3540/4099 1268/3541/4100 1270/3543/4102
f 1271/1032/4103 1269/1035/4101 1270/1036/4102 1272/1033/4104
f 1273/1031/4105 1271/1032/4103 1272/1033/4104 1274/1034/4106
f 1275/1037/4107 1273/1031/4105 1274/1034/4106 1276/1038/4108
f 1277/1039/4109 1275/1037/4107 1276/1038/4108 1278/1040/4110
f 1279/1041/4111 1277/1039/4109 1278/1040/4110 1280/1042/4112
f 1281/1043/4113 1279/1041/4111 1280/1042/4112 1282/1044/4114
f 1283/3544/4115 1281/3545/4113 1282/3546/4114 1284/3547/4116
f 1285/3548/4117 1283/3544/4115 1284/3547/4116 1286/3549/4118
f 1287/3550/4119 1285/3548/4117 1286/3549/4118 1288/3551/4120
f 1289/3552/4121 1287/3550/4119 1288/3551/4120 1290/3553/4122
f 1291/1027/4123 1289/1029/4121 1290/1030/4122 1292/1028/4124
f 1293/1025/4125 1291/1027/4123 1292/1028/4124 1294/1026/4126
f 1295/1021/4127 1293/1025/4125 1294/1026/4126 1296/1022/4128
f 1257/1018/4090 1295/1021/4127 1296/1022/4128 1259/1019/4091
s 46
f 1196/2386/4129 1195/2387/4130 1257/2388/4131 1258/2389/4132
s 43
f 1236/2325/4048 1237/2324/4047 1260/2327/4133 1259/2328/4134
s 46
f 1197/2392/4135 1196/2386/4129 1258/2389/4132 1261/2393/4136
s 43
f 1237/2324/4047 1239/2330/4050 1262/2331/4137 1260/2327/4133
s 46
f 1198/2396/4138 1197/2392/4135 1261/2393/4136 1263/2397/4139
s 43
f 1239/2330/4050 1240/2334/4051 1264/2335/4140 1262/2331/4137
s 46
f 1199/2400/4141 1198/2396/4138 1263/2397/4139 1265/2401/4142
s 43
f 1240/2334/4051 1241/2338/4052 1266/2339/4143 1264/2335/4140
s 46
f 1200/2404/4144 1199/2400/4141 1265/2401/4142 1267/2405/4145
s 43
f 1241/2338/4052 1242/2342/4053 1268/2343/4146 1266/2339/4143
s 46
f 1201/2408/4147 1200/2404/4144 1267/2405/4145 1269/2409/4148
s 43
f 1242/2342/4053 1243/2346/4054 1270/2347/4149 1268/2343/4146
s 46
f 1202/2412/4150 1201/2408/4147 1269/2409/4148 1271/2413/4151
s 43
f 1243/2346/4054 1244/2350/4055 1272/2351/4152 1270/2347/4149
s 46
f 1203/2416/4153 1202/2412/4150 1271/2413/4151 1273/2417/4154
s 43
f 1244/2350/4055 1245/2354/4056 1274/2355/4155 1272/2351/4152
s 46
f 1204/2420/4156 1203/2416/4153 1273/2417/4154 1275/2421/4157
s 43
f 1245/2354/4056 1246/2358/4057 1276/2359/4158 1274/2355/4155
s 46
f 1205/2424/4159 1204/2420/4156 1275/2421/4157 1277/2425/4160
s 43
f 1246/2358/4057 1247/2362/4058 1278/2363/4161 1276/2359/4158
s 46
f 1206/2422/4162 1205/2424/4159 1277/2425/4160 1279/2423/4163
s 43
f 1247/2362/4058 1248/2361/4059 1280/2364/4164 1278/2363/4161
s 46
f 1207/2418/4165 1206/2422/4162 1279/2423/4163 1281/2419/4166
s 43
f 1248/2361/4059 1249/2357/4060 1282/2360/4167 1280/2364/4164
s 46
f 1208/2414/4168 1207/2418/4165 1281/2419/4166 1283/2415/4169
s 43
f 1249/2357/4060 1250/2353/4061 1284/2356/4170 1282/2360/4167
s 46
f 1209/2410/4171 1208/2414/4168 1283/2415/4169 1285/2411/4172
s 43
f 1250/2353/4061 1251/2349/4062 1286/2352/4173 1284/2356/4170
s 46
f 1210/2406/4174 1209/2410/4171 1285/2411/4172 1287/2407/4175
s 43
f 1251/2349/4062 1252/2345/4063 1288/2348/4176 1286/2352/4173
s 46
f 1211/2402/4177 1210/2406/4174 1287/2407/4175 1289/2403/4178
s 43
f 1252/2345/4063 1253/2341/4064 1290/2344/4179 1288/2348/4176
s 46
f 1212/2398/4180 1211/2402/4177 1289/2403/4178 1291/2399/4181
s 43
f 1253/2341/4064 1254/2337/4065 1292/2340/4182 1290/2344/4179
s 46
f 1213/2394/4183 1212/2398/4180 1291/2399/4181 1293/2395/4184
s 43
f 1254/2337/4065 1255/2333/4066 1294/2336/4185 1292/2340/4182
s 46
f 1214/2390/4186 1213/2394/4183 1293/2395/4184 1295/2391/4187
s 43
f 1255/2333/4066 1256/2329/4067 1296/2332/4188 1294/2336/4185
s 46
f 1195/2387/4130 1214/2390/4186 1295/2391/4187 1257/2388/4131
s 43
f 1256/2329/4067 1236/2325/4048 1259/2328/4134 1296/2332/4188
s 47
f 1297/1045/4189 1298/1046/4190 1375/1047/4191 1376/1048/4192
f 1298/1046/4190 1299/1049/4193 1374/1050/4194 1375/1047/4191
f 1299/2426/4193 1300/2427/4195 1373/2428/4196 1374/2429/4194
f 1300/2427/4195 1301/2430/4197 1372/2431/4198 1373/2428/4196
f 1301/2430/4197 1302/2434/4199 1371/2435/4200 1372/2431/4198
f 1302/2434/4199 1303/2439/4201 1370/2440/4202 1371/2435/4200
f 1303/1081/4201 1304/1073/4203 1369/1076/4204 1370/1082/4202
f 1304/1073/4203 1305/1074/4205 1368/1075/4206 1369/1076/4204
f 1305/1074/4205 1306/1077/4207 1367/1078/4208 1368/1075/4206
f 1306/1077/4207 1307/1083/4209 1366/1084/4210 1367/1078/4208
f 1307/1083/4209 1308/1089/4211 1365/1090/4212 1366/1084/4210
f 1308/1089/4211 1309/1094/4213 1364/1095/4214 1365/1090/4212
f 1309/2446/4213 1310/2447/4215 1363/2448/4216 1364/2449/4214
f 1310/2447/4215 1311/2450/4217 1362/2451/4218 1363/2448/4216
f 1311/2450/4217 1312/2454/4219 1361/2455/4220 1362/2451/4218
f 1312/2454/4219 1313/2459/4221 1360/2460/4222 1361/2455/4220
f 1313/1068/4221 1314/1064/4223 1359/1065/4224 1360/1069/4222
f 1314/1064/4223 1315/1059/4225 1378/1060/4226 1359/1065/4224
f 1315/1059/4225 1316/1053/4227 1377/1054/4228 1378/1060/4226
f 1316/1053/4227 1297/1045/4189 1376/1048/4192 1377/1054/4228
s 48
f 1298/3554/4229 1297/3555/4230 1337/3556/4231
f 1299/3558/4232 1298/3554/4229 1337/3556/4231
f 1300/3560/4233 1299/3558/4232 1337/3556/4231
f 1301/3562/4234 1300/3560/4233 1337/3556/4231
f 1302/3564/4235 1301/3562/4234 1337/3556/4231
f 1303/3566/4236 1302/3564/4235 1337/3556/4231
f 1304/3568/4237 1303/3566/4236 1337/3556/4231
f 1305/3570/4238 1304/3568/4237 1337/3556/4231
f 1306/3572/4239 1305/3570/4238 1337/3556/4231
f 1307/3574/4240 1306/3572/4239 1337/3556/4231
f 1308/3573/4241 1307/3574/4240 1337/3556/4231
f 1309/3571/4242 1308/3573/4241 1337/3556/4231
f 1310/3569/4243 1309/3571/4242 1337/3556/4231
f 1311/3567/4244 1310/3569/4243 1337/3556/4231
f 1312/3565/4245 1311/3567/4244 1337/3556/4231
f 1313/3563/4246 1312/3565/4245 1337/3556/4231
f 1314/3561/4247 1313/3563/4246 1337/3556/4231
f 1315/3559/4248 1314/3561/4247 1337/3556/4231
f 1316/3557/4249 1315/3559/4248 1337/3556/4231
f 1297/3555/4230 1316/3557/4249 1337/3556/4231
s 49
f 1317/3575/4250 1318/3576/4251 1338/3577/4252
f 1318/3576/4251 1319/3578/4253 1338/3577/4252
f 1319/3578/4253 1320/3580/4254 1338/3577/4252
f 1320/3580/4254 1321/3582/4255 1338/3577/4252
f 1321/3582/4255 1322/3584/4256 1338/3577/4252
f 1322/3584/4256 1323/3586/4257 1338/3577/4252
f 1323/3586/4257 1324/3588/4258 1338/3577/4252
f 1324/3588/4258 1325/3590/4259 1338/3577/4252
f 1325/3590/4259 1326/3592/4260 1338/3577/4252
f 1326/3592/4260 1327/3594/4261 1338/3577/4252
f 1327/3594/4261 1328/3595/4262 1338/3577/4252
f 1328/3595/4262 1329/3593/4263 1338/3577/4252
f 1329/3593/4263 1330/3591/4264 1338/3577/4252
f 1330/3591/4264 1331/3589/4265 1338/3577/4252
f 1331/3589/4265 1332/3587/4266 1338/3577/4252
f 1332/3587/4266 1333/3585/4267 1338/3577/4252
f 1333/3585/4267 1334/3583/4268 1338/3577/4252
f 1334/3583/4268 1335/3581/4269 1338/3577/4252
f 1335/3581/4269 1336/3579/4270 1338/3577/4252
f 1336/3579/4270 1317/3575/4250 1338/3577/4252
s 47
f 1340/1071/4271 1339/1067/4272 1334/1070/4273 1333/1072/4274
f 1341/2461/4275 1340/2463/4271 1333/2465/4274 1332/2464/4276
f 1342/2456/4277 1341/2461/4275 1332/2464/4276 1331/2462/4278
f 1343/2452/4279 1342/2456/4277 1331/2462/4278 1330/2457/4280
f 1344/2453/4281 1343/2452/4279 1330/2457/4280 1329/2458/4282
f 1345/1096/4283 1344/1098/4281 1329/1100/4282 1328/1099/4284
f 1346/1091/4285 1345/1096/4283 1328/1099/4284 1327/1097/4286
f 1347/1085/4287 1346/1091/4285 1327/1097/4286 1326/1092/4288
f 1348/1079/4289 1347/1085/4287 1326/1092/4288 1325/1086/4290
f 1349/1080/4291 1348/1079/4289 1325/1086/4290 1324/1087/4292
f 1350/1088/4293 1349/1080/4291 1324/1087/4292 1323/1093/4294
f 1351/2441/4295 1350/2443/4293 1323/2445/4294 1322/2444/4296
f 1352/2436/4297 1351/2441/4295 1322/2444/4296 1321/2442/4298
f 1353/2432/4299 1352/2436/4297 1321/2442/4298 1320/2437/4300
f 1354/2433/4301 1353/2432/4299 1320/2437/4300 1319/2438/4302
f 1355/1051/4303 1354/1055/4301 1319/1061/4302 1318/1056/4304
f 1356/1052/4305 1355/1051/4303 1318/1056/4304 1317/1057/4306
f 1357/1058/4307 1356/1052/4305 1317/1057/4306 1336/1062/4308
f 1358/1063/4309 1357/1058/4307 1336/1062/4308 1335/1066/4310
f 1339/1067/4272 1358/1063/4309 1335/1066/4310 1334/1070/4273
f 1360/1069/4222 1359/1065/4224 1339/1067/4272 1340/1071/4271
f 1361/2455/4220 1360/2460/4222 1340/2463/4271 1341/2461/4275
f 1362/2451/4218 1361/2455/4220 1341/2461/4275 1342/2456/4277
f 1363/2448/4216 1362/2451/4218 1342/2456/4277 1343/2452/4279
f 1364/2449/4214 1363/2448/4216 1343/2452/4279 1344/2453/4281
f 1365/1090/4212 1364/1095/4214 1344/1098/4281 1345/1096/4283
f 1366/1084/4210 1365/1090/4212 1345/1096/4283 1346/1091/4285
f 1367/1078/4208 1366/1084/4210 1346/1091/4285 1347/1085/4287
f 1368/1075/4206 1367/1078/4208 1347/1085/4287 1348/1079/4289
f 1369/1076/4204 1368/1075/4206 1348/1079/4289 1349/1080/4291
f 1370/1082/4202 1369/1076/4204 1349/1080/4291 1350/1088/4293
f 1371/2435/4200 1370/2440/4202 1350/2443/4293 1351/2441/4295
f 1372/2431/4198 1371/2435/4200 1351/2441/4295 1352/2436/4297
f 1373/2428/4196 1372/2431/4198 1352/2436/4297 1353/2432/4299
f 1374/2429/4194 1373/2428/4196 1353/2432/4299 1354/2433/4301
f 1375/1047/4191 1374/1050/4194 1354/1055/4301 1355/1051/4303
f 1376/1048/4192 1375/1047/4191 1355/1051/4303 1356/1052/4305
f 1377/1054/4228 1376/1048/4192 1356/1052/4305 1357/1058/4307
f 1378/1060/4226 1377/1054/4228 1357/1058/4307 1358/1063/4309
f 1359/1065/4224 1378/1060/4226 1358/1063/4309 1339/1067/4272
s off
f 1384/3596/4311 1386/3599/4312 1385/3598/4313 1383/3597/4314
s 50
f 1404/2466/4315 1406/2469/4316 1405/2468/4317 1403/2467/4318
s 51
f 1381/1101/4319 1383/1104/4320 1385/1103/4321 1379/1102/4322
s off
f 1379/2478/4323 1385/2481/4324 1386/2480/4325 1380/2479/4326
s 52
f 1380/1121/4327 1386/1124/4328 1384/1123/4329 1382/1122/4330
s off
f 1380/3600/4331 1388/3603/4332 1387/3602/4333 1379/3601/4334
f 1399/3604/4335 1402/3607/4336 1401/3606/4337 1400/3605/4338
f 1388/2482/4339 1391/2485/4340 1392/2484/4341 1387/2483/4342
s 51
f 1387/1113/4343 1392/1120/4344 1393/1119/4345 1389/1117/4346
s 54
f 1389/2486/4347 1393/2489/4348 1394/2488/4349 1390/2487/4350
s 52
f 1390/1134/4351 1394/1139/4352 1391/1138/4353 1388/1129/4354
s off
f 1391/3608/4355 1395/3611/4356 1396/3610/4357 1392/3609/4358
f 1392/3609/4359 1396/3610/4360 1397/3613/4361 1393/3612/4362
f 1393/3612/4363 1397/3613/4364 1398/3615/4365 1394/3614/4366
f 1394/3614/4367 1398/3615/4368 1395/3611/4369 1391/3608/4370
f 1395/2494/4371 1399/2497/4372 1400/2496/4373 1396/2495/4374
f 1396/1141/4375 1400/1144/4376 1401/1143/4377 1397/1142/4378
f 1397/2498/4379 1401/2501/4380 1402/2500/4381 1398/2499/4382
f 1398/1145/4383 1402/1148/4384 1399/1147/4385 1395/1146/4386
s 51
f 1381/1101/4319 1403/1108/4387 1405/1107/4388 1383/1104/4389
s off
f 1411/3616/4390 1414/3619/4391 1413/3618/4392 1412/3617/4393
s 52
f 1384/1123/4394 1406/1128/4395 1404/1127/4396 1382/1122/4330
s off
f 1383/2502/4397 1407/2505/4398 1408/2504/4399 1384/2503/4400
f 1415/1149/4401 1418/1152/4402 1417/1151/4403 1416/1150/4404
f 1406/2469/4405 1409/2473/4406 1410/2472/4407 1405/2468/4408
f 1420/1153/4409 1422/1156/4410 1421/1155/4411 1419/1154/4412
f 1407/2505/4413 1411/2507/4414 1412/2506/4415 1408/2504/4416
f 1408/1157/4417 1412/1160/4418 1413/1159/4419 1409/1158/4420
f 1409/2473/4421 1413/2477/4422 1414/2476/4423 1410/2472/4424
f 1410/1161/4425 1414/1164/4426 1411/1163/4427 1407/1162/4428
f 1384/3620/4429 1415/3623/4430 1416/3622/4431 1406/3621/4432
f 1406/2508/4433 1416/2511/4434 1417/2510/4435 1409/2509/4436
f 1409/3624/4437 1417/3627/4438 1418/3626/4439 1408/3625/4440
f 1408/2512/4441 1418/2515/4442 1415/2514/4443 1384/2513/4444
f 1405/3628/4445 1420/3631/4446 1419/3630/4447 1383/3629/4448
f 1383/2516/4449 1419/2519/4450 1421/2518/4451 1407/2517/4452
f 1407/3632/4453 1421/3635/4454 1422/3634/4455 1410/3633/4456
f 1410/2520/4457 1422/2523/4458 1420/2522/4459 1405/2521/4460
s 58
f 1423/1106/4461 1424/1110/4462 1432/1115/4463 1431/1112/4464
f 1424/1110/4462 1423/1106/4461 1426/1105/4465 1425/1111/4466
f 1425/1111/4466 1426/1105/4465 1440/1109/4467 1439/1114/4468
s 59
f 1427/1131/4469 1428/1125/4470 1434/1130/4471 1433/1136/4472
f 1428/1125/4470 1427/1131/4469 1430/1132/4473 1429/1126/4474
f 1429/1126/4474 1430/1132/4473 1442/1137/4475 1441/1133/4476
s off
f 1431/1112/4477 1435/1116/4478 1436/1118/4479 1432/1115/4480
f 1433/1136/4481 1437/1140/4482 1438/1135/4483 1434/1130/4484
f 1435/2490/4485 1438/2491/4486 1437/2493/4487 1436/2492/4488
f 1439/2474/4489 1440/2470/4490 1441/2471/4491 1442/2475/4492
s 50
f 1440/2470/4493 1441/2471/4494 1404/2466/4315 1403/2467/4318
s 52
f 1380/1121/4327 1382/1122/4330 1429/1126/4495 1428/1125/4496
s 54
f 1389/2486/4347 1390/2487/4350 1438/2491/4497 1435/2490/4498
s 60
f 1424/3636/4499 1425/3637/4500 1430/3638/4501 1427/3639/4502
s 51
f 1379/1102/4322 1423/1106/4503 1426/1105/4504 1381/1101/4319
f 1379/1102/4322 1387/1113/4343 1431/1112/4505 1423/1106/4503
s 60
f 1424/3636/4499 1427/3639/4502 1433/3642/4506 1432/3643/4507
s 52
f 1428/1125/4496 1434/1130/4508 1388/1129/4354 1380/1121/4327
s 51
f 1387/1113/4343 1389/1117/4346 1435/1116/4509 1431/1112/4505
s off
f 1432/3643/4510 1436/3645/4511 1437/3644/4512 1433/3642/4513
s 52
f 1434/1130/4508 1438/1135/4514 1390/1134/4351 1388/1129/4354
s 51
f 1426/1105/4504 1440/1109/4515 1403/1108/4387 1381/1101/4319
s 52
f 1382/1122/4330 1404/1127/4396 1441/1133/4516 1429/1126/4495
s 60
f 1430/3638/4501 1425/3637/4500 1439/3640/4517 1442/3641/4518
s off
f 1447/2524/4519 1448/2525/4520 1449/2526/4521 1450/2527/4522
f 1446/1165/4523 1445/1166/4524 1450/1167/4525 1449/1168/4526
f 1444/2528/4527 1443/2529/4528 1445/2530/4529 1446/2531/4530
f 1443/3646/4531 1447/3647/4532 1450/3648/4533 1445/3649/4534
f 1444/1169/4535 1448/1170/4536 1447/1171/4537 1443/1172/4538
f 1449/3650/4539 1448/3651/4540 1444/3652/4541 1446/3653/4542
f 1451/1173/4543 1452/1174/4544 1459/1175/4545 1458/1176/4546
f 1452/1174/4547 1453/1177/4548 1460/1178/4549 1459/1175/4550
f 1453/3654/4551 1454/3655/4552 1461/3656/4553 1460/3657/4554
f 1454/1199/4555 1455/1200/4556 1462/1201/4557 1461/1202/4558
f 1455/1200/4559 1456/1203/4560 1463/1204/4561 1462/1201/4562
f 1456/3666/4563 1457/3667/4564 1464/3668/4565 1463/3669/4566
f 1457/1181/4567 1451/1173/4568 1458/1176/4569 1464/1182/4570
s 61
f 1452/2532/4571 1451/2533/4572 1465/2534/4573
f 1453/2536/4574 1452/2532/4571 1465/2534/4573
f 1454/2538/4575 1453/2536/4574 1465/2534/4573
f 1455/2539/4576 1454/2538/4575 1465/2534/4573
f 1456/2537/4577 1455/2539/4576 1465/2534/4573
f 1457/2535/4578 1456/2537/4577 1465/2534/4573
f 1451/2533/4572 1457/2535/4578 1465/2534/4573
s 62
f 1494/2540/4579 1495/2541/4580 1496/2542/4581
f 1495/2541/4580 1497/2543/4582 1496/2542/4581
f 1497/2543/4582 1498/2545/4583 1496/2542/4581
f 1498/2545/4583 1499/2547/4584 1496/2542/4581
f 1499/2547/4584 1500/2546/4585 1496/2542/4581
f 1500/2546/4585 1501/2544/4586 1496/2542/4581
f 1501/2544/4586 1494/2540/4579 1496/2542/4581
s off
f 1458/1176/4587 1459/1175/4588 1467/1179/4589 1466/1180/4590
f 1459/1175/4591 1460/1178/4592 1468/1183/4593 1467/1179/4594
f 1460/3657/4595 1461/3656/4596 1469/3658/4597 1468/3659/4598
f 1461/1202/4599 1462/1201/4600 1470/1205/4601 1469/1206/4602
f 1462/1201/4603 1463/1204/4604 1471/1207/4605 1470/1205/4606
f 1463/3669/4607 1464/3668/4608 1472/3670/4609 1471/3671/4610
f 1464/1182/4611 1458/1176/4612 1466/1180/4613 1472/1186/4614
f 1466/1180/4615 1467/1179/4616 1474/1184/4617 1473/1185/4618
f 1467/1179/4619 1468/1183/4620 1475/1187/4621 1474/1184/4622
f 1468/3659/4623 1469/3658/4624 1476/3660/4625 1475/3661/4626
f 1469/1206/4627 1470/1205/4628 1477/1208/4629 1476/1209/4630
f 1470/1205/4631 1471/1207/4632 1478/1210/4633 1477/1208/4634
f 1471/3671/4635 1472/3670/4636 1479/3672/4637 1478/3673/4638
f 1472/1186/4639 1466/1180/4640 1473/1185/4641 1479/1190/4642
f 1473/1185/4643 1474/1184/4644 1481/1188/4645 1480/1189/4646
f 1474/1184/4647 1475/1187/4648 1482/1191/4649 1481/1188/4650
f 1475/3661/4651 1476/3660/4652 1483/3662/4653 1482/3663/4654
f 1476/1209/4655 1477/1208/4656 1484/1211/4657 1483/1212/4658
f 1477/1208/4659 1478/1210/4660 1485/1213/4661 1484/1211/4662
f 1478/3673/4663 1479/3672/4664 1486/3674/4665 1485/3675/4666
f 1479/1190/4667 1473/1185/4668 1480/1189/4669 1486/1194/4670
f 1480/1189/4671 1481/1188/4672 1488/1192/4673 1487/1193/4674
f 1481/1188/4675 1482/1191/4676 1489/1195/4677 1488/1192/4678
f 1482/3663/4679 1483/3662/4680 1490/3664/4681 1489/3665/4682
f 1483/1212/4683 1484/1211/4684 1491/1214/4685 1490/1215/4686
f 1484/1211/4687 1485/1213/4688 1492/1216/4689 1491/1214/4690
f 1485/2560/4691 1486/2561/4692 1493/2554/4693 1492/2558/4694
f 1486/1194/4695 1480/1189/4696 1487/1193/4697 1493/1198/4698
f 1487/1193/4699 1488/1192/4700 1495/1196/4701 1494/1197/4702
f 1488/2548/4703 1489/2549/4704 1497/2550/4705 1495/2551/4706
f 1489/2549/4707 1490/2552/4708 1498/2553/4709 1497/2550/4710
f 1490/1215/4711 1491/1214/4712 1499/1217/4713 1498/1218/4714
f 1491/1214/4715 1492/1216/4716 1500/1219/4717 1499/1217/4718
f 1492/2558/4719 1493/2554/4720 1501/2557/4721 1500/2559/4722
f 1493/2554/4723 1487/2555/4724 1494/2556/4725 1501/2557/4726
f 1506/2562/4727 1507/2563/4728 1508/2564/4729 1509/2565/4730
f 1505/3676/4731 1504/3677/4732 1509/3678/4733 1508/3679/4734
f 1519/2566/4735 1518/2567/4736 1520/2568/4737 1521/2569/4738
f 1502/1220/4739 1506/1221/4740 1509/1222/4741 1504/1223/4742
f 1503/3684/4743 1507/3685/4744 1506/3686/4745 1502/3687/4746
f 1508/1228/4747 1507/1229/4748 1503/1230/4749 1505/1231/4750
f 1503/3684/4751 1502/3687/4752 1510/3688/4753 1511/3689/4754
f 1502/1220/4755 1504/1223/4756 1512/1224/4757 1510/1225/4758
f 1504/3677/4759 1505/3676/4760 1513/3680/4761 1512/3681/4762
f 1505/1231/4763 1503/1230/4764 1511/1232/4765 1513/1233/4766
f 1511/3689/4767 1510/3688/4768 1514/3690/4769 1515/3691/4770
f 1510/1225/4771 1512/1224/4772 1516/1226/4773 1514/1227/4774
f 1512/3681/4775 1513/3680/4776 1517/3682/4777 1516/3683/4778
f 1513/1233/4779 1511/1232/4780 1515/1234/4781 1517/1235/4782
f 1523/3692/4783 1522/3693/4784 1524/3694/4785 1525/3695/4786
f 1522/1236/4787 1526/1237/4788 1527/1238/4789 1524/1239/4790
f 1526/3696/4791 1528/3697/4792 1529/3698/4793 1527/3699/4794
f 1528/1240/4795 1523/1241/4796 1525/1242/4797 1529/1243/4798
f 1515/2574/4799 1514/2575/4800 1522/2576/4801 1523/2577/4802
f 1518/2567/4803 1519/2566/4804 1525/2570/4805 1524/2571/4806
f 1514/2575/4807 1516/2578/4808 1526/2579/4809 1522/2576/4810
f 1520/2568/4811 1518/2567/4812 1524/2571/4813 1527/2572/4814
f 1516/2578/4815 1517/2580/4816 1528/2581/4817 1526/2579/4818
f 1521/2569/4819 1520/2568/4820 1527/2572/4821 1529/2573/4822
f 1517/2580/4823 1515/2574/4824 1523/2577/4825 1528/2581/4826
f 1519/2566/4827 1521/2569/4828 1529/2573/4829 1525/2570/4830
f 1534/3700/4831 1535/3701/4832 1536/3702/4833 1537/3703/4834
f 1539/2582/4835 1538/2583/4836 1540/2584/4837 1541/2585/4838
f 1531/3708/4839 1530/3709/4840 1532/3710/4841 1533/3711/4842
f 1530/1244/4843 1534/1245/4844 1537/1246/4845 1532/1247/4846
f 1542/2588/4847 1543/2589/4848 1544/2590/4849 1545/2591/4850
f 1536/1252/4851 1535/1253/4852 1531/1254/4853 1533/1255/4854
f 1533/3711/4855 1532/3710/4856 1538/3714/4857 1539/3715/4858
f 1532/1247/4859 1537/1246/4860 1540/1250/4861 1538/1251/4862
f 1537/3703/4863 1536/3702/4864 1541/3706/4865 1540/3707/4866
f 1536/2586/4867 1533/2587/4868 1539/2582/4869 1541/2585/4870
f 1531/1254/4871 1535/1253/4872 1543/1256/4873 1542/1257/4874
f 1535/3701/4875 1534/3700/4876 1544/3704/4877 1543/3705/4878
f 1534/1245/4879 1530/1244/4880 1545/1248/4881 1544/1249/4882
f 1530/3709/4883 1531/3708/4884 1542/3712/4885 1545/3713/4886
f 1546/3716/4887 1547/3717/4888 1554/3718/4889 1553/3719/4890
f 1547/1264/4891 1548/1258/4892 1555/1261/4893 1554/1265/4894
f 1548/1258/4895 1549/1259/4896 1556/1260/4897 1555/1261/4898
f 1549/3726/4899 1550/3727/4900 1557/3728/4901 1556/3729/4902
f 1550/3727/4903 1551/3730/4904 1558/3731/4905 1557/3728/4906
f 1551/1276/4907 1552/1277/4908 1559/1278/4909 1558/1279/4910
f 1552/1277/4911 1546/1280/4912 1553/1281/4913 1559/1278/4914
s 63
f 1547/2592/4915 1546/2593/4916 1560/2594/4917
f 1548/2596/4918 1547/2592/4915 1560/2594/4917
f 1549/2598/4919 1548/2596/4918 1560/2594/4917
f 1550/2599/4920 1549/2598/4919 1560/2594/4917
f 1551/2597/4921 1550/2599/4920 1560/2594/4917
f 1552/2595/4922 1551/2597/4921 1560/2594/4917
f 1546/2593/4916 1552/2595/4922 1560/2594/4917
s 64
f 1589/2600/4923 1590/2601/4924 1591/2602/4925
f 1590/2601/4924 1592/2603/4926 1591/2602/4925
f 1592/2603/4926 1593/2605/4927 1591/2602/4925
f 1593/2605/4927 1594/2607/4928 1591/2602/4925
f 1594/2607/4928 1595/2606/4929 1591/2602/4925
f 1595/2606/4929 1596/2604/4930 1591/2602/4925
f 1596/2604/4930 1589/2600/4923 1591/2602/4925
s off
f 1553/3719/4931 1554/3718/4932 1562/3720/4933 1561/3721/4934
f 1554/1265/4935 1555/1261/4936 1563/1263/4937 1562/1268/4938
f 1555/1261/4939 1556/1260/4940 1564/1262/4941 1563/1263/4942
f 1556/3729/4943 1557/3728/4944 1565/3732/4945 1564/3733/4946
f 1557/3728/4947 1558/3731/4948 1566/3734/4949 1565/3732/4950
f 1558/1279/4951 1559/1278/4952 1567/1282/4953 1566/1283/4954
f 1559/1278/4955 1553/1281/4956 1561/1284/4957 1567/1282/4958
f 1561/3721/4959 1562/3720/4960 1569/3722/4961 1568/3723/4962
f 1562/1268/4963 1563/1263/4964 1570/1267/4965 1569/1271/4966
f 1563/1263/4967 1564/1262/4968 1571/1266/4969 1570/1267/4970
f 1564/3733/4971 1565/3732/4972 1572/3735/4973 1571/3736/4974
f 1565/3732/4975 1566/3734/4976 1573/3737/4977 1572/3735/4978
f 1566/1283/4979 1567/1282/4980 1574/1285/4981 1573/1286/4982
f 1567/1282/4983 1561/1284/4984 1568/1287/4985 1574/1285/4986
f 1568/3723/4987 1569/3722/4988 1576/3724/4989 1575/3725/4990
f 1569/1271/4991 1570/1267/4992 1577/1270/4993 1576/1274/4994
f 1570/1267/4995 1571/1266/4996 1578/1269/4997 1577/1270/4998
f 1571/3736/4999 1572/3735/5000 1579/3738/5001 1578/3739/5002
f 1572/3735/5003 1573/3737/5004 1580/3740/5005 1579/3738/5006
f 1573/1286/5007 1574/1285/5008 1581/1288/5009 1580/1289/5010
f 1574/1285/5011 1568/1287/5012 1575/1290/5013 1581/1288/5014
f 1575/2618/5015 1576/2619/5016 1583/2608/5017 1582/2614/5018
f 1576/1274/5019 1577/1270/5020 1584/1273/5021 1583/1275/5022
f 1577/1270/5023 1578/1269/5024 1585/1272/5025 1584/1273/5026
f 1578/3739/5027 1579/3738/5028 1586/3741/5029 1585/3742/5030
f 1579/3738/5031 1580/3740/5032 1587/3743/5033 1586/3741/5034
f 1580/1289/5035 1581/1288/5036 1588/1291/5037 1587/1292/5038
f 1581/1288/5039 1575/1290/5040 1582/1293/5041 1588/1291/5042
f 1582/2614/5043 1583/2608/5044 1590/2611/5045 1589/2615/5046
f 1583/2608/5047 1584/2609/5048 1592/2610/5049 1590/2611/5050
f 1584/2609/5051 1585/2612/5052 1593/2613/5053 1592/2610/5054
f 1585/2612/5055 1586/2616/5056 1594/2617/5057 1593/2613/5058
f 1586/2616/5059 1587/2622/5060 1595/2623/5061 1594/2617/5062
f 1587/2622/5063 1588/2620/5064 1596/2621/5065 1595/2623/5066
f 1588/2620/5067 1582/2614/5068 1589/2615/5069 1596/2621/5070
f 1597/3744/5071 1598/3745/5072 1804/4005/5073 1604/3746/5074
f 1598/1300/5075 1599/1294/5076 1606/1297/5077 1805/4003/5078
f 1599/1294/5079 1600/1295/5080 1607/1296/5081 1606/1297/5082
f 1600/1295/5083 1601/1298/5084 1608/1299/5085 1607/1296/5086
f 1601/3748/5087 1602/3749/5088 1609/3750/5089 1608/3751/5090
f 1602/1301/5091 1603/1302/5092 1610/1303/5093 1609/1304/5094
f 1603/1302/5095 1597/1305/5096 1604/1306/5097 1610/1303/5098
s 65
f 1598/2624/5099 1597/2625/5100 1611/2626/5101
f 1599/2628/5102 1598/2624/5099 1611/2626/5101
f 1600/2630/5103 1599/2628/5102 1611/2626/5101
f 1601/2631/5104 1600/2630/5103 1611/2626/5101
f 1602/2629/5105 1601/2631/5104 1611/2626/5101
f 1603/2627/5106 1602/2629/5105 1611/2626/5101
f 1597/2625/5100 1603/2627/5106 1611/2626/5101
s 66
f 1612/2632/5107 1809/4008/5108 1614/2633/5109
f 1808/4007/5110 1615/2634/5111 1614/2633/5109
f 1615/2634/5111 1616/2638/5112 1614/2633/5109
f 1616/2638/5112 1617/2641/5113 1614/2633/5109
f 1617/2641/5113 1618/2639/5114 1614/2633/5109
f 1618/2639/5114 1619/2635/5115 1614/2633/5109
f 1619/2635/5115 1612/2632/5107 1614/2633/5109
s off
f 1604/4044/5116 1803/4004/5117 1810/4009/5118 1612/3747/5119
f 1622/3752/5120 1623/3753/5121 1624/3754/5122 1625/3755/5123
f 1623/1309/5124 1626/1310/5125 1627/1311/5126 1624/1312/5127
f 1610/1303/5128 1604/1306/5129 1612/1307/5130 1619/1308/5131
f 1807/4010/5132 1801/4001/5133 1812/4011/5134 1815/4015/5135
f 1628/1314/5136 1814/4014/5137 1620/1317/5138 1629/1315/5139
f 1630/1313/5140 1628/1314/5141 1629/1315/5142 1631/1316/5143
f 1625/1318/5144 1630/1313/5145 1631/1316/5146 1622/1319/5147
f 1608/2645/5148 1609/2646/5149 1623/2647/5150 1622/2648/5151
f 1618/2639/5152 1617/2641/5153 1625/2644/5154 1624/2642/5155
f 1609/2646/5156 1610/2649/5157 1626/2650/5158 1623/2647/5159
f 1610/3756/5160 1619/3757/5161 1627/3758/5162 1626/3759/5163
f 1619/2635/5164 1618/2639/5165 1624/2642/5166 1627/2643/5167
f 1615/2634/5168 1806/4006/5169 1621/2636/5170 1628/2637/5171
f 1613/3760/5172 1605/3761/5173 1813/4012/5174 1816/4016/5175
f 1802/4002/5176 1606/2653/5177 1629/2654/5178 1811/4013/5179
f 1616/2638/5180 1615/2634/5181 1628/2637/5182 1630/2640/5183
f 1606/2653/5184 1607/2651/5185 1631/2652/5186 1629/2654/5187
f 1617/2641/5188 1616/2638/5189 1630/2640/5190 1625/2644/5191
f 1607/2651/5192 1608/2645/5193 1622/2648/5194 1631/2652/5195
f 1636/2655/5196 1637/2656/5197 1638/2657/5198 1639/2658/5199
f 1635/1320/5200 1634/1321/5201 1639/1322/5202 1638/1323/5203
f 1633/2659/5204 1632/2660/5205 1634/2661/5206 1635/2662/5207
f 1632/3762/5208 1636/3763/5209 1639/3764/5210 1634/3765/5211
f 1633/1324/5212 1637/1325/5213 1636/1326/5214 1632/1327/5215
f 1638/3766/5216 1637/3767/5217 1633/3768/5218 1635/3769/5219
f 1640/3770/5220 1641/3771/5221 1820/4021/5222 1647/3772/5223
f 1641/1328/5224 1642/1329/5225 1649/1330/5226 1821/4019/5227
f 1642/1329/5228 1643/1331/5229 1650/1332/5230 1649/1330/5231
f 1643/3774/5232 1644/3775/5233 1651/3776/5234 1650/3777/5235
f 1644/1339/5236 1645/1333/5237 1652/1336/5238 1651/1340/5239
f 1645/1333/5240 1646/1334/5241 1653/1335/5242 1652/1336/5243
f 1646/1334/5244 1640/1337/5245 1647/1338/5246 1653/1335/5247
s 68
f 1641/2663/5248 1640/2664/5249 1654/2665/5250
f 1642/2667/5251 1641/2663/5248 1654/2665/5250
f 1643/2669/5252 1642/2667/5251 1654/2665/5250
f 1644/2670/5253 1643/2669/5252 1654/2665/5250
f 1645/2668/5254 1644/2670/5253 1654/2665/5250
f 1646/2666/5255 1645/2668/5254 1654/2665/5250
f 1640/2664/5249 1646/2666/5255 1654/2665/5250
s 69
f 1655/2671/5256 1825/4024/5257 1657/2672/5258
f 1824/4023/5259 1658/2673/5260 1657/2672/5258
f 1658/2673/5260 1659/2677/5261 1657/2672/5258
f 1659/2677/5261 1660/2680/5262 1657/2672/5258
f 1660/2680/5262 1661/2678/5263 1657/2672/5258
f 1661/2678/5263 1662/2674/5264 1657/2672/5258
f 1662/2674/5264 1655/2671/5256 1657/2672/5258
s off
f 1647/4043/5265 1819/4020/5266 1826/4025/5267 1655/3773/5268
f 1665/1347/5269 1666/1343/5270 1667/1346/5271 1668/1348/5272
f 1666/1343/5273 1669/1344/5274 1670/1345/5275 1667/1346/5276
f 1653/1335/5277 1647/1338/5278 1655/1341/5279 1662/1342/5280
f 1823/4026/5281 1817/4017/5282 1828/4027/5283 1831/4031/5284
f 1671/1349/5285 1830/4030/5286 1663/1350/5287 1672/1351/5288
f 1673/1352/5289 1671/1349/5290 1672/1351/5291 1674/1353/5292
f 1668/3778/5293 1673/3779/5294 1674/3780/5295 1665/3781/5296
f 1651/2684/5297 1652/2685/5298 1666/2686/5299 1665/2687/5300
f 1661/2678/5301 1660/2680/5302 1668/2683/5303 1667/2681/5304
f 1652/2685/5305 1653/2688/5306 1669/2689/5307 1666/2686/5308
f 1653/3782/5309 1662/3783/5310 1670/3784/5311 1669/3785/5312
f 1662/2674/5313 1661/2678/5314 1667/2681/5315 1670/2682/5316
f 1658/2673/5317 1822/4022/5318 1664/2675/5319 1671/2676/5320
f 1656/3786/5321 1648/3787/5322 1829/4028/5323 1832/4032/5324
f 1818/4018/5325 1649/2692/5326 1672/2693/5327 1827/4029/5328
f 1659/2677/5329 1658/2673/5330 1671/2676/5331 1673/2679/5332
f 1649/2692/5333 1650/2690/5334 1674/2691/5335 1672/2693/5336
f 1660/2680/5337 1659/2677/5338 1673/2679/5339 1668/2683/5340
f 1650/2690/5341 1651/2684/5342 1665/2687/5343 1674/2691/5344
f 1679/2698/5345 1680/2695/5346 1681/2694/5347 1682/2699/5348
f 1678/3913/5349 1677/3914/5350 1682/3915/5351 1681/3916/5352
f 1676/3887/5353 1675/3888/5354 1677/3889/5355 1678/3890/5356
f 1675/3888/5357 1679/3891/5358 1682/3892/5359 1677/3889/5360
f 1676/3917/5361 1680/3918/5362 1679/3919/5363 1675/3920/5364
f 1684/1354/5365 1683/1355/5366 1685/1356/5367 1686/1357/5368
f 1681/2694/5369 1680/2695/5370 1683/2696/5371 1684/2697/5372
f 1680/1372/5373 1676/1362/5374 1685/1368/5375 1683/1373/5376
f 1688/1360/5377 1687/1361/5378 1689/1359/5379 1690/1358/5380
f 1678/1363/5381 1681/1370/5382 1684/1371/5383 1686/1366/5384
f 1676/1362/5385 1678/1363/5386 1687/1364/5387 1688/1365/5388
f 1678/1363/5389 1686/1366/5390 1689/1367/5391 1687/1364/5392
f 1686/1357/5393 1685/1356/5394 1690/1358/5395 1689/1359/5396
f 1685/1368/5397 1676/1362/5398 1688/1365/5399 1690/1369/5400
f 1695/1374/5401 1696/1375/5402 1697/1376/5403 1698/1377/5404
f 1700/2700/5405 1699/2701/5406 1701/2702/5407 1702/2703/5408
f 1692/1382/5409 1691/1383/5410 1693/1384/5411 1694/1385/5412
f 1691/3788/5413 1695/3789/5414 1698/3790/5415 1693/3791/5416
f 1703/2706/5417 1704/2707/5418 1705/2708/5419 1706/2709/5420
f 1697/3796/5421 1696/3797/5422 1692/3798/5423 1694/3799/5424
f 1694/1385/5425 1693/1384/5426 1699/1388/5427 1700/1389/5428
f 1693/3791/5429 1698/3790/5430 1701/3794/5431 1699/3795/5432
f 1698/1377/5433 1697/1376/5434 1702/1380/5435 1701/1381/5436
f 1697/2704/5437 1694/2705/5438 1700/2700/5439 1702/2703/5440
f 1692/3798/5441 1696/3797/5442 1704/3800/5443 1703/3801/5444
f 1696/1375/5445 1695/1374/5446 1705/1378/5447 1704/1379/5448
f 1695/3789/5449 1691/3788/5450 1706/3792/5451 1705/3793/5452
f 1691/1383/5453 1692/1382/5454 1703/1386/5455 1706/1387/5456
f 1711/2710/5457 1840/4039/5458 1713/2711/5459 1714/2712/5460
f 1716/3802/5461 1715/3803/5462 1717/3804/5463 1718/3805/5464
f 1837/4037/5465 1707/2715/5466 1709/2716/5467 1710/2717/5468
f 1707/1390/5469 1711/1391/5470 1714/1392/5471 1709/1393/5472
f 1713/1396/5473 1841/4042/5474 1836/4035/5475 1710/1397/5476
f 1710/2717/5477 1709/2716/5478 1715/2718/5479 1716/2719/5480
f 1709/1393/5481 1714/1392/5482 1717/1394/5483 1715/1395/5484
f 1714/2712/5485 1713/2711/5486 1718/2713/5487 1717/2714/5488
f 1713/1396/5489 1710/1397/5490 1716/1398/5491 1718/1399/5492
f 1711/1391/5493 1707/1390/5494 1835/4036/5495 1842/4040/5496
f 1722/2720/5497 1723/2721/5498 1838/4038/5499 1724/2722/5500
f 1720/2725/5501 1719/2726/5502 1721/2727/5503 1708/2728/5504
f 1719/3806/5505 1722/3807/5506 1724/3808/5507 1721/3809/5508
f 1725/1400/5509 1726/1401/5510 1727/1402/5511 1728/1403/5512
f 1839/4041/5513 1723/3813/5514 1720/3814/5515 1833/4033/5516
f 1720/3814/5517 1723/3813/5518 1726/3815/5519 1725/3816/5520
f 1723/2721/5521 1722/2720/5522 1727/2723/5523 1726/2724/5524
f 1722/3807/5525 1719/3806/5526 1728/3810/5527 1727/3811/5528
f 1719/2726/5529 1720/2725/5530 1725/2729/5531 1728/2730/5532
f 1834/4034/5533 1721/3809/5534 1724/3808/5535 1712/3812/5536
