# This file uses centimeters as units for non-parametric coordinates.

mtllib Balcony_M_1.mtl
g default
v -188.883911 12.464308 -57.948349
v -188.834229 12.464309 64.990921
v -188.784546 12.464310 67.446663
v -188.734863 12.464311 69.902405
v -188.585693 12.464312 72.503990
v -187.529663 12.464312 75.106071
v -185.543701 12.464312 77.091965
v -182.941650 12.464312 78.148102
v -180.340088 12.464311 78.297195
v -177.884277 12.464310 78.346893
v -175.428589 12.464309 78.396599
v -10.046875 12.464308 78.446342
v -188.906982 16.352379 -58.002548
v -188.857300 16.352379 64.936729
v -188.807617 16.352379 67.392471
v -188.757935 16.352381 69.848206
v -188.607544 16.352381 72.462753
v -187.539551 16.352383 75.093880
v -185.531494 16.352383 77.101936
v -182.900391 16.352381 78.169861
v -180.285889 16.352381 78.320290
v -177.830078 16.352379 78.369995
v -175.374390 16.352379 78.419693
v -9.992676 16.352379 78.469429
v -186.975708 16.352379 -58.042053
v -186.926025 16.352379 64.897224
v -186.876343 16.352381 67.352966
v -186.826660 16.352381 69.808701
v -186.708984 16.352383 72.106049
v -185.929565 16.352383 74.026352
v -184.463989 16.352383 75.491920
v -182.543701 16.352383 76.271332
v -180.246338 16.352381 76.389000
v -177.790588 16.352381 76.438698
v -175.334839 16.352379 76.488396
v -9.953186 16.352379 76.538139
v -186.952637 12.464308 -57.987869
v -186.902954 12.464309 64.951416
v -186.853271 12.464310 67.407158
v -186.803589 12.464311 69.862900
v -186.687256 12.464312 72.147285
v -185.919556 12.464312 74.038544
v -184.476196 12.464312 75.481949
v -182.584961 12.464312 76.249573
v -180.300537 12.464311 76.365906
v -177.844788 12.464310 76.415604
v -175.389038 12.464309 76.465302
v -10.007385 12.464308 76.515045
v 168.876526 16.131058 -57.948349
v 168.826843 16.036808 64.990921
v 168.777161 15.942559 67.446663
v 168.727478 15.848307 69.902405
v 168.578369 15.752238 72.503990
v 167.522217 15.691677 75.106071
v 165.536316 15.691677 77.091965
v 162.934265 15.752238 78.148102
v 160.332642 15.848307 78.297195
v 157.876892 15.942559 78.346893
v 155.421143 16.036808 78.396599
v -9.960510 16.131058 78.446342
v 168.899597 12.243548 -58.002548
v 168.849915 12.149298 64.936729
v 168.800232 12.055047 67.392471
v 168.750549 11.960796 69.848206
v 168.600098 11.864270 72.462753
v 167.532166 11.803041 75.093880
v 165.524109 11.803041 77.101936
v 162.893005 11.864270 78.169861
v 160.278442 11.960796 78.320290
v 157.822693 12.055047 78.369995
v 155.367004 12.149298 78.419693
v -10.014709 12.243548 78.469429
v 166.968323 12.213735 -58.042053
v 166.918640 12.119484 64.897224
v 166.868958 12.025232 67.352966
v 166.819275 11.930984 69.808701
v 166.701599 11.845600 72.106049
v 165.922180 11.800904 74.026352
v 164.456604 11.800904 75.491920
v 162.536316 11.845600 76.271332
v 160.238953 11.930984 76.389000
v 157.783203 12.025232 76.438698
v 155.327454 12.119484 76.488396
v -10.054199 12.213735 76.538139
v 166.945251 16.101244 -57.987869
v 166.895569 16.006994 64.951416
v 166.845825 15.912743 67.407158
v 166.796143 15.818490 69.862900
v 166.679810 15.733562 72.147285
v 165.912170 15.689548 74.038544
v 164.468811 15.689548 75.481949
v 162.577515 15.733562 76.249573
v 160.293152 15.818490 76.365906
v 157.837402 15.912743 76.415604
v 155.381653 16.006994 76.465302
v -10.000000 16.101244 76.515045
v -155.002136 -46.684891 72.813873
v -97.454590 -46.684891 72.813873
v -155.002136 -25.897024 72.813873
v -97.454590 -25.897024 72.813873
v -155.002136 -25.897024 -69.522224
v -97.454590 -25.897024 -69.522224
v -155.002136 -46.684891 -69.522224
v -97.454590 -46.684891 -69.522224
v -150.185669 -67.419434 -69.522224
v -102.270996 -67.419434 -69.522224
v -102.270996 -67.419434 48.988201
v -150.185669 -67.419434 48.988201
v 80.004761 -101.309723 -50.404770
v 127.919434 -101.309723 -50.404770
v 80.004761 -67.419434 -34.608974
v 127.919434 -67.419434 -34.608974
v 80.004761 -67.419434 -69.522217
v 127.919434 -67.419434 -69.522217
v 80.004761 -101.309723 -69.522217
v 127.919434 -101.309723 -69.522217
v -170.094055 17.877449 78.396591
v -170.094055 95.695435 78.446350
v -173.982178 17.928684 78.419693
v -173.982178 95.746658 78.469452
v -173.982178 17.966022 76.488396
v -173.982178 95.783966 76.538147
v -170.094055 17.914795 76.465302
v -170.094055 95.732758 76.515060
v -169.211792 97.408768 76.515060
v -169.211792 97.371445 78.446350
v -174.864502 97.459976 76.538155
v -174.864502 97.422668 78.469452
v -174.515869 16.440950 76.488396
v -169.560364 16.389723 76.465302
v -169.560364 16.352379 78.396591
v -174.515869 16.403614 78.419693
v 75.188293 -46.684891 72.813873
v 132.735840 -46.684891 72.813873
v 75.188293 -25.897024 72.813873
v 132.735840 -25.897024 72.813873
v 75.188293 -25.897024 -69.522224
v 132.735840 -25.897024 -69.522224
v 75.188293 -46.684891 -69.522224
v 132.735840 -46.684891 -69.522224
v 80.004761 -67.419434 -69.522224
v 127.919434 -67.419434 -69.522224
v 127.919434 -67.419434 48.988201
v 80.004761 -67.419434 48.988201
v 168.876526 102.125183 -57.948349
v 168.826843 102.007240 64.990921
v 168.777161 101.889290 67.446663
v 168.727478 101.771347 69.902405
v 168.578369 101.651138 72.503990
v 167.522217 101.575348 75.106071
v 165.536316 101.575348 77.091965
v 162.934265 101.651138 78.148102
v 160.332642 101.771347 78.297195
v 157.876892 101.889290 78.346893
v 155.421143 102.007240 78.396599
v -9.960510 102.125183 78.446342
v 168.899597 97.260452 -58.002548
v 168.849915 97.142502 64.936729
v 168.800232 97.024574 67.392471
v 168.750549 96.906631 69.848206
v 168.600098 96.785828 72.462753
v 167.532166 96.709206 75.093880
v 165.524109 96.709206 77.101936
v 162.893005 96.785828 78.169861
v 160.278442 96.906631 78.320290
v 157.822693 97.024574 78.369995
v 155.367004 97.142502 78.419693
v -10.014709 97.260452 78.469429
v 166.968323 97.223137 -58.042053
v 166.918640 97.105186 64.897224
v 166.868958 96.987267 67.352966
v 166.819275 96.869316 69.808701
v 166.701599 96.762474 72.106049
v 165.922180 96.706551 74.026352
v 164.456604 96.706551 75.491920
v 162.536316 96.762474 76.271332
v 160.238953 96.869316 76.389000
v 157.783203 96.987267 76.438698
v 155.327454 97.105186 76.488396
v -10.054199 97.223137 76.538139
v 166.945251 102.087868 -57.987869
v 166.895569 101.969925 64.951416
v 166.845825 101.851982 67.407158
v 166.796143 101.734032 69.862900
v 166.679810 101.627769 72.147285
v 165.912170 101.572685 74.038544
v 164.468811 101.572685 75.481949
v 162.577515 101.627769 76.249573
v 160.293152 101.734032 76.365906
v 157.837402 101.851982 76.415604
v 155.381653 101.969925 76.465302
v -10.000000 102.087868 76.515045
v -188.883911 97.260445 -57.948349
v -188.834229 97.378387 64.990921
v -188.784546 97.496330 67.446663
v -188.734863 97.614281 69.902405
v -188.585693 97.734505 72.503990
v -187.529663 97.810280 75.106071
v -185.543701 97.810280 77.091965
v -182.941650 97.734505 78.148102
v -180.340088 97.614281 78.297195
v -177.884277 97.496330 78.346893
v -175.428589 97.378387 78.396599
v -10.046875 97.260445 78.446342
v -188.906982 102.125175 -58.002548
v -188.857300 102.243126 64.936729
v -188.807617 102.361069 67.392471
v -188.757935 102.479004 69.848206
v -188.607544 102.599800 72.462753
v -187.539551 102.676422 75.093880
v -185.531494 102.676422 77.101936
v -182.900391 102.599800 78.169861
v -180.285889 102.479004 78.320290
v -177.830078 102.361069 78.369995
v -175.374390 102.243126 78.419693
v -9.992676 102.125175 78.469429
v -186.975708 102.162491 -58.042053
v -186.926025 102.280434 64.897224
v -186.876343 102.398376 67.352966
v -186.826660 102.516327 69.808701
v -186.708984 102.623177 72.106049
v -185.929565 102.679100 74.026352
v -184.463989 102.679100 75.491920
v -182.543701 102.623177 76.271332
v -180.246338 102.516327 76.389000
v -177.790588 102.398376 76.438698
v -175.334839 102.280434 76.488396
v -9.953186 102.162491 76.538139
v -186.952637 97.297752 -57.987869
v -186.902954 97.415703 64.951416
v -186.853271 97.533646 67.407158
v -186.803589 97.651588 69.862900
v -186.687256 97.757858 72.147285
v -185.919556 97.812943 74.038544
v -184.476196 97.812943 75.481949
v -182.584961 97.757858 76.249573
v -180.300537 97.651588 76.365906
v -177.844788 97.533646 76.415604
v -175.389038 97.415703 76.465302
v -10.007385 97.297752 76.515045
v 168.853516 17.877449 -44.524570
v 168.903259 95.695435 -44.524570
v 168.876587 17.928684 -40.636425
v 168.926392 95.746658 -40.636425
v 166.945312 17.966022 -40.636425
v 166.995056 95.783966 -40.636425
v 166.922241 17.914795 -44.524570
v 166.971985 95.732758 -44.524570
v 166.971985 97.408768 -45.406860
v 168.903259 97.371445 -45.406860
v 166.995056 97.459976 -39.754135
v 168.926392 97.422668 -39.754135
v 166.945312 16.440950 -40.102734
v 166.922241 16.389723 -45.058258
v 168.853516 16.352379 -45.058258
v 168.876648 16.403614 -40.102734
v 168.853516 17.877449 -31.053711
v 168.903259 95.695435 -31.053711
v 168.876587 17.928684 -27.165567
v 168.926392 95.746658 -27.165567
v 166.945312 17.966022 -27.165567
v 166.995056 95.783966 -27.165567
v 166.922241 17.914795 -31.053711
v 166.971985 95.732758 -31.053711
v 166.971985 97.408768 -31.936003
v 168.903259 97.371445 -31.936003
v 166.995056 97.459976 -26.283276
v 168.926392 97.422668 -26.283276
v 166.945312 16.440950 -26.631876
v 166.922241 16.389723 -31.587402
v 168.853516 16.352379 -31.587402
v 168.876648 16.403614 -26.631876
v 0.472412 69.361946 78.396591
v 0.472412 96.636948 78.446365
v -3.415710 69.379906 78.419693
v -3.415710 96.654900 78.469452
v -3.415710 69.392990 76.488396
v -3.415710 96.667976 76.538162
v 0.472412 69.375031 76.465302
v 0.472412 96.650024 76.515038
v 1.354675 97.237473 76.515045
v 1.354675 97.224403 78.446381
v -4.298035 97.255402 76.538139
v -4.298035 97.242332 78.469452
v -3.949402 68.858459 76.488396
v 1.006104 68.840500 76.465302
v 1.006104 68.827408 78.396591
v -3.949402 68.845367 78.419693
v -84.810852 17.877449 78.396591
v -84.810852 95.695435 78.446350
v -88.698975 17.928684 78.419693
v -88.698975 95.746658 78.469452
v -88.698975 17.966022 76.488396
v -88.698975 95.783966 76.538147
v -84.810852 17.914795 76.465302
v -84.810852 95.732758 76.515060
v -83.928589 97.408768 76.515060
v -83.928589 97.371445 78.446350
v -89.581299 97.459976 76.538155
v -89.581299 97.422668 78.469452
v -89.232666 16.440950 76.488396
v -84.277161 16.389723 76.465302
v -84.277161 16.352379 78.396591
v -89.232666 16.403614 78.419693
v 168.853516 17.877449 49.771431
v 168.903259 95.695435 49.771431
v 168.876587 17.928684 53.659576
v 168.926392 95.746658 53.659576
v 166.945312 17.966022 53.659576
v 166.995056 95.783966 53.659576
v 166.922241 17.914795 49.771431
v 166.971985 95.732758 49.771431
v 166.971985 97.408768 48.889141
v 168.903259 97.371445 48.889141
v 166.995056 97.459976 54.541866
v 168.926392 97.422668 54.541866
v 166.945312 16.440950 54.193268
v 166.922241 16.389723 49.237743
v 168.853516 16.352379 49.237743
v 168.876648 16.403614 54.193268
v 168.853516 17.877449 -17.582851
v 168.903259 95.695435 -17.582851
v 168.876587 17.928684 -13.694708
v 168.926392 95.746658 -13.694708
v 166.945312 17.966022 -13.694708
v 166.995056 95.783966 -13.694708
v 166.922241 17.914795 -17.582851
v 166.971985 95.732758 -17.582851
v 166.971985 97.408768 -18.465143
v 168.903259 97.371445 -18.465143
v 166.995056 97.459976 -12.812417
v 168.926392 97.422668 -12.812417
v 166.945312 16.440950 -13.161016
v 166.922241 16.389723 -18.116543
v 168.853516 16.352379 -18.116543
v 168.876648 16.403614 -13.161016
v 168.853516 17.877449 9.358862
v 168.903259 95.695435 9.358862
v 168.876587 17.928684 13.247007
v 168.926392 95.746658 13.247007
v 166.945312 17.966022 13.247007
v 166.995056 95.783966 13.247007
v 166.922241 17.914795 9.358862
v 166.971985 95.732758 9.358862
v 166.971985 97.408768 8.476572
v 168.903259 97.371445 8.476572
v 166.995056 97.459976 14.129297
v 168.926392 97.422668 14.129297
v 166.945312 16.440950 13.780697
v 166.922241 16.389723 8.825171
v 168.853516 16.352379 8.825171
v 168.876648 16.403614 13.780697
v 168.853516 17.877449 22.829721
v 168.903259 95.695435 22.829721
v 168.876587 17.928684 26.717865
v 168.926392 95.746658 26.717865
v 166.945312 17.966022 26.717865
v 166.995056 95.783966 26.717865
v 166.922241 17.914795 22.829721
v 166.971985 95.732758 22.829721
v 166.971985 97.408768 21.947430
v 168.903259 97.371445 21.947430
v 166.995056 97.459976 27.600155
v 168.926392 97.422668 27.600155
v 166.945312 16.440950 27.251556
v 166.922241 16.389723 22.296030
v 168.853516 16.352379 22.296030
v 168.876648 16.403614 27.251556
v 168.853516 17.877449 36.300575
v 168.903259 95.695435 36.300575
v 168.876587 17.928684 40.188721
v 168.926392 95.746658 40.188721
v 166.945312 17.966022 40.188721
v 166.995056 95.783966 40.188721
v 166.922241 17.914795 36.300575
v 166.971985 95.732758 36.300575
v 166.971985 97.408768 35.418285
v 168.903259 97.371445 35.418285
v 166.995056 97.459976 41.071011
v 168.926392 97.422668 41.071011
v 166.945312 16.440950 40.722412
v 166.922241 16.389723 35.766888
v 168.853516 16.352379 35.766888
v 168.876648 16.403614 40.722412
v 168.853516 17.877449 63.242294
v 168.903259 95.695435 63.242294
v 168.876587 17.928684 67.130440
v 168.926392 95.746658 67.130440
v 166.945312 17.966022 67.130440
v 166.995056 95.783966 67.130440
v 166.922241 17.914795 63.242294
v 166.971985 95.732758 63.242294
v 166.971985 97.408768 62.360004
v 168.903259 97.371445 62.360004
v 166.995056 97.459976 68.012733
v 168.926392 97.422668 68.012733
v 166.945312 16.440950 67.664131
v 166.922241 16.389723 62.708607
v 168.853516 16.352379 62.708607
v 168.876648 16.403614 67.664131
v 168.853516 17.877449 -4.111997
v 168.903259 95.695435 -4.111997
v 168.876587 17.928684 -0.223852
v 168.926392 95.746658 -0.223852
v 166.945312 17.966022 -0.223852
v 166.995056 95.783966 -0.223852
v 166.922241 17.914795 -4.111997
v 166.971985 95.732758 -4.111997
v 166.971985 97.408768 -4.994287
v 168.903259 97.371445 -4.994287
v 166.995056 97.459976 0.658438
v 168.926392 97.422668 0.658438
v 166.945312 16.440950 0.309839
v 166.922241 16.389723 -4.645687
v 168.853516 16.352379 -4.645687
v 168.876648 16.403614 0.309839
v -201.376709 -2.889614 88.768723
v 181.376648 -2.889614 88.768723
v -190.593506 7.876367 78.675674
v 170.593384 7.876367 78.675674
v -190.593506 7.876367 -69.522217
v 170.593384 7.876367 -69.522217
v -201.376709 -2.889614 -69.522217
v 181.376648 -2.889614 -69.522217
v -201.376709 -13.655590 -69.522217
v 181.376648 -13.655590 -69.522217
v 181.376648 -13.655590 88.768723
v -201.376709 -13.655590 88.768723
v -197.212280 -24.421574 -69.522217
v 177.212280 -24.421574 -69.522217
v 177.212280 -24.421574 82.136986
v -197.212280 -24.421574 82.136986
v -16.584229 69.361946 78.396591
v -16.584229 96.636948 78.446365
v -20.472351 69.379906 78.419693
v -20.472351 96.654900 78.469452
v -20.472351 69.392990 76.488396
v -20.472351 96.667976 76.538162
v -16.584229 69.375031 76.465302
v -16.584229 96.650024 76.515038
v -15.701965 97.237473 76.515045
v -15.701965 97.224403 78.446381
v -21.354675 97.255402 76.538139
v -21.354675 97.242332 78.469452
v -21.006042 68.858459 76.488396
v -16.050537 68.840500 76.465302
v -16.050537 68.827408 78.396591
v -21.006042 68.845367 78.419693
v -186.849731 17.877449 63.242294
v -186.799927 95.695435 63.242294
v -186.826660 17.928684 67.130440
v -186.776855 95.746658 67.130440
v -188.757935 17.966022 67.130440
v -188.708130 95.783966 67.130440
v -188.781006 17.914795 63.242294
v -188.731201 95.732758 63.242294
v -188.731201 97.408768 62.360004
v -186.799927 97.371445 62.360004
v -188.708130 97.459976 68.012733
v -186.776855 97.422668 68.012733
v -188.757935 16.440950 67.664131
v -188.781006 16.389723 62.708607
v -186.849731 16.352379 62.708607
v -186.826660 16.403614 67.664131
v -153.037415 17.877449 78.396591
v -153.037415 95.695435 78.446350
v -156.925537 17.928684 78.419693
v -156.925537 95.746658 78.469452
v -156.925537 17.966022 76.488396
v -156.925537 95.783966 76.538147
v -153.037415 17.914795 76.465302
v -153.037415 95.732758 76.515060
v -152.155151 97.408768 76.515060
v -152.155151 97.371445 78.446350
v -157.807861 97.459976 76.538155
v -157.807861 97.422668 78.469452
v -157.459229 16.440950 76.488396
v -152.503723 16.389723 76.465302
v -152.503723 16.352379 78.396591
v -157.459229 16.403614 78.419693
v 168.853516 17.877449 -57.995430
v 168.903259 95.695435 -57.995430
v 168.876587 17.928684 -54.107285
v 168.926392 95.746658 -54.107285
v 166.945312 17.966022 -54.107285
v 166.995056 95.783966 -54.107285
v 166.922241 17.914795 -57.995430
v 166.971985 95.732758 -57.995430
v 166.971985 97.408768 -58.877720
v 168.903259 97.371445 -58.877720
v 166.995056 97.459976 -53.224995
v 168.926392 97.422668 -53.224995
v 166.945312 16.440950 -53.573593
v 166.922241 16.389723 -58.529118
v 168.853516 16.352379 -58.529118
v 168.876648 16.403614 -53.573593
v -135.980774 17.877449 78.396591
v -135.980774 95.695435 78.446350
v -139.868896 17.928684 78.419693
v -139.868896 95.746658 78.469452
v -139.868896 17.966022 76.488396
v -139.868896 95.783966 76.538147
v -135.980774 17.914795 76.465302
v -135.980774 95.732758 76.515060
v -135.098511 97.408768 76.515060
v -135.098511 97.371445 78.446350
v -140.751221 97.459976 76.538155
v -140.751221 97.422668 78.469452
v -140.402588 16.440950 76.488396
v -135.447083 16.389723 76.465302
v -135.447083 16.352379 78.396591
v -140.402588 16.403614 78.419693
v 168.853516 17.877449 -17.582851
v 168.903259 95.695435 -17.582851
v 168.876587 17.928684 -13.694708
v 168.926392 95.746658 -13.694708
v 166.945312 17.966022 -13.694708
v 166.995056 95.783966 -13.694708
v 166.922241 17.914795 -17.582851
v 166.971985 95.732758 -17.582851
v 166.971985 97.408768 -18.465143
v 168.903259 97.371445 -18.465143
v 166.995056 97.459976 -12.812417
v 168.926392 97.422668 -12.812417
v 166.945312 16.440950 -13.161016
v 166.922241 16.389723 -18.116543
v 168.853516 16.352379 -18.116543
v 168.876648 16.403614 -13.161016
v -118.924133 17.877449 78.396591
v -118.924133 95.695435 78.446350
v -122.812256 17.928684 78.419693
v -122.812256 95.746658 78.469452
v -122.812256 17.966022 76.488396
v -122.812256 95.783966 76.538147
v -118.924133 17.914795 76.465302
v -118.924133 95.732758 76.515060
v -118.041870 97.408768 76.515060
v -118.041870 97.371445 78.446350
v -123.694580 97.459976 76.538155
v -123.694580 97.422668 78.469452
v -123.345947 16.440950 76.488396
v -118.390442 16.389723 76.465302
v -118.390442 16.352379 78.396591
v -123.345947 16.403614 78.419693
v -101.867493 17.877449 78.396591
v -101.867493 95.695435 78.446350
v -105.755615 17.928684 78.419693
v -105.755615 95.746658 78.469452
v -105.755615 17.966022 76.488396
v -105.755615 95.783966 76.538147
v -101.867493 17.914795 76.465302
v -101.867493 95.732758 76.515060
v -100.985229 97.408768 76.515060
v -100.985229 97.371445 78.446350
v -106.637939 97.459976 76.538155
v -106.637939 97.422668 78.469452
v -106.289307 16.440950 76.488396
v -101.333801 16.389723 76.465302
v -101.333801 16.352379 78.396591
v -106.289307 16.403614 78.419693
v -50.697510 17.877449 78.396591
v -50.697510 95.695435 78.446350
v -54.585632 17.928684 78.419693
v -54.585632 95.746658 78.469452
v -54.585632 17.966022 76.488396
v -54.585632 95.783966 76.538147
v -50.697510 17.914795 76.465302
v -50.697510 95.732758 76.515060
v -49.815247 97.408768 76.515060
v -49.815247 97.371445 78.446350
v -55.467957 97.459976 76.538155
v -55.467957 97.422668 78.469452
v -55.119324 16.440950 76.488396
v -50.163818 16.389723 76.465302
v -50.163818 16.352379 78.396591
v -55.119324 16.403614 78.419693
v -50.697510 17.877449 78.396591
v -50.697510 95.695435 78.446350
v -54.585632 17.928684 78.419693
v -54.585632 95.746658 78.469452
v -54.585632 17.966022 76.488396
v -54.585632 95.783966 76.538147
v -50.697510 17.914795 76.465302
v -50.697510 95.732758 76.515060
v -49.815247 97.408768 76.515060
v -49.815247 97.371445 78.446350
v -55.467957 97.459976 76.538155
v -55.467957 97.422668 78.469452
v -55.119324 16.440950 76.488396
v -50.163818 16.389723 76.465302
v -50.163818 16.352379 78.396591
v -55.119324 16.403614 78.419693
v -67.754150 17.877449 78.396591
v -67.754150 95.695435 78.446350
v -71.642273 17.928684 78.419693
v -71.642273 95.746658 78.469452
v -71.642273 17.966022 76.488396
v -71.642273 95.783966 76.538147
v -67.754150 17.914795 76.465302
v -67.754150 95.732758 76.515060
v -66.871887 97.408768 76.515060
v -66.871887 97.371445 78.446350
v -72.524597 97.459976 76.538155
v -72.524597 97.422668 78.469452
v -72.175964 16.440950 76.488396
v -67.220459 16.389723 76.465302
v -67.220459 16.352379 78.396591
v -72.175964 16.403614 78.419693
v -153.037415 17.877449 78.396591
v -153.037415 95.695435 78.446350
v -156.925537 17.928684 78.419693
v -156.925537 95.746658 78.469452
v -156.925537 17.966022 76.488396
v -156.925537 95.783966 76.538147
v -153.037415 17.914795 76.465302
v -153.037415 95.732758 76.515060
v -152.155151 97.408768 76.515060
v -152.155151 97.371445 78.446350
v -157.807861 97.459976 76.538155
v -157.807861 97.422668 78.469452
v -157.459229 16.440950 76.488396
v -152.503723 16.389723 76.465302
v -152.503723 16.352379 78.396591
v -157.459229 16.403614 78.419693
v -33.640869 17.877449 78.396591
v -33.640869 95.695435 78.446350
v -37.528992 17.928684 78.419693
v -37.528992 95.746658 78.469452
v -37.528992 17.966022 76.488396
v -37.528992 95.783966 76.538147
v -33.640869 17.914795 76.465302
v -33.640869 95.732758 76.515060
v -32.758606 97.408768 76.515060
v -32.758606 97.371445 78.446350
v -38.411316 97.459976 76.538155
v -38.411316 97.422668 78.469452
v -38.062683 16.440950 76.488396
v -33.107178 16.389723 76.465302
v -33.107178 16.352379 78.396591
v -38.062683 16.403614 78.419693
v -67.754150 17.877449 78.396591
v -67.754150 95.695435 78.446350
v -71.642273 17.928684 78.419693
v -71.642273 95.746658 78.469452
v -71.642273 17.966022 76.488396
v -71.642273 95.783966 76.538147
v -67.754150 17.914795 76.465302
v -67.754150 95.732758 76.515060
v -66.871887 97.408768 76.515060
v -66.871887 97.371445 78.446350
v -72.524597 97.459976 76.538155
v -72.524597 97.422668 78.469452
v -72.175964 16.440950 76.488396
v -67.220459 16.389723 76.465302
v -67.220459 16.352379 78.396591
v -72.175964 16.403614 78.419693
v 0.472412 16.858833 78.396591
v 0.472412 42.701145 78.446358
v -3.415710 16.875849 78.419693
v -3.415710 42.718151 78.469467
v -3.415710 16.888248 76.488396
v -3.415710 42.730530 76.538162
v 0.472412 16.871235 76.465302
v 0.472412 42.713528 76.515045
v 1.354675 43.270115 76.515038
v 1.354675 43.257725 78.446381
v -4.298035 43.287109 76.538139
v -4.298035 43.274723 78.469452
v -3.949402 16.381792 76.488396
v 1.006104 16.364780 76.465302
v 1.006104 16.352379 78.396591
v -3.949402 16.369392 78.419693
v -84.810852 17.877449 78.396591
v -84.810852 95.695435 78.446350
v -88.698975 17.928684 78.419693
v -88.698975 95.746658 78.469452
v -88.698975 17.966022 76.488396
v -88.698975 95.783966 76.538147
v -84.810852 17.914795 76.465302
v -84.810852 95.732758 76.515060
v -83.928589 97.408768 76.515060
v -83.928589 97.371445 78.446350
v -89.581299 97.459976 76.538155
v -89.581299 97.422668 78.469452
v -89.232666 16.440950 76.488396
v -84.277161 16.389723 76.465302
v -84.277161 16.352379 78.396591
v -89.232666 16.403614 78.419693
v -118.924133 17.877449 78.396591
v -118.924133 95.695435 78.446350
v -122.812256 17.928684 78.419693
v -122.812256 95.746658 78.469452
v -122.812256 17.966022 76.488396
v -122.812256 95.783966 76.538147
v -118.924133 17.914795 76.465302
v -118.924133 95.732758 76.515060
v -118.041870 97.408768 76.515060
v -118.041870 97.371445 78.446350
v -123.694580 97.459976 76.538155
v -123.694580 97.422668 78.469452
v -123.345947 16.440950 76.488396
v -118.390442 16.389723 76.465302
v -118.390442 16.352379 78.396591
v -123.345947 16.403614 78.419693
v -150.185730 -101.309723 -50.404770
v -102.271057 -101.309723 -50.404770
v -150.185730 -67.419434 -34.608974
v -102.271057 -67.419434 -34.608974
v -150.185730 -67.419434 -69.522217
v -102.271057 -67.419434 -69.522217
v -150.185730 -101.309723 -69.522217
v -102.271057 -101.309723 -69.522217
v -20.405945 64.270622 78.369911
v -20.405945 47.866138 78.419632
v -16.517822 64.257950 78.393013
v -16.517822 47.853455 78.442657
v -16.517822 64.248718 76.461716
v -16.517822 47.844246 76.511597
v -20.405945 64.261383 76.438622
v -20.405945 47.856865 76.488365
v -21.005981 47.119717 76.488434
v -21.005981 47.128933 78.419632
v -15.917725 47.107025 76.511490
v -15.917725 47.116318 78.442810
v -15.984131 64.954712 76.461716
v -20.939636 64.967377 76.438622
v -20.939636 64.976616 78.369911
v -15.984131 64.963943 78.393013
v -3.467346 64.462921 78.297005
v -3.467346 47.874409 78.346725
v 0.420776 64.450111 78.320107
v 0.420776 47.861588 78.369751
v 0.420776 64.440781 76.388809
v 0.420776 47.852272 76.438690
v -3.467346 64.453583 76.365715
v -3.467346 47.865028 76.415459
v -4.067383 47.119614 76.415527
v -4.067383 47.128933 78.346725
v 1.020874 47.106781 76.438583
v 1.020874 47.116180 78.369904
v 0.954468 65.154694 76.388809
v -4.001038 65.167503 76.365715
v -4.001038 65.176842 78.297005
v 0.954468 65.164032 78.320107
v -33.640869 17.877449 78.396591
v -33.640869 95.695435 78.446350
v -37.528992 17.928684 78.419693
v -37.528992 95.746658 78.469452
v -37.528992 17.966022 76.488396
v -37.528992 95.783966 76.538147
v -33.640869 17.914795 76.465302
v -33.640869 95.732758 76.515060
v -32.758606 97.408768 76.515060
v -32.758606 97.371445 78.446350
v -38.411316 97.459976 76.538155
v -38.411316 97.422668 78.469452
v -38.062683 16.440950 76.488396
v -33.107178 16.389723 76.465302
v -33.107178 16.352379 78.396591
v -38.062683 16.403614 78.419693
v -101.867493 17.877449 78.396591
v -101.867493 95.695435 78.446350
v -105.755615 17.928684 78.419693
v -105.755615 95.746658 78.469452
v -105.755615 17.966022 76.488396
v -105.755615 95.783966 76.538147
v -101.867493 17.914795 76.465302
v -101.867493 95.732758 76.515060
v -100.985229 97.408768 76.515060
v -100.985229 97.371445 78.446350
v -106.637939 97.459976 76.538155
v -106.637939 97.422668 78.469452
v -106.289307 16.440950 76.488396
v -101.333801 16.389723 76.465302
v -101.333801 16.352379 78.396591
v -106.289307 16.403614 78.419693
v -186.849731 17.877449 9.358862
v -186.799927 95.695435 9.358862
v -186.826660 17.928684 13.247007
v -186.776855 95.746658 13.247007
v -188.757935 17.966022 13.247007
v -188.708130 95.783966 13.247007
v -188.781006 17.914795 9.358862
v -188.731201 95.732758 9.358862
v -188.731201 97.408768 8.476572
v -186.799927 97.371445 8.476572
v -188.708130 97.459976 14.129297
v -186.776855 97.422668 14.129297
v -188.757935 16.440950 13.780697
v -188.781006 16.389723 8.825171
v -186.849731 16.352379 8.825171
v -186.826660 16.403614 13.780697
v 1.020874 47.128933 78.369904
v -21.005981 47.128933 78.419632
v 1.003845 43.240788 78.393005
v -21.023010 43.240788 78.442696
v 0.991455 43.240788 76.461708
v -21.035400 43.240788 76.511551
v 1.008423 47.128933 76.438614
v -21.018433 47.128933 76.488327
v -22.008240 47.728977 76.488426
v -21.995850 47.728977 78.419609
v -22.025269 42.640739 76.511490
v -22.012817 42.640739 78.442780
v 1.939392 42.707096 76.461708
v 1.956421 47.662621 76.438614
v 1.968811 47.662621 78.369904
v 1.951782 42.707096 78.393005
v -16.584229 16.858833 78.396591
v -16.584229 42.701145 78.446358
v -20.472351 16.875849 78.419693
v -20.472351 42.718151 78.469467
v -20.472351 16.888248 76.488396
v -20.472351 42.730530 76.538162
v -16.584229 16.871235 76.465302
v -16.584229 42.713528 76.515045
v -15.701965 43.270115 76.515038
v -15.701965 43.257725 78.446381
v -21.354675 43.287109 76.538139
v -21.354675 43.274723 78.469452
v -21.006042 16.381792 76.488396
v -16.050537 16.364780 76.465302
v -16.050537 16.352379 78.396591
v -21.006042 16.369392 78.419693
v -170.094055 17.877449 78.396591
v -170.094055 95.695435 78.446350
v -173.982178 17.928684 78.419693
v -173.982178 95.746658 78.469452
v -173.982178 17.966022 76.488396
v -173.982178 95.783966 76.538147
v -170.094055 17.914795 76.465302
v -170.094055 95.732758 76.515060
v -169.211792 97.408768 76.515060
v -169.211792 97.371445 78.446350
v -174.864502 97.459976 76.538155
v -174.864502 97.422668 78.469452
v -174.515869 16.440950 76.488396
v -169.560364 16.389723 76.465302
v -169.560364 16.352379 78.396591
v -174.515869 16.403614 78.419693
v -135.980774 17.877449 78.396591
v -135.980774 95.695435 78.446350
v -139.868896 17.928684 78.419693
v -139.868896 95.746658 78.469452
v -139.868896 17.966022 76.488396
v -139.868896 95.783966 76.538147
v -135.980774 17.914795 76.465302
v -135.980774 95.732758 76.515060
v -135.098511 97.408768 76.515060
v -135.098511 97.371445 78.446350
v -140.751221 97.459976 76.538155
v -140.751221 97.422668 78.469452
v -140.402588 16.440950 76.488396
v -135.447083 16.389723 76.465302
v -135.447083 16.352379 78.396591
v -140.402588 16.403614 78.419693
v 1.020874 68.844429 78.369904
v -21.005981 68.844429 78.419632
v 1.003845 64.956284 78.393005
v -21.023010 64.956284 78.442696
v 0.991455 64.956284 76.461708
v -21.035400 64.956284 76.511551
v 1.008423 68.844429 76.438614
v -21.018433 68.844429 76.488327
v -22.008240 69.444473 76.488426
v -21.995850 69.444473 78.419609
v -22.025269 64.356239 76.511490
v -22.012817 64.356239 78.442780
v 1.939392 64.422592 76.461708
v 1.956421 69.378120 76.438614
v 1.968811 69.378120 78.369904
v 1.951782 64.422592 78.393005
v -186.849731 17.877449 -44.524570
v -186.799927 95.695435 -44.524570
v -186.826660 17.928684 -40.636425
v -186.776855 95.746658 -40.636425
v -188.757935 17.966022 -40.636425
v -188.708130 95.783966 -40.636425
v -188.781006 17.914795 -44.524570
v -188.731201 95.732758 -44.524570
v -188.731201 97.408768 -45.406860
v -186.799927 97.371445 -45.406860
v -188.708130 97.459976 -39.754135
v -186.776855 97.422668 -39.754135
v -188.757935 16.440950 -40.102734
v -188.781006 16.389723 -45.058258
v -186.849731 16.352379 -45.058258
v -186.826660 16.403614 -40.102734
v -186.849731 17.877449 22.829721
v -186.799927 95.695435 22.829721
v -186.826660 17.928684 26.717865
v -186.776855 95.746658 26.717865
v -188.757935 17.966022 26.717865
v -188.708130 95.783966 26.717865
v -188.781006 17.914795 22.829721
v -188.731201 95.732758 22.829721
v -188.731201 97.408768 21.947430
v -186.799927 97.371445 21.947430
v -188.708130 97.459976 27.600155
v -186.776855 97.422668 27.600155
v -188.757935 16.440950 27.251556
v -188.781006 16.389723 22.296030
v -186.849731 16.352379 22.296030
v -186.826660 16.403614 27.251556
v -186.849731 17.877449 -57.995430
v -186.799927 95.695435 -57.995430
v -186.826660 17.928684 -54.107285
v -186.776855 95.746658 -54.107285
v -188.757935 17.966022 -54.107285
v -188.708130 95.783966 -54.107285
v -188.781006 17.914795 -57.995430
v -188.731201 95.732758 -57.995430
v -188.731201 97.408768 -58.877720
v -186.799927 97.371445 -58.877720
v -188.708130 97.459976 -53.224995
v -186.776855 97.422668 -53.224995
v -188.757935 16.440950 -53.573593
v -188.781006 16.389723 -58.529118
v -186.849731 16.352379 -58.529118
v -186.826660 16.403614 -53.573593
v 68.699036 17.877449 78.396591
v 68.699036 95.695435 78.446350
v 64.810913 17.928684 78.419693
v 64.810913 95.746658 78.469452
v 64.810913 17.966022 76.488396
v 64.810913 95.783966 76.538147
v 68.699036 17.914795 76.465302
v 68.699036 95.732758 76.515060
v 69.581299 97.408768 76.515060
v 69.581299 97.371445 78.446350
v 63.928589 97.459976 76.538155
v 63.928589 97.422668 78.469452
v 64.277222 16.440950 76.488396
v 69.232727 16.389723 76.465302
v 69.232727 16.352379 78.396591
v 64.277222 16.403614 78.419693
v 102.812317 17.877449 78.396591
v 102.812317 95.695435 78.446350
v 98.924194 17.928684 78.419693
v 98.924194 95.746658 78.469452
v 98.924194 17.966022 76.488396
v 98.924194 95.783966 76.538147
v 102.812317 17.914795 76.465302
v 102.812317 95.732758 76.515060
v 103.694580 97.408768 76.515060
v 103.694580 97.371445 78.446350
v 98.041870 97.459976 76.538155
v 98.041870 97.422668 78.469452
v 98.390503 16.440950 76.488396
v 103.346008 16.389723 76.465302
v 103.346008 16.352379 78.396591
v 98.390503 16.403614 78.419693
v -186.321777 15.886562 70.933167
v -186.271484 98.155090 70.882904
v -182.370483 15.940727 74.837715
v -182.320190 98.209244 74.787453
v -184.321533 15.980200 76.788757
v -184.271240 98.248695 76.738495
v -188.272705 15.926041 72.884193
v -188.222534 98.194550 72.833923
v 153.982239 17.877449 78.396591
v 153.982239 95.695435 78.446350
v 150.094116 17.928684 78.419693
v 150.094116 95.746658 78.469452
v 150.094116 17.966022 76.488396
v 150.094116 95.783966 76.538147
v 153.982239 17.914795 76.465302
v 153.982239 95.732758 76.515060
v 154.864502 97.408768 76.515060
v 154.864502 97.371445 78.446350
v 149.211792 97.459976 76.538155
v 149.211792 97.422668 78.469452
v 149.560425 16.440950 76.488396
v 154.515930 16.389723 76.465302
v 154.515930 16.352379 78.396591
v 149.560425 16.403614 78.419693
v 85.755676 17.877449 78.396591
v 85.755676 95.695435 78.446350
v 81.867554 17.928684 78.419693
v 81.867554 95.746658 78.469452
v 81.867554 17.966022 76.488396
v 81.867554 95.783966 76.538147
v 85.755676 17.914795 76.465302
v 85.755676 95.732758 76.515060
v 86.637939 97.408768 76.515060
v 86.637939 97.371445 78.446350
v 80.985229 97.459976 76.538155
v 80.985229 97.422668 78.469452
v 81.333862 16.440950 76.488396
v 86.289368 16.389723 76.465302
v 86.289368 16.352379 78.396591
v 81.333862 16.403614 78.419693
v -186.849731 17.877449 49.771431
v -186.799927 95.695435 49.771431
v -186.826660 17.928684 53.659576
v -186.776855 95.746658 53.659576
v -188.757935 17.966022 53.659576
v -188.708130 95.783966 53.659576
v -188.781006 17.914795 49.771431
v -188.731201 95.732758 49.771431
v -188.731201 97.408768 48.889141
v -186.799927 97.371445 48.889141
v -188.708130 97.459976 54.541866
v -186.776855 97.422668 54.541866
v -188.757935 16.440950 54.193268
v -188.781006 16.389723 49.237743
v -186.849731 16.352379 49.237743
v -186.826660 16.403614 54.193268
v -186.849731 17.877449 -4.111997
v -186.799927 95.695435 -4.111997
v -186.826660 17.928684 -0.223852
v -186.776855 95.746658 -0.223852
v -188.757935 17.966022 -0.223852
v -188.708130 95.783966 -0.223852
v -188.781006 17.914795 -4.111997
v -188.731201 95.732758 -4.111997
v -188.731201 97.408768 -4.994287
v -186.799927 97.371445 -4.994287
v -188.708130 97.459976 0.658438
v -186.776855 97.422668 0.658438
v -188.757935 16.440950 0.309839
v -188.781006 16.389723 -4.645687
v -186.849731 16.352379 -4.645687
v -186.826660 16.403614 0.309839
v 34.585693 17.877449 78.396591
v 34.585693 95.695435 78.446350
v 30.697571 17.928684 78.419693
v 30.697571 95.746658 78.469452
v 30.697571 17.966022 76.488396
v 30.697571 95.783966 76.538147
v 34.585693 17.914795 76.465302
v 34.585693 95.732758 76.515060
v 35.467957 97.408768 76.515060
v 35.467957 97.371445 78.446350
v 29.815247 97.459976 76.538155
v 29.815247 97.422668 78.469452
v 30.163879 16.440950 76.488396
v 35.119385 16.389723 76.465302
v 35.119385 16.352379 78.396591
v 30.163879 16.403614 78.419693
v 17.529053 17.877449 78.396591
v 17.529053 95.695435 78.446350
v 13.640930 17.928684 78.419693
v 13.640930 95.746658 78.469452
v 13.640930 17.966022 76.488396
v 13.640930 95.783966 76.538147
v 17.529053 17.914795 76.465302
v 17.529053 95.732758 76.515060
v 18.411316 97.408768 76.515060
v 18.411316 97.371445 78.446350
v 12.758606 97.459976 76.538155
v 12.758606 97.422668 78.469452
v 13.107239 16.440950 76.488396
v 18.062744 16.389723 76.465302
v 18.062744 16.352379 78.396591
v 13.107239 16.403614 78.419693
v 136.925598 17.877449 78.396591
v 136.925598 95.695435 78.446350
v 133.037476 17.928684 78.419693
v 133.037476 95.746658 78.469452
v 133.037476 17.966022 76.488396
v 133.037476 95.783966 76.538147
v 136.925598 17.914795 76.465302
v 136.925598 95.732758 76.515060
v 137.807861 97.408768 76.515060
v 137.807861 97.371445 78.446350
v 132.155151 97.459976 76.538155
v 132.155151 97.422668 78.469452
v 132.503784 16.440950 76.488396
v 137.459290 16.389723 76.465302
v 137.459290 16.352379 78.396591
v 132.503784 16.403614 78.419693
v -186.849731 17.877449 -17.582851
v -186.799927 95.695435 -17.582851
v -186.826660 17.928684 -13.694708
v -186.776855 95.746658 -13.694708
v -188.757935 17.966022 -13.694708
v -188.708130 95.783966 -13.694708
v -188.781006 17.914795 -17.582851
v -188.731201 95.732758 -17.582851
v -188.731201 97.408768 -18.465143
v -186.799927 97.371445 -18.465143
v -188.708130 97.459976 -12.812417
v -186.776855 97.422668 -12.812417
v -188.757935 16.440950 -13.161016
v -188.781006 16.389723 -18.116543
v -186.849731 16.352379 -18.116543
v -186.826660 16.403614 -13.161016
v 119.868958 17.877449 78.396591
v 119.868958 95.695435 78.446350
v 115.980835 17.928684 78.419693
v 115.980835 95.746658 78.469452
v 115.980835 17.966022 76.488396
v 115.980835 95.783966 76.538147
v 119.868958 17.914795 76.465302
v 119.868958 95.732758 76.515060
v 120.751221 97.408768 76.515060
v 120.751221 97.371445 78.446350
v 115.098511 97.459976 76.538155
v 115.098511 97.422668 78.469452
v 115.447144 16.440950 76.488396
v 120.402649 16.389723 76.465302
v 120.402649 16.352379 78.396591
v 115.447144 16.403614 78.419693
v 51.642395 17.877449 78.396591
v 51.642395 95.695435 78.446350
v 47.754272 17.928684 78.419693
v 47.754272 95.746658 78.469452
v 47.754272 17.966022 76.488396
v 47.754272 95.783966 76.538147
v 51.642395 17.914795 76.465302
v 51.642395 95.732758 76.515060
v 52.524658 97.408768 76.515060
v 52.524658 97.371445 78.446350
v 46.871948 97.459976 76.538155
v 46.871948 97.422668 78.469452
v 47.220581 16.440950 76.488396
v 52.176086 16.389723 76.465302
v 52.176086 16.352379 78.396591
v 47.220581 16.403614 78.419693
v -186.849731 17.877449 -17.582851
v -186.799927 95.695435 -17.582851
v -186.826660 17.928684 -13.694708
v -186.776855 95.746658 -13.694708
v -188.757935 17.966022 -13.694708
v -188.708130 95.783966 -13.694708
v -188.781006 17.914795 -17.582851
v -188.731201 95.732758 -17.582851
v -188.731201 97.408768 -18.465143
v -186.799927 97.371445 -18.465143
v -188.708130 97.459976 -12.812417
v -186.776855 97.422668 -12.812417
v -188.757935 16.440950 -13.161016
v -188.781006 16.389723 -18.116543
v -186.849731 16.352379 -18.116543
v -186.826660 16.403614 -13.161016
v -186.849731 17.877449 -31.053711
v -186.799927 95.695435 -31.053711
v -186.826660 17.928684 -27.165567
v -186.776855 95.746658 -27.165567
v -188.757935 17.966022 -27.165567
v -188.708130 95.783966 -27.165567
v -188.781006 17.914795 -31.053711
v -188.731201 95.732758 -31.053711
v -188.731201 97.408768 -31.936003
v -186.799927 97.371445 -31.936003
v -188.708130 97.459976 -26.283276
v -186.776855 97.422668 -26.283276
v -188.757935 16.440950 -26.631876
v -188.781006 16.389723 -31.587402
v -186.849731 16.352379 -31.587402
v -186.826660 16.403614 -26.631876
v -186.849731 17.877449 36.300575
v -186.799927 95.695435 36.300575
v -186.826660 17.928684 40.188721
v -186.776855 95.746658 40.188721
v -188.757935 17.966022 40.188721
v -188.708130 95.783966 40.188721
v -188.781006 17.914795 36.300575
v -188.731201 95.732758 36.300575
v -188.731201 97.408768 35.418285
v -186.799927 97.371445 35.418285
v -188.708130 97.459976 41.071011
v -186.776855 97.422668 41.071011
v -188.757935 16.440950 40.722412
v -188.781006 16.389723 35.766888
v -186.849731 16.352379 35.766888
v -186.826660 16.403614 40.722412
v 161.936401 15.886562 75.982979
v 161.881714 98.155090 75.937546
v 165.460815 15.940727 71.689209
v 165.406128 98.209244 71.643784
v 167.583130 15.980200 73.452431
v 167.528442 98.248695 73.407005
v 164.058716 15.926041 77.746193
v 164.004028 98.194550 77.700760
vt 0.375000 0.000000
vt 0.397727 0.000000
vt 0.420455 0.000000
vt 0.443182 0.000000
vt 0.465909 0.000000
vt 0.488636 0.000000
vt 0.511364 0.000000
vt 0.534091 0.000000
vt 0.556818 0.000000
vt 0.579545 0.000000
vt 0.602273 0.000000
vt 0.625000 0.000000
vt 0.375000 0.250000
vt 0.397727 0.250000
vt 0.420455 0.250000
vt 0.443182 0.250000
vt 0.465909 0.250000
vt 0.488636 0.250000
vt 0.511364 0.250000
vt 0.534091 0.250000
vt 0.556818 0.250000
vt 0.579545 0.250000
vt 0.602273 0.250000
vt 0.625000 0.250000
vt 0.375000 0.500000
vt 0.397727 0.500000
vt 0.420455 0.500000
vt 0.443182 0.500000
vt 0.465909 0.500000
vt 0.488636 0.500000
vt 0.511364 0.500000
vt 0.534091 0.500000
vt 0.556818 0.500000
vt 0.579545 0.500000
vt 0.602273 0.500000
vt 0.625000 0.500000
vt 0.375000 0.750000
vt 0.397727 0.750000
vt 0.420455 0.750000
vt 0.443182 0.750000
vt 0.465909 0.750000
vt 0.488636 0.750000
vt 0.511364 0.750000
vt 0.534091 0.750000
vt 0.556818 0.750000
vt 0.579545 0.750000
vt 0.602273 0.750000
vt 0.625000 0.750000
vt 0.375000 1.000000
vt 0.397727 1.000000
vt 0.420455 1.000000
vt 0.443182 1.000000
vt 0.465909 1.000000
vt 0.488636 1.000000
vt 0.511364 1.000000
vt 0.534091 1.000000
vt 0.556818 1.000000
vt 0.579545 1.000000
vt 0.602273 1.000000
vt 0.625000 1.000000
vt 0.875000 0.000000
vt 0.875000 0.250000
vt 0.125000 0.000000
vt 0.125000 0.250000
vt 0.375000 0.000000
vt 0.397727 0.000000
vt 0.397727 0.250000
vt 0.375000 0.250000
vt 0.420455 0.000000
vt 0.420455 0.250000
vt 0.443182 0.000000
vt 0.443182 0.250000
vt 0.465909 0.000000
vt 0.465909 0.250000
vt 0.488636 0.000000
vt 0.488636 0.250000
vt 0.511364 0.000000
vt 0.511364 0.250000
vt 0.534091 0.000000
vt 0.534091 0.250000
vt 0.556818 0.000000
vt 0.556818 0.250000
vt 0.579545 0.000000
vt 0.579545 0.250000
vt 0.602273 0.000000
vt 0.602273 0.250000
vt 0.625000 0.000000
vt 0.625000 0.250000
vt 0.397727 0.500000
vt 0.375000 0.500000
vt 0.420455 0.500000
vt 0.443182 0.500000
vt 0.465909 0.500000
vt 0.488636 0.500000
vt 0.511364 0.500000
vt 0.534091 0.500000
vt 0.556818 0.500000
vt 0.579545 0.500000
vt 0.602273 0.500000
vt 0.625000 0.500000
vt 0.397727 0.750000
vt 0.375000 0.750000
vt 0.420455 0.750000
vt 0.443182 0.750000
vt 0.465909 0.750000
vt 0.488636 0.750000
vt 0.511364 0.750000
vt 0.534091 0.750000
vt 0.556818 0.750000
vt 0.579545 0.750000
vt 0.602273 0.750000
vt 0.625000 0.750000
vt 0.397727 1.000000
vt 0.375000 1.000000
vt 0.420455 1.000000
vt 0.443182 1.000000
vt 0.465909 1.000000
vt 0.488636 1.000000
vt 0.511364 1.000000
vt 0.534091 1.000000
vt 0.556818 1.000000
vt 0.579545 1.000000
vt 0.602273 1.000000
vt 0.625000 1.000000
vt 0.875000 0.000000
vt 0.875000 0.250000
vt 0.125000 0.000000
vt 0.125000 0.250000
vt 0.375000 0.000000
vt 0.625000 0.000000
vt 0.625000 0.250000
vt 0.375000 0.250000
vt 0.625000 0.500000
vt 0.375000 0.500000
vt 0.625000 0.750000
vt 0.375000 0.750000
vt 0.375000 0.750000
vt 0.625000 0.750000
vt 0.625000 1.000000
vt 0.375000 1.000000
vt 0.875000 0.000000
vt 0.875000 0.250000
vt 0.125000 0.000000
vt 0.125000 0.250000
vt 0.625000 1.000000
vt 0.375000 1.000000
vt 0.375000 0.000000
vt 0.625000 0.000000
vt 0.625000 0.250000
vt 0.375000 0.250000
vt 0.625000 0.500000
vt 0.375000 0.500000
vt 0.625000 0.750000
vt 0.375000 0.750000
vt 0.625000 1.000000
vt 0.375000 1.000000
vt 0.875000 0.000000
vt 0.875000 0.250000
vt 0.125000 0.000000
vt 0.125000 0.250000
vt 0.602273 0.000000
vt 0.625000 0.000000
vt 0.625000 0.250000
vt 0.602273 0.250000
vt 0.625000 0.500000
vt 0.602273 0.500000
vt 0.625000 0.750000
vt 0.602273 0.750000
vt 0.625000 1.000000
vt 0.602273 1.000000
vt 0.625000 0.000000
vt 0.875000 0.000000
vt 0.875000 0.250000
vt 0.625000 0.250000
vt 0.000000 0.000000
vt 0.996320 0.000000
vt 1.000000 0.486118
vt 0.003680 0.486118
vt 0.875000 0.000000
vt 0.875000 0.250000
vt 0.000000 0.000000
vt 0.996320 0.000000
vt 1.000000 0.486118
vt 0.003680 0.486118
vt 0.375000 0.000000
vt 0.625000 0.000000
vt 0.625000 0.250000
vt 0.375000 0.250000
vt 0.625000 0.500000
vt 0.375000 0.500000
vt 0.625000 0.750000
vt 0.375000 0.750000
vt 0.375000 0.750000
vt 0.625000 0.750000
vt 0.625000 1.000000
vt 0.375000 1.000000
vt 0.875000 0.000000
vt 0.875000 0.250000
vt 0.125000 0.000000
vt 0.125000 0.250000
vt 0.625000 1.000000
vt 0.375000 1.000000
vt 0.375000 0.000000
vt 0.397727 0.000000
vt 0.397727 0.250000
vt 0.375000 0.250000
vt 0.420455 0.000000
vt 0.420455 0.250000
vt 0.443182 0.000000
vt 0.443182 0.250000
vt 0.465909 0.000000
vt 0.465909 0.250000
vt 0.488636 0.000000
vt 0.488636 0.250000
vt 0.511364 0.000000
vt 0.511364 0.250000
vt 0.534091 0.000000
vt 0.534091 0.250000
vt 0.556818 0.000000
vt 0.556818 0.250000
vt 0.579545 0.000000
vt 0.579545 0.250000
vt 0.602273 0.000000
vt 0.602273 0.250000
vt 0.625000 0.000000
vt 0.625000 0.250000
vt 0.397727 0.500000
vt 0.375000 0.500000
vt 0.420455 0.500000
vt 0.443182 0.500000
vt 0.465909 0.500000
vt 0.488636 0.500000
vt 0.511364 0.500000
vt 0.534091 0.500000
vt 0.556818 0.500000
vt 0.579545 0.500000
vt 0.602273 0.500000
vt 0.625000 0.500000
vt 0.397727 0.750000
vt 0.375000 0.750000
vt 0.420455 0.750000
vt 0.443182 0.750000
vt 0.465909 0.750000
vt 0.488636 0.750000
vt 0.511364 0.750000
vt 0.534091 0.750000
vt 0.556818 0.750000
vt 0.579545 0.750000
vt 0.602273 0.750000
vt 0.625000 0.750000
vt 0.397727 1.000000
vt 0.375000 1.000000
vt 0.420455 1.000000
vt 0.443182 1.000000
vt 0.465909 1.000000
vt 0.488636 1.000000
vt 0.511364 1.000000
vt 0.534091 1.000000
vt 0.556818 1.000000
vt 0.579545 1.000000
vt 0.602273 1.000000
vt 0.625000 1.000000
vt 0.875000 0.000000
vt 0.875000 0.250000
vt 0.125000 0.000000
vt 0.125000 0.250000
vt 0.375000 0.000000
vt 0.397727 0.000000
vt 0.397727 0.250000
vt 0.375000 0.250000
vt 0.420455 0.000000
vt 0.420455 0.250000
vt 0.443182 0.000000
vt 0.443182 0.250000
vt 0.465909 0.000000
vt 0.465909 0.250000
vt 0.488636 0.000000
vt 0.488636 0.250000
vt 0.511364 0.000000
vt 0.511364 0.250000
vt 0.534091 0.000000
vt 0.534091 0.250000
vt 0.556818 0.000000
vt 0.556818 0.250000
vt 0.579545 0.000000
vt 0.579545 0.250000
vt 0.602273 0.000000
vt 0.602273 0.250000
vt 0.625000 0.000000
vt 0.625000 0.250000
vt 0.397727 0.500000
vt 0.375000 0.500000
vt 0.420455 0.500000
vt 0.443182 0.500000
vt 0.465909 0.500000
vt 0.488636 0.500000
vt 0.511364 0.500000
vt 0.534091 0.500000
vt 0.556818 0.500000
vt 0.579545 0.500000
vt 0.602273 0.500000
vt 0.625000 0.500000
vt 0.397727 0.750000
vt 0.375000 0.750000
vt 0.420455 0.750000
vt 0.443182 0.750000
vt 0.465909 0.750000
vt 0.488636 0.750000
vt 0.511364 0.750000
vt 0.534091 0.750000
vt 0.556818 0.750000
vt 0.579545 0.750000
vt 0.602273 0.750000
vt 0.625000 0.750000
vt 0.397727 1.000000
vt 0.375000 1.000000
vt 0.420455 1.000000
vt 0.443182 1.000000
vt 0.465909 1.000000
vt 0.488636 1.000000
vt 0.511364 1.000000
vt 0.534091 1.000000
vt 0.556818 1.000000
vt 0.579545 1.000000
vt 0.602273 1.000000
vt 0.625000 1.000000
vt 0.875000 0.000000
vt 0.875000 0.250000
vt 0.125000 0.000000
vt 0.125000 0.250000
vt 0.602273 0.000000
vt 0.625000 0.000000
vt 0.625000 0.250000
vt 0.602273 0.250000
vt 0.625000 0.500000
vt 0.602273 0.500000
vt 0.625000 0.750000
vt 0.602273 0.750000
vt 0.625000 1.000000
vt 0.602273 1.000000
vt 0.625000 0.000000
vt 0.875000 0.000000
vt 0.875000 0.250000
vt 0.625000 0.250000
vt 0.000000 0.000000
vt 0.996320 0.000000
vt 1.000000 0.486118
vt 0.003680 0.486118
vt 0.875000 0.000000
vt 0.875000 0.250000
vt 0.000000 0.000000
vt 0.996320 0.000000
vt 1.000000 0.486118
vt 0.003680 0.486118
vt 0.602273 0.000000
vt 0.625000 0.000000
vt 0.625000 0.250000
vt 0.602273 0.250000
vt 0.625000 0.500000
vt 0.602273 0.500000
vt 0.625000 0.750000
vt 0.602273 0.750000
vt 0.625000 1.000000
vt 0.602273 1.000000
vt 0.625000 0.000000
vt 0.875000 0.000000
vt 0.875000 0.250000
vt 0.625000 0.250000
vt 0.000000 0.000000
vt 0.996320 0.000000
vt 1.000000 0.486118
vt 0.003680 0.486118
vt 0.875000 0.000000
vt 0.875000 0.250000
vt 0.000000 0.000000
vt 0.996320 0.000000
vt 1.000000 0.486118
vt 0.003680 0.486118
vt 0.602273 0.000000
vt 0.625000 0.000000
vt 0.625000 0.250000
vt 0.602273 0.250000
vt 0.625000 0.500000
vt 0.602273 0.500000
vt 0.625000 0.750000
vt 0.602273 0.750000
vt 0.625000 1.000000
vt 0.602273 1.000000
vt 0.625000 0.000000
vt 0.875000 0.000000
vt 0.875000 0.250000
vt 0.625000 0.250000
vt 0.000000 0.000000
vt 0.996320 0.000000
vt 1.000000 0.486118
vt 0.003680 0.486118
vt 0.875000 0.000000
vt 0.875000 0.250000
vt 0.000000 0.000000
vt 0.996320 0.000000
vt 1.000000 0.486118
vt 0.003680 0.486118
vt 0.602273 0.000000
vt 0.625000 0.000000
vt 0.625000 0.250000
vt 0.602273 0.250000
vt 0.625000 0.500000
vt 0.602273 0.500000
vt 0.625000 0.750000
vt 0.602273 0.750000
vt 0.625000 1.000000
vt 0.602273 1.000000
vt 0.625000 0.000000
vt 0.875000 0.000000
vt 0.875000 0.250000
vt 0.625000 0.250000
vt 0.000000 0.000000
vt 0.996320 0.000000
vt 1.000000 0.486118
vt 0.003680 0.486118
vt 0.875000 0.000000
vt 0.875000 0.250000
vt 0.000000 0.000000
vt 0.996320 0.000000
vt 1.000000 0.486118
vt 0.003680 0.486118
vt 0.602273 0.000000
vt 0.625000 0.000000
vt 0.625000 0.250000
vt 0.602273 0.250000
vt 0.625000 0.500000
vt 0.602273 0.500000
vt 0.625000 0.750000
vt 0.602273 0.750000
vt 0.625000 1.000000
vt 0.602273 1.000000
vt 0.625000 0.000000
vt 0.875000 0.000000
vt 0.875000 0.250000
vt 0.625000 0.250000
vt 0.000000 0.000000
vt 0.996320 0.000000
vt 1.000000 0.486118
vt 0.003680 0.486118
vt 0.875000 0.000000
vt 0.875000 0.250000
vt 0.000000 0.000000
vt 0.996320 0.000000
vt 1.000000 0.486118
vt 0.003680 0.486118
vt 0.602273 0.000000
vt 0.625000 0.000000
vt 0.625000 0.250000
vt 0.602273 0.250000
vt 0.625000 0.500000
vt 0.602273 0.500000
vt 0.625000 0.750000
vt 0.602273 0.750000
vt 0.625000 1.000000
vt 0.602273 1.000000
vt 0.625000 0.000000
vt 0.875000 0.000000
vt 0.875000 0.250000
vt 0.625000 0.250000
vt 0.000000 0.000000
vt 0.996320 0.000000
vt 1.000000 0.486118
vt 0.003680 0.486118
vt 0.875000 0.000000
vt 0.875000 0.250000
vt 0.000000 0.000000
vt 0.996320 0.000000
vt 1.000000 0.486118
vt 0.003680 0.486118
vt 0.602273 0.000000
vt 0.625000 0.000000
vt 0.625000 0.250000
vt 0.602273 0.250000
vt 0.625000 0.500000
vt 0.602273 0.500000
vt 0.625000 0.750000
vt 0.602273 0.750000
vt 0.625000 1.000000
vt 0.602273 1.000000
vt 0.625000 0.000000
vt 0.875000 0.000000
vt 0.875000 0.250000
vt 0.625000 0.250000
vt 0.000000 0.000000
vt 0.996320 0.000000
vt 1.000000 0.486118
vt 0.003680 0.486118
vt 0.875000 0.000000
vt 0.875000 0.250000
vt 0.000000 0.000000
vt 0.996320 0.000000
vt 1.000000 0.486118
vt 0.003680 0.486118
vt 0.602273 0.000000
vt 0.625000 0.000000
vt 0.625000 0.250000
vt 0.602273 0.250000
vt 0.625000 0.500000
vt 0.602273 0.500000
vt 0.625000 0.750000
vt 0.602273 0.750000
vt 0.625000 1.000000
vt 0.602273 1.000000
vt 0.625000 0.000000
vt 0.875000 0.000000
vt 0.875000 0.250000
vt 0.625000 0.250000
vt 0.000000 0.000000
vt 0.996320 0.000000
vt 1.000000 0.486118
vt 0.003680 0.486118
vt 0.875000 0.000000
vt 0.875000 0.250000
vt 0.000000 0.000000
vt 0.996320 0.000000
vt 1.000000 0.486118
vt 0.003680 0.486118
vt 0.602273 0.000000
vt 0.625000 0.000000
vt 0.625000 0.250000
vt 0.602273 0.250000
vt 0.625000 0.500000
vt 0.602273 0.500000
vt 0.625000 0.750000
vt 0.602273 0.750000
vt 0.625000 1.000000
vt 0.602273 1.000000
vt 0.625000 0.000000
vt 0.875000 0.000000
vt 0.875000 0.250000
vt 0.625000 0.250000
vt 0.000000 0.000000
vt 0.996320 0.000000
vt 1.000000 0.486118
vt 0.003680 0.486118
vt 0.875000 0.000000
vt 0.875000 0.250000
vt 0.000000 0.000000
vt 0.996320 0.000000
vt 1.000000 0.486118
vt 0.003680 0.486118
vt 0.602273 0.000000
vt 0.625000 0.000000
vt 0.625000 0.250000
vt 0.602273 0.250000
vt 0.625000 0.500000
vt 0.602273 0.500000
vt 0.625000 0.750000
vt 0.602273 0.750000
vt 0.625000 1.000000
vt 0.602273 1.000000
vt 0.625000 0.000000
vt 0.875000 0.000000
vt 0.875000 0.250000
vt 0.625000 0.250000
vt 0.000000 0.000000
vt 0.996320 0.000000
vt 1.000000 0.486118
vt 0.003680 0.486118
vt 0.875000 0.000000
vt 0.875000 0.250000
vt 0.000000 0.000000
vt 0.996320 0.000000
vt 1.000000 0.486118
vt 0.003680 0.486118
vt 0.602273 0.000000
vt 0.625000 0.000000
vt 0.625000 0.250000
vt 0.602273 0.250000
vt 0.625000 0.500000
vt 0.602273 0.500000
vt 0.625000 0.750000
vt 0.602273 0.750000
vt 0.625000 1.000000
vt 0.602273 1.000000
vt 0.625000 0.000000
vt 0.875000 0.000000
vt 0.875000 0.250000
vt 0.625000 0.250000
vt 0.000000 0.000000
vt 0.996320 0.000000
vt 1.000000 0.486118
vt 0.003680 0.486118
vt 0.875000 0.000000
vt 0.875000 0.250000
vt 0.000000 0.000000
vt 0.996320 0.000000
vt 1.000000 0.486118
vt 0.003680 0.486118
vt 0.375000 0.000000
vt 0.625000 0.000000
vt 0.625000 0.250000
vt 0.375000 0.250000
vt 0.625000 0.500000
vt 0.375000 0.500000
vt 0.625000 0.750000
vt 0.375000 0.750000
vt 0.375000 0.750000
vt 0.625000 0.750000
vt 0.625000 1.000000
vt 0.375000 1.000000
vt 0.875000 0.000000
vt 0.875000 0.250000
vt 0.125000 0.000000
vt 0.125000 0.250000
vt 0.625000 0.750000
vt 0.375000 0.750000
vt 0.625000 1.000000
vt 0.625000 1.000000
vt 0.375000 1.000000
vt 0.375000 1.000000
vt 0.602273 0.000000
vt 0.625000 0.000000
vt 0.625000 0.250000
vt 0.602273 0.250000
vt 0.625000 0.500000
vt 0.602273 0.500000
vt 0.625000 0.750000
vt 0.602273 0.750000
vt 0.625000 1.000000
vt 0.602273 1.000000
vt 0.625000 0.000000
vt 0.875000 0.000000
vt 0.875000 0.250000
vt 0.625000 0.250000
vt 0.000000 0.000000
vt 0.996320 0.000000
vt 1.000000 0.486118
vt 0.003680 0.486118
vt 0.875000 0.000000
vt 0.875000 0.250000
vt 0.000000 0.000000
vt 0.996320 0.000000
vt 1.000000 0.486118
vt 0.003680 0.486118
vt 0.602273 0.000000
vt 0.625000 0.000000
vt 0.625000 0.250000
vt 0.602273 0.250000
vt 0.625000 0.500000
vt 0.602273 0.500000
vt 0.625000 0.750000
vt 0.602273 0.750000
vt 0.625000 1.000000
vt 0.602273 1.000000
vt 0.625000 0.000000
vt 0.875000 0.000000
vt 0.875000 0.250000
vt 0.625000 0.250000
vt 0.000000 0.000000
vt 0.996320 0.000000
vt 1.000000 0.486118
vt 0.003680 0.486118
vt 0.875000 0.000000
vt 0.875000 0.250000
vt 0.000000 0.000000
vt 0.996320 0.000000
vt 1.000000 0.486118
vt 0.003680 0.486118
vt 0.602273 0.000000
vt 0.625000 0.000000
vt 0.625000 0.250000
vt 0.602273 0.250000
vt 0.625000 0.500000
vt 0.602273 0.500000
vt 0.625000 0.750000
vt 0.602273 0.750000
vt 0.625000 1.000000
vt 0.602273 1.000000
vt 0.625000 0.000000
vt 0.875000 0.000000
vt 0.875000 0.250000
vt 0.625000 0.250000
vt 0.000000 0.000000
vt 0.996320 0.000000
vt 1.000000 0.486118
vt 0.003680 0.486118
vt 0.875000 0.000000
vt 0.875000 0.250000
vt 0.000000 0.000000
vt 0.996320 0.000000
vt 1.000000 0.486118
vt 0.003680 0.486118
vt 0.602273 0.000000
vt 0.625000 0.000000
vt 0.625000 0.250000
vt 0.602273 0.250000
vt 0.625000 0.500000
vt 0.602273 0.500000
vt 0.625000 0.750000
vt 0.602273 0.750000
vt 0.625000 1.000000
vt 0.602273 1.000000
vt 0.625000 0.000000
vt 0.875000 0.000000
vt 0.875000 0.250000
vt 0.625000 0.250000
vt 0.000000 0.000000
vt 0.996320 0.000000
vt 1.000000 0.486118
vt 0.003680 0.486118
vt 0.875000 0.000000
vt 0.875000 0.250000
vt 0.000000 0.000000
vt 0.996320 0.000000
vt 1.000000 0.486118
vt 0.003680 0.486118
vt 0.602273 0.000000
vt 0.625000 0.000000
vt 0.625000 0.250000
vt 0.602273 0.250000
vt 0.625000 0.500000
vt 0.602273 0.500000
vt 0.625000 0.750000
vt 0.602273 0.750000
vt 0.625000 1.000000
vt 0.602273 1.000000
vt 0.625000 0.000000
vt 0.875000 0.000000
vt 0.875000 0.250000
vt 0.625000 0.250000
vt 0.000000 0.000000
vt 0.996320 0.000000
vt 1.000000 0.486118
vt 0.003680 0.486118
vt 0.875000 0.000000
vt 0.875000 0.250000
vt 0.000000 0.000000
vt 0.996320 0.000000
vt 1.000000 0.486118
vt 0.003680 0.486118
vt 0.602273 0.000000
vt 0.625000 0.000000
vt 0.625000 0.250000
vt 0.602273 0.250000
vt 0.625000 0.500000
vt 0.602273 0.500000
vt 0.625000 0.750000
vt 0.602273 0.750000
vt 0.625000 1.000000
vt 0.602273 1.000000
vt 0.625000 0.000000
vt 0.875000 0.000000
vt 0.875000 0.250000
vt 0.625000 0.250000
vt 0.000000 0.000000
vt 0.996320 0.000000
vt 1.000000 0.486118
vt 0.003680 0.486118
vt 0.875000 0.000000
vt 0.875000 0.250000
vt 0.000000 0.000000
vt 0.996320 0.000000
vt 1.000000 0.486118
vt 0.003680 0.486118
vt 0.602273 0.000000
vt 0.625000 0.000000
vt 0.625000 0.250000
vt 0.602273 0.250000
vt 0.625000 0.500000
vt 0.602273 0.500000
vt 0.625000 0.750000
vt 0.602273 0.750000
vt 0.625000 1.000000
vt 0.602273 1.000000
vt 0.625000 0.000000
vt 0.875000 0.000000
vt 0.875000 0.250000
vt 0.625000 0.250000
vt 0.000000 0.000000
vt 0.996320 0.000000
vt 1.000000 0.486118
vt 0.003680 0.486118
vt 0.875000 0.000000
vt 0.875000 0.250000
vt 0.000000 0.000000
vt 0.996320 0.000000
vt 1.000000 0.486118
vt 0.003680 0.486118
vt 0.602273 0.000000
vt 0.625000 0.000000
vt 0.625000 0.250000
vt 0.602273 0.250000
vt 0.625000 0.500000
vt 0.602273 0.500000
vt 0.625000 0.750000
vt 0.602273 0.750000
vt 0.625000 1.000000
vt 0.602273 1.000000
vt 0.625000 0.000000
vt 0.875000 0.000000
vt 0.875000 0.250000
vt 0.625000 0.250000
vt 0.000000 0.000000
vt 0.996320 0.000000
vt 1.000000 0.486118
vt 0.003680 0.486118
vt 0.875000 0.000000
vt 0.875000 0.250000
vt 0.000000 0.000000
vt 0.996320 0.000000
vt 1.000000 0.486118
vt 0.003680 0.486118
vt 0.602273 0.000000
vt 0.625000 0.000000
vt 0.625000 0.250000
vt 0.602273 0.250000
vt 0.625000 0.500000
vt 0.602273 0.500000
vt 0.625000 0.750000
vt 0.602273 0.750000
vt 0.625000 1.000000
vt 0.602273 1.000000
vt 0.625000 0.000000
vt 0.875000 0.000000
vt 0.875000 0.250000
vt 0.625000 0.250000
vt 0.000000 0.000000
vt 0.996320 0.000000
vt 1.000000 0.486118
vt 0.003680 0.486118
vt 0.875000 0.000000
vt 0.875000 0.250000
vt 0.000000 0.000000
vt 0.996320 0.000000
vt 1.000000 0.486118
vt 0.003680 0.486118
vt 0.602273 0.000000
vt 0.625000 0.000000
vt 0.625000 0.250000
vt 0.602273 0.250000
vt 0.625000 0.500000
vt 0.602273 0.500000
vt 0.625000 0.750000
vt 0.602273 0.750000
vt 0.625000 1.000000
vt 0.602273 1.000000
vt 0.625000 0.000000
vt 0.875000 0.000000
vt 0.875000 0.250000
vt 0.625000 0.250000
vt 0.000000 0.000000
vt 0.996320 0.000000
vt 1.000000 0.486118
vt 0.003680 0.486118
vt 0.875000 0.000000
vt 0.875000 0.250000
vt 0.000000 0.000000
vt 0.996320 0.000000
vt 1.000000 0.486118
vt 0.003680 0.486118
vt 0.602273 0.000000
vt 0.625000 0.000000
vt 0.625000 0.250000
vt 0.602273 0.250000
vt 0.625000 0.500000
vt 0.602273 0.500000
vt 0.625000 0.750000
vt 0.602273 0.750000
vt 0.625000 1.000000
vt 0.602273 1.000000
vt 0.625000 0.000000
vt 0.875000 0.000000
vt 0.875000 0.250000
vt 0.625000 0.250000
vt 0.000000 0.000000
vt 0.996320 0.000000
vt 1.000000 0.486118
vt 0.003680 0.486118
vt 0.875000 0.000000
vt 0.875000 0.250000
vt 0.000000 0.000000
vt 0.996320 0.000000
vt 1.000000 0.486118
vt 0.003680 0.486118
vt 0.602273 0.000000
vt 0.625000 0.000000
vt 0.625000 0.250000
vt 0.602273 0.250000
vt 0.625000 0.500000
vt 0.602273 0.500000
vt 0.625000 0.750000
vt 0.602273 0.750000
vt 0.625000 1.000000
vt 0.602273 1.000000
vt 0.625000 0.000000
vt 0.875000 0.000000
vt 0.875000 0.250000
vt 0.625000 0.250000
vt 0.000000 0.000000
vt 0.996320 0.000000
vt 1.000000 0.486118
vt 0.003680 0.486118
vt 0.875000 0.000000
vt 0.875000 0.250000
vt 0.000000 0.000000
vt 0.996320 0.000000
vt 1.000000 0.486118
vt 0.003680 0.486118
vt 0.602273 0.000000
vt 0.625000 0.000000
vt 0.625000 0.250000
vt 0.602273 0.250000
vt 0.625000 0.500000
vt 0.602273 0.500000
vt 0.625000 0.750000
vt 0.602273 0.750000
vt 0.625000 1.000000
vt 0.602273 1.000000
vt 0.625000 0.000000
vt 0.875000 0.000000
vt 0.875000 0.250000
vt 0.625000 0.250000
vt 0.000000 0.000000
vt 0.996320 0.000000
vt 1.000000 0.486118
vt 0.003680 0.486118
vt 0.875000 0.000000
vt 0.875000 0.250000
vt 0.000000 0.000000
vt 0.996320 0.000000
vt 1.000000 0.486118
vt 0.003680 0.486118
vt 0.602273 0.000000
vt 0.625000 0.000000
vt 0.625000 0.250000
vt 0.602273 0.250000
vt 0.625000 0.500000
vt 0.602273 0.500000
vt 0.625000 0.750000
vt 0.602273 0.750000
vt 0.625000 1.000000
vt 0.602273 1.000000
vt 0.625000 0.000000
vt 0.875000 0.000000
vt 0.875000 0.250000
vt 0.625000 0.250000
vt 0.000000 0.000000
vt 0.996320 0.000000
vt 1.000000 0.486118
vt 0.003680 0.486118
vt 0.875000 0.000000
vt 0.875000 0.250000
vt 0.000000 0.000000
vt 0.996320 0.000000
vt 1.000000 0.486118
vt 0.003680 0.486118
vt 0.602273 0.000000
vt 0.625000 0.000000
vt 0.625000 0.250000
vt 0.602273 0.250000
vt 0.625000 0.500000
vt 0.602273 0.500000
vt 0.625000 0.750000
vt 0.602273 0.750000
vt 0.625000 1.000000
vt 0.602273 1.000000
vt 0.625000 0.000000
vt 0.875000 0.000000
vt 0.875000 0.250000
vt 0.625000 0.250000
vt 0.000000 0.000000
vt 0.996320 0.000000
vt 1.000000 0.486118
vt 0.003680 0.486118
vt 0.875000 0.000000
vt 0.875000 0.250000
vt 0.000000 0.000000
vt 0.996320 0.000000
vt 1.000000 0.486118
vt 0.003680 0.486118
vt 0.602273 0.000000
vt 0.625000 0.000000
vt 0.625000 0.250000
vt 0.602273 0.250000
vt 0.625000 0.500000
vt 0.602273 0.500000
vt 0.625000 0.750000
vt 0.602273 0.750000
vt 0.625000 1.000000
vt 0.602273 1.000000
vt 0.625000 0.000000
vt 0.875000 0.000000
vt 0.875000 0.250000
vt 0.625000 0.250000
vt 0.000000 0.000000
vt 0.996320 0.000000
vt 1.000000 0.486118
vt 0.003680 0.486118
vt 0.875000 0.000000
vt 0.875000 0.250000
vt 0.000000 0.000000
vt 0.996320 0.000000
vt 1.000000 0.486118
vt 0.003680 0.486118
vt 0.602273 0.000000
vt 0.625000 0.000000
vt 0.625000 0.250000
vt 0.602273 0.250000
vt 0.625000 0.500000
vt 0.602273 0.500000
vt 0.625000 0.750000
vt 0.602273 0.750000
vt 0.625000 1.000000
vt 0.602273 1.000000
vt 0.625000 0.000000
vt 0.875000 0.000000
vt 0.875000 0.250000
vt 0.625000 0.250000
vt 0.000000 0.000000
vt 0.996320 0.000000
vt 1.000000 0.486118
vt 0.003680 0.486118
vt 0.875000 0.000000
vt 0.875000 0.250000
vt 0.000000 0.000000
vt 0.996320 0.000000
vt 1.000000 0.486118
vt 0.003680 0.486118
vt 0.375000 0.000000
vt 0.625000 0.000000
vt 0.625000 0.250000
vt 0.375000 0.250000
vt 0.625000 0.500000
vt 0.375000 0.500000
vt 0.625000 0.750000
vt 0.375000 0.750000
vt 0.625000 1.000000
vt 0.375000 1.000000
vt 0.875000 0.000000
vt 0.875000 0.250000
vt 0.125000 0.000000
vt 0.125000 0.250000
vt 0.602273 0.000000
vt 0.625000 0.000000
vt 0.625000 0.250000
vt 0.602273 0.250000
vt 0.625000 0.500000
vt 0.602273 0.500000
vt 0.625000 0.750000
vt 0.602273 0.750000
vt 0.625000 1.000000
vt 0.602273 1.000000
vt 0.625000 0.000000
vt 0.875000 0.000000
vt 0.875000 0.250000
vt 0.625000 0.250000
vt 0.000000 0.000000
vt 0.996320 0.000000
vt 1.000000 0.486118
vt 0.003680 0.486118
vt 0.875000 0.000000
vt 0.875000 0.250000
vt 0.000000 0.000000
vt 0.996320 0.000000
vt 1.000000 0.486118
vt 0.003680 0.486118
vt 0.602273 0.000000
vt 0.625000 0.000000
vt 0.625000 0.250000
vt 0.602273 0.250000
vt 0.625000 0.500000
vt 0.602273 0.500000
vt 0.625000 0.750000
vt 0.602273 0.750000
vt 0.625000 1.000000
vt 0.602273 1.000000
vt 0.625000 0.000000
vt 0.875000 0.000000
vt 0.875000 0.250000
vt 0.625000 0.250000
vt 0.000000 0.000000
vt 0.996320 0.000000
vt 1.000000 0.486118
vt 0.003680 0.486118
vt 0.875000 0.000000
vt 0.875000 0.250000
vt 0.000000 0.000000
vt 0.996320 0.000000
vt 1.000000 0.486118
vt 0.003680 0.486118
vt 0.602273 0.000000
vt 0.625000 0.000000
vt 0.625000 0.250000
vt 0.602273 0.250000
vt 0.625000 0.500000
vt 0.602273 0.500000
vt 0.625000 0.750000
vt 0.602273 0.750000
vt 0.625000 1.000000
vt 0.602273 1.000000
vt 0.625000 0.000000
vt 0.875000 0.000000
vt 0.875000 0.250000
vt 0.625000 0.250000
vt 0.000000 0.000000
vt 0.996320 0.000000
vt 1.000000 0.486118
vt 0.003680 0.486118
vt 0.875000 0.000000
vt 0.875000 0.250000
vt 0.000000 0.000000
vt 0.996320 0.000000
vt 1.000000 0.486118
vt 0.003680 0.486118
vt 0.602273 0.000000
vt 0.625000 0.000000
vt 0.625000 0.250000
vt 0.602273 0.250000
vt 0.625000 0.500000
vt 0.602273 0.500000
vt 0.625000 0.750000
vt 0.602273 0.750000
vt 0.625000 1.000000
vt 0.602273 1.000000
vt 0.625000 0.000000
vt 0.875000 0.000000
vt 0.875000 0.250000
vt 0.625000 0.250000
vt 0.000000 0.000000
vt 0.996320 0.000000
vt 1.000000 0.486118
vt 0.003680 0.486118
vt 0.875000 0.000000
vt 0.875000 0.250000
vt 0.000000 0.000000
vt 0.996320 0.000000
vt 1.000000 0.486118
vt 0.003680 0.486118
vt 0.602273 0.000000
vt 0.625000 0.000000
vt 0.625000 0.250000
vt 0.602273 0.250000
vt 0.625000 0.500000
vt 0.602273 0.500000
vt 0.625000 0.750000
vt 0.602273 0.750000
vt 0.625000 1.000000
vt 0.602273 1.000000
vt 0.625000 0.000000
vt 0.875000 0.000000
vt 0.875000 0.250000
vt 0.625000 0.250000
vt 0.000000 0.000000
vt 0.996320 0.000000
vt 1.000000 0.486118
vt 0.003680 0.486118
vt 0.875000 0.000000
vt 0.875000 0.250000
vt 0.000000 0.000000
vt 0.996320 0.000000
vt 1.000000 0.486118
vt 0.003680 0.486118
vt 0.602273 0.000000
vt 0.625000 0.000000
vt 0.625000 0.250000
vt 0.602273 0.250000
vt 0.625000 0.500000
vt 0.602273 0.500000
vt 0.625000 0.750000
vt 0.602273 0.750000
vt 0.625000 1.000000
vt 0.602273 1.000000
vt 0.625000 0.000000
vt 0.875000 0.000000
vt 0.875000 0.250000
vt 0.625000 0.250000
vt 0.000000 0.000000
vt 0.996320 0.000000
vt 1.000000 0.486118
vt 0.003680 0.486118
vt 0.875000 0.000000
vt 0.875000 0.250000
vt 0.000000 0.000000
vt 0.996320 0.000000
vt 1.000000 0.486118
vt 0.003680 0.486118
vt 0.602273 0.000000
vt 0.625000 0.000000
vt 0.625000 0.250000
vt 0.602273 0.250000
vt 0.625000 0.500000
vt 0.602273 0.500000
vt 0.625000 0.750000
vt 0.602273 0.750000
vt 0.625000 1.000000
vt 0.602273 1.000000
vt 0.625000 0.000000
vt 0.875000 0.000000
vt 0.875000 0.250000
vt 0.625000 0.250000
vt 0.000000 0.000000
vt 0.996320 0.000000
vt 1.000000 0.486118
vt 0.003680 0.486118
vt 0.875000 0.000000
vt 0.875000 0.250000
vt 0.000000 0.000000
vt 0.996320 0.000000
vt 1.000000 0.486118
vt 0.003680 0.486118
vt 0.602273 0.000000
vt 0.625000 0.000000
vt 0.625000 0.250000
vt 0.602273 0.250000
vt 0.625000 0.500000
vt 0.602273 0.500000
vt 0.625000 0.750000
vt 0.602273 0.750000
vt 0.625000 1.000000
vt 0.602273 1.000000
vt 0.625000 0.000000
vt 0.875000 0.000000
vt 0.875000 0.250000
vt 0.625000 0.250000
vt 0.000000 0.000000
vt 0.996320 0.000000
vt 1.000000 0.486118
vt 0.003680 0.486118
vt 0.875000 0.000000
vt 0.875000 0.250000
vt 0.000000 0.000000
vt 0.996320 0.000000
vt 1.000000 0.486118
vt 0.003680 0.486118
vt 0.602273 0.000000
vt 0.625000 0.000000
vt 0.625000 0.250000
vt 0.602273 0.250000
vt 0.625000 0.500000
vt 0.602273 0.500000
vt 0.625000 0.750000
vt 0.602273 0.750000
vt 0.625000 1.000000
vt 0.602273 1.000000
vt 0.625000 0.000000
vt 0.875000 0.000000
vt 0.875000 0.250000
vt 0.625000 0.250000
vt 0.000000 0.000000
vt 0.996320 0.000000
vt 1.000000 0.486118
vt 0.003680 0.486118
vt 0.875000 0.000000
vt 0.875000 0.250000
vt 0.000000 0.000000
vt 0.996320 0.000000
vt 1.000000 0.486118
vt 0.003680 0.486118
vt 0.602273 0.000000
vt 0.625000 0.000000
vt 0.625000 0.250000
vt 0.602273 0.250000
vt 0.625000 0.500000
vt 0.602273 0.500000
vt 0.625000 0.750000
vt 0.602273 0.750000
vt 0.625000 1.000000
vt 0.602273 1.000000
vt 0.625000 0.000000
vt 0.875000 0.000000
vt 0.875000 0.250000
vt 0.625000 0.250000
vt 0.000000 0.000000
vt 0.996320 0.000000
vt 1.000000 0.486118
vt 0.003680 0.486118
vt 0.875000 0.000000
vt 0.875000 0.250000
vt 0.000000 0.000000
vt 0.996320 0.000000
vt 1.000000 0.486118
vt 0.003680 0.486118
vt 0.602273 0.000000
vt 0.625000 0.000000
vt 0.625000 0.250000
vt 0.602273 0.250000
vt 0.625000 0.500000
vt 0.602273 0.500000
vt 0.625000 0.750000
vt 0.602273 0.750000
vt 0.625000 1.000000
vt 0.602273 1.000000
vt 0.625000 0.000000
vt 0.875000 0.000000
vt 0.875000 0.250000
vt 0.625000 0.250000
vt 0.000000 0.000000
vt 0.996320 0.000000
vt 1.000000 0.486118
vt 0.003680 0.486118
vt 0.875000 0.000000
vt 0.875000 0.250000
vt 0.000000 0.000000
vt 0.996320 0.000000
vt 1.000000 0.486118
vt 0.003680 0.486118
vt 0.602273 0.000000
vt 0.625000 0.000000
vt 0.625000 0.250000
vt 0.602273 0.250000
vt 0.625000 0.500000
vt 0.602273 0.500000
vt 0.625000 0.750000
vt 0.602273 0.750000
vt 0.625000 1.000000
vt 0.602273 1.000000
vt 0.625000 0.000000
vt 0.875000 0.000000
vt 0.875000 0.250000
vt 0.625000 0.250000
vt 0.000000 0.000000
vt 0.996320 0.000000
vt 1.000000 0.486118
vt 0.003680 0.486118
vt 0.875000 0.000000
vt 0.875000 0.250000
vt 0.000000 0.000000
vt 0.996320 0.000000
vt 1.000000 0.486118
vt 0.003680 0.486118
vt 0.602273 0.000000
vt 0.625000 0.000000
vt 0.625000 0.250000
vt 0.602273 0.250000
vt 0.625000 0.500000
vt 0.602273 0.500000
vt 0.625000 0.750000
vt 0.602273 0.750000
vt 0.625000 1.000000
vt 0.602273 1.000000
vt 0.625000 0.000000
vt 0.875000 0.000000
vt 0.875000 0.250000
vt 0.625000 0.250000
vt 0.000000 0.000000
vt 0.996320 0.000000
vt 1.000000 0.486118
vt 0.003680 0.486118
vt 0.875000 0.000000
vt 0.875000 0.250000
vt 0.000000 0.000000
vt 0.996320 0.000000
vt 1.000000 0.486118
vt 0.003680 0.486118
vt 0.602273 0.000000
vt 0.625000 0.000000
vt 0.625000 0.250000
vt 0.602273 0.250000
vt 0.625000 0.500000
vt 0.602273 0.500000
vt 0.625000 0.750000
vt 0.602273 0.750000
vt 0.625000 1.000000
vt 0.602273 1.000000
vt 0.625000 0.000000
vt 0.875000 0.000000
vt 0.875000 0.250000
vt 0.625000 0.250000
vt 0.000000 0.000000
vt 0.996320 0.000000
vt 1.000000 0.486118
vt 0.003680 0.486118
vt 0.875000 0.000000
vt 0.875000 0.250000
vt 0.000000 0.000000
vt 0.996320 0.000000
vt 1.000000 0.486118
vt 0.003680 0.486118
vt 0.602273 0.000000
vt 0.625000 0.000000
vt 0.625000 0.250000
vt 0.602273 0.250000
vt 0.625000 0.500000
vt 0.602273 0.500000
vt 0.625000 0.750000
vt 0.602273 0.750000
vt 0.625000 1.000000
vt 0.602273 1.000000
vt 0.625000 0.000000
vt 0.875000 0.000000
vt 0.875000 0.250000
vt 0.625000 0.250000
vt 0.000000 0.000000
vt 0.996320 0.000000
vt 1.000000 0.486118
vt 0.003680 0.486118
vt 0.875000 0.000000
vt 0.875000 0.250000
vt 0.000000 0.000000
vt 0.996320 0.000000
vt 1.000000 0.486118
vt 0.003680 0.486118
vt 0.602273 0.000000
vt 0.625000 0.000000
vt 0.625000 0.250000
vt 0.602273 0.250000
vt 0.625000 0.500000
vt 0.602273 0.500000
vt 0.625000 0.750000
vt 0.602273 0.750000
vt 0.625000 1.000000
vt 0.602273 1.000000
vt 0.001486 0.000000
vt 1.000000 0.000000
vt 0.998514 0.483928
vt 0.000000 0.483927
vt 0.000000 0.000000
vt 0.998513 0.000000
vt 1.000000 0.483929
vt 0.001487 0.483931
vt 0.602273 0.000000
vt 0.625000 0.000000
vt 0.625000 0.250000
vt 0.602273 0.250000
vt 0.625000 0.500000
vt 0.602273 0.500000
vt 0.625000 0.750000
vt 0.602273 0.750000
vt 0.625000 1.000000
vt 0.602273 1.000000
vt 0.625000 0.000000
vt 0.875000 0.000000
vt 0.875000 0.250000
vt 0.625000 0.250000
vt 0.000000 0.000000
vt 0.996320 0.000000
vt 1.000000 0.486118
vt 0.003680 0.486118
vt 0.875000 0.000000
vt 0.875000 0.250000
vt 0.000000 0.000000
vt 0.996320 0.000000
vt 1.000000 0.486118
vt 0.003680 0.486118
vt 0.602273 0.000000
vt 0.625000 0.000000
vt 0.625000 0.250000
vt 0.602273 0.250000
vt 0.625000 0.500000
vt 0.602273 0.500000
vt 0.625000 0.750000
vt 0.602273 0.750000
vt 0.625000 1.000000
vt 0.602273 1.000000
vt 0.625000 0.000000
vt 0.875000 0.000000
vt 0.875000 0.250000
vt 0.625000 0.250000
vt 0.000000 0.000000
vt 0.996320 0.000000
vt 1.000000 0.486118
vt 0.003680 0.486118
vt 0.875000 0.000000
vt 0.875000 0.250000
vt 0.000000 0.000000
vt 0.996320 0.000000
vt 1.000000 0.486118
vt 0.003680 0.486118
vt 0.602273 0.000000
vt 0.625000 0.000000
vt 0.625000 0.250000
vt 0.602273 0.250000
vt 0.625000 0.500000
vt 0.602273 0.500000
vt 0.625000 0.750000
vt 0.602273 0.750000
vt 0.625000 1.000000
vt 0.602273 1.000000
vt 0.625000 0.000000
vt 0.875000 0.000000
vt 0.875000 0.250000
vt 0.625000 0.250000
vt 0.000000 0.000000
vt 0.996320 0.000000
vt 1.000000 0.486118
vt 0.003680 0.486118
vt 0.875000 0.000000
vt 0.875000 0.250000
vt 0.000000 0.000000
vt 0.996320 0.000000
vt 1.000000 0.486118
vt 0.003680 0.486118
vt 0.602273 0.000000
vt 0.625000 0.000000
vt 0.625000 0.250000
vt 0.602273 0.250000
vt 0.625000 0.500000
vt 0.602273 0.500000
vt 0.625000 0.750000
vt 0.602273 0.750000
vt 0.625000 1.000000
vt 0.602273 1.000000
vt 0.625000 0.000000
vt 0.875000 0.000000
vt 0.875000 0.250000
vt 0.625000 0.250000
vt 0.000000 0.000000
vt 0.996320 0.000000
vt 1.000000 0.486118
vt 0.003680 0.486118
vt 0.875000 0.000000
vt 0.875000 0.250000
vt 0.000000 0.000000
vt 0.996320 0.000000
vt 1.000000 0.486118
vt 0.003680 0.486118
vt 0.602273 0.000000
vt 0.625000 0.000000
vt 0.625000 0.250000
vt 0.602273 0.250000
vt 0.625000 0.500000
vt 0.602273 0.500000
vt 0.625000 0.750000
vt 0.602273 0.750000
vt 0.625000 1.000000
vt 0.602273 1.000000
vt 0.625000 0.000000
vt 0.875000 0.000000
vt 0.875000 0.250000
vt 0.625000 0.250000
vt 0.000000 0.000000
vt 0.996320 0.000000
vt 1.000000 0.486118
vt 0.003680 0.486118
vt 0.875000 0.000000
vt 0.875000 0.250000
vt 0.000000 0.000000
vt 0.996320 0.000000
vt 1.000000 0.486118
vt 0.003680 0.486118
vt 0.602273 0.000000
vt 0.625000 0.000000
vt 0.625000 0.250000
vt 0.602273 0.250000
vt 0.625000 0.500000
vt 0.602273 0.500000
vt 0.625000 0.750000
vt 0.602273 0.750000
vt 0.625000 1.000000
vt 0.602273 1.000000
vt 0.625000 0.000000
vt 0.875000 0.000000
vt 0.875000 0.250000
vt 0.625000 0.250000
vt 0.000000 0.000000
vt 0.996320 0.000000
vt 1.000000 0.486118
vt 0.003680 0.486118
vt 0.875000 0.000000
vt 0.875000 0.250000
vt 0.000000 0.000000
vt 0.996320 0.000000
vt 1.000000 0.486118
vt 0.003680 0.486118
vt 0.602273 0.000000
vt 0.625000 0.000000
vt 0.625000 0.250000
vt 0.602273 0.250000
vt 0.625000 0.500000
vt 0.602273 0.500000
vt 0.625000 0.750000
vt 0.602273 0.750000
vt 0.625000 1.000000
vt 0.602273 1.000000
vt 0.625000 0.000000
vt 0.875000 0.000000
vt 0.875000 0.250000
vt 0.625000 0.250000
vt 0.000000 0.000000
vt 0.996320 0.000000
vt 1.000000 0.486118
vt 0.003680 0.486118
vt 0.875000 0.000000
vt 0.875000 0.250000
vt 0.000000 0.000000
vt 0.996320 0.000000
vt 1.000000 0.486118
vt 0.003680 0.486118
vt 0.602273 0.000000
vt 0.625000 0.000000
vt 0.625000 0.250000
vt 0.602273 0.250000
vt 0.625000 0.500000
vt 0.602273 0.500000
vt 0.625000 0.750000
vt 0.602273 0.750000
vt 0.625000 1.000000
vt 0.602273 1.000000
vt 0.625000 0.000000
vt 0.875000 0.000000
vt 0.875000 0.250000
vt 0.625000 0.250000
vt 0.000000 0.000000
vt 0.996320 0.000000
vt 1.000000 0.486118
vt 0.003680 0.486118
vt 0.875000 0.000000
vt 0.875000 0.250000
vt 0.000000 0.000000
vt 0.996320 0.000000
vt 1.000000 0.486118
vt 0.003680 0.486118
vt 0.602273 0.000000
vt 0.625000 0.000000
vt 0.625000 0.250000
vt 0.602273 0.250000
vt 0.625000 0.500000
vt 0.602273 0.500000
vt 0.625000 0.750000
vt 0.602273 0.750000
vt 0.625000 1.000000
vt 0.602273 1.000000
vt 0.625000 0.000000
vt 0.875000 0.000000
vt 0.875000 0.250000
vt 0.625000 0.250000
vt 0.000000 0.000000
vt 0.996320 0.000000
vt 1.000000 0.486118
vt 0.003680 0.486118
vt 0.875000 0.000000
vt 0.875000 0.250000
vt 0.000000 0.000000
vt 0.996320 0.000000
vt 1.000000 0.486118
vt 0.003680 0.486118
vt 0.602273 0.000000
vt 0.625000 0.000000
vt 0.625000 0.250000
vt 0.602273 0.250000
vt 0.625000 0.500000
vt 0.602273 0.500000
vt 0.625000 0.750000
vt 0.602273 0.750000
vt 0.625000 1.000000
vt 0.602273 1.000000
vt 0.625000 0.000000
vt 0.875000 0.000000
vt 0.875000 0.250000
vt 0.625000 0.250000
vt 0.000000 0.000000
vt 0.996320 0.000000
vt 1.000000 0.486118
vt 0.003680 0.486118
vt 0.875000 0.000000
vt 0.875000 0.250000
vt 0.000000 0.000000
vt 0.996320 0.000000
vt 1.000000 0.486118
vt 0.003680 0.486118
vt 0.602273 0.000000
vt 0.625000 0.000000
vt 0.625000 0.250000
vt 0.602273 0.250000
vt 0.625000 0.500000
vt 0.602273 0.500000
vt 0.625000 0.750000
vt 0.602273 0.750000
vt 0.625000 1.000000
vt 0.602273 1.000000
vt 0.625000 0.000000
vt 0.875000 0.000000
vt 0.875000 0.250000
vt 0.625000 0.250000
vt 0.000000 0.000000
vt 0.996320 0.000000
vt 1.000000 0.486118
vt 0.003680 0.486118
vt 0.875000 0.000000
vt 0.875000 0.250000
vt 0.000000 0.000000
vt 0.996320 0.000000
vt 1.000000 0.486118
vt 0.003680 0.486118
vt 0.602273 0.000000
vt 0.625000 0.000000
vt 0.625000 0.250000
vt 0.602273 0.250000
vt 0.625000 0.500000
vt 0.602273 0.500000
vt 0.625000 0.750000
vt 0.602273 0.750000
vt 0.625000 1.000000
vt 0.602273 1.000000
vt 0.625000 0.000000
vt 0.875000 0.000000
vt 0.875000 0.250000
vt 0.625000 0.250000
vt 0.000000 0.000000
vt 0.996320 0.000000
vt 1.000000 0.486118
vt 0.003680 0.486118
vt 0.875000 0.000000
vt 0.875000 0.250000
vt 0.000000 0.000000
vt 0.996320 0.000000
vt 1.000000 0.486118
vt 0.003680 0.486118
vt 0.602273 0.000000
vt 0.625000 0.000000
vt 0.625000 0.250000
vt 0.602273 0.250000
vt 0.625000 0.500000
vt 0.602273 0.500000
vt 0.625000 0.750000
vt 0.602273 0.750000
vt 0.625000 1.000000
vt 0.602273 1.000000
vt 0.625000 0.000000
vt 0.875000 0.000000
vt 0.875000 0.250000
vt 0.625000 0.250000
vt 0.000000 0.000000
vt 0.996320 0.000000
vt 1.000000 0.486118
vt 0.003680 0.486118
vt 0.875000 0.000000
vt 0.875000 0.250000
vt 0.000000 0.000000
vt 0.996320 0.000000
vt 1.000000 0.486118
vt 0.003680 0.486118
vt 0.602273 0.000000
vt 0.625000 0.000000
vt 0.625000 0.250000
vt 0.602273 0.250000
vt 0.625000 0.500000
vt 0.602273 0.500000
vt 0.625000 0.750000
vt 0.602273 0.750000
vt 0.625000 1.000000
vt 0.602273 1.000000
vt 0.001486 0.000000
vt 1.000000 0.000000
vt 0.998514 0.483928
vt 0.000000 0.483927
vt 0.000000 0.000000
vt 0.998513 0.000000
vt 1.000000 0.483929
vt 0.001487 0.483931
vn -0.999982 -0.005929 0.000404
vn -0.999982 -0.005924 0.000799
vn -0.999982 -0.005924 0.000786
vn -0.999982 -0.005929 0.000404
vn -0.999779 -0.005654 0.020227
vn -0.999780 -0.005654 0.020227
vn -0.999204 -0.005348 0.039526
vn -0.999217 -0.005353 0.039192
vn -0.973865 -0.003083 0.227109
vn -0.974408 -0.003111 0.224766
vn -0.833159 -0.000399 0.553033
vn -0.833721 -0.000403 0.552186
vn -0.553032 -0.000398 0.833160
vn -0.552182 -0.000402 0.833724
vn -0.227113 -0.003077 0.973864
vn -0.224770 -0.003105 0.974407
vn -0.039528 -0.005345 0.999204
vn -0.039194 -0.005350 0.999217
vn -0.020234 -0.005657 0.999779
vn -0.020234 -0.005657 0.999779
vn -0.000598 -0.005930 0.999982
vn -0.000587 -0.005931 0.999982
vn -0.000301 -0.005934 0.999982
vn -0.000301 -0.005934 0.999982
vn 0.000000 1.000000 0.000000
vn -0.000000 1.000000 0.000000
vn -0.000000 1.000000 0.000000
vn 0.000000 1.000000 0.000000
vn -0.000001 1.000000 -0.000000
vn -0.000001 1.000000 -0.000000
vn -0.000001 1.000000 -0.000001
vn -0.000001 1.000000 -0.000001
vn -0.000001 1.000000 -0.000000
vn -0.000001 1.000000 -0.000000
vn -0.000000 1.000000 0.000000
vn -0.000000 1.000000 0.000000
vn 0.000000 1.000000 0.000000
vn 0.000000 1.000000 0.000000
vn 0.000000 1.000000 0.000001
vn 0.000000 1.000000 0.000001
vn 0.000000 1.000000 0.000001
vn 0.000000 1.000000 0.000002
vn 0.000000 1.000000 0.000001
vn 0.000000 1.000000 0.000001
vn 0.000000 1.000000 0.000000
vn 0.000000 1.000000 0.000000
vn 0.000000 1.000000 0.000000
vn 0.000000 1.000000 0.000000
vn 0.999982 0.005930 -0.000404
vn 0.999982 0.005924 -0.000786
vn 0.999982 0.005924 -0.000799
vn 0.999982 0.005930 -0.000404
vn 0.999779 0.005652 -0.020227
vn 0.999780 0.005652 -0.020227
vn 0.999374 0.005402 -0.034957
vn 0.999365 0.005397 -0.035233
vn 0.978464 0.003330 -0.206389
vn 0.977957 0.003302 -0.208780
vn 0.833721 0.000408 -0.552186
vn 0.833157 0.000403 -0.553037
vn 0.552187 0.000406 -0.833720
vn 0.553037 0.000401 -0.833157
vn 0.206380 0.003333 -0.978466
vn 0.208772 0.003304 -0.977959
vn 0.034962 0.005407 -0.999374
vn 0.035239 0.005403 -0.999364
vn 0.020234 0.005656 -0.999779
vn 0.020234 0.005656 -0.999779
vn 0.000587 0.005931 -0.999982
vn 0.000598 0.005931 -0.999982
vn 0.000301 0.005935 -0.999982
vn 0.000301 0.005935 -0.999982
vn 0.000000 -1.000000 0.000000
vn 0.000000 -1.000000 0.000000
vn 0.000000 -1.000000 0.000000
vn 0.000000 -1.000000 0.000000
vn 0.000000 -1.000000 0.000000
vn 0.000000 -1.000000 0.000000
vn 0.000000 -1.000000 0.000000
vn 0.000000 -1.000000 0.000000
vn 0.000000 -1.000000 0.000000
vn 0.000000 -1.000000 0.000000
vn 0.000000 -1.000000 0.000000
vn 0.000000 -1.000000 0.000000
vn 0.000000 -1.000000 0.000000
vn 0.000000 -1.000000 0.000000
vn -0.000000 -1.000000 0.000000
vn -0.000000 -1.000000 0.000000
vn -0.000000 -1.000000 0.000000
vn -0.000000 -1.000000 0.000000
vn -0.000000 -1.000000 -0.000000
vn -0.000000 -1.000000 -0.000000
vn -0.000000 -1.000000 -0.000000
vn -0.000000 -1.000000 -0.000000
vn -0.000000 -1.000000 -0.000000
vn -0.000000 -1.000000 -0.000000
vn 0.999692 -0.014057 0.020441
vn 0.999692 -0.014057 0.020441
vn 0.999692 -0.014057 0.020441
vn 0.999692 -0.014057 0.020441
vn -0.020455 -0.014055 -0.999692
vn -0.020455 -0.014055 -0.999692
vn -0.020455 -0.014055 -0.999692
vn -0.020455 -0.014055 -0.999692
vn 0.999982 0.005931 0.000409
vn 0.999982 0.005926 0.000799
vn 0.999982 0.005925 0.000804
vn 0.999982 0.005931 0.000409
vn 0.999775 0.005649 0.020443
vn 0.999775 0.005649 0.020443
vn 0.999214 0.005343 0.039283
vn 0.999192 0.005334 0.039836
vn 0.974534 0.003106 0.224217
vn 0.973689 0.003062 0.227862
vn 0.833921 0.000403 0.551883
vn 0.832947 0.000396 0.553352
vn 0.551884 0.000404 0.833921
vn 0.553352 0.000397 0.832947
vn 0.224213 0.003112 0.974535
vn 0.227857 0.003067 0.973690
vn 0.039286 0.005350 0.999214
vn 0.039839 0.005341 0.999192
vn 0.020451 0.005655 0.999775
vn 0.020451 0.005655 0.999775
vn 0.000597 0.005931 0.999982
vn 0.000601 0.005931 0.999982
vn 0.000304 0.005935 0.999982
vn 0.000304 0.005935 0.999982
vn 0.015451 -0.999880 -0.000760
vn 0.015466 -0.999879 -0.001500
vn 0.015466 -0.999879 -0.001482
vn 0.015451 -0.999880 -0.000760
vn 0.016202 -0.999146 -0.038019
vn 0.016202 -0.999146 -0.038019
vn 0.016293 -0.999180 -0.037079
vn 0.016295 -0.999180 -0.037057
vn 0.014848 -0.999516 -0.027325
vn 0.014777 -0.999528 -0.026918
vn 0.007000 -0.999939 -0.008557
vn 0.006999 -0.999939 -0.008557
vn -0.008558 -0.999939 0.006999
vn -0.008557 -0.999939 0.006999
vn -0.027325 -0.999516 0.014847
vn -0.026919 -0.999528 0.014776
vn -0.037078 -0.999180 0.016292
vn -0.037057 -0.999180 0.016294
vn -0.038019 -0.999146 0.016202
vn -0.038019 -0.999146 0.016202
vn -0.001121 -0.999880 0.015458
vn -0.001107 -0.999880 0.015458
vn -0.000565 -0.999881 0.015447
vn -0.000565 -0.999881 0.015447
vn -0.999982 -0.005927 -0.000409
vn -0.999982 -0.005921 -0.000804
vn -0.999982 -0.005921 -0.000799
vn -0.999982 -0.005927 -0.000409
vn -0.999775 -0.005661 -0.020450
vn -0.999775 -0.005661 -0.020450
vn -0.999354 -0.005409 -0.035530
vn -0.999370 -0.005416 -0.035069
vn -0.977789 -0.003304 -0.209565
vn -0.978587 -0.003349 -0.205808
vn -0.832950 -0.000408 -0.553348
vn -0.833923 -0.000415 -0.551880
vn -0.553352 -0.000403 -0.832947
vn -0.551884 -0.000410 -0.833921
vn -0.209562 -0.003296 -0.977790
vn -0.205803 -0.003341 -0.978588
vn -0.035534 -0.005399 -0.999354
vn -0.035073 -0.005407 -0.999370
vn -0.020451 -0.005654 -0.999775
vn -0.020451 -0.005654 -0.999775
vn -0.000601 -0.005932 -0.999982
vn -0.000597 -0.005932 -0.999982
vn -0.000304 -0.005936 -0.999982
vn -0.000304 -0.005936 -0.999982
vn -0.015451 0.999880 0.000760
vn -0.015466 0.999879 0.001482
vn -0.015466 0.999879 0.001500
vn -0.015451 0.999880 0.000760
vn -0.016203 0.999146 0.038019
vn -0.016203 0.999146 0.038019
vn -0.016296 0.999180 0.037067
vn -0.016294 0.999179 0.037088
vn -0.014784 0.999527 0.026961
vn -0.014855 0.999515 0.027366
vn -0.006998 0.999939 0.008559
vn -0.006998 0.999939 0.008559
vn 0.008559 0.999939 -0.006998
vn 0.008559 0.999939 -0.006998
vn 0.026961 0.999527 -0.014784
vn 0.027365 0.999515 -0.014855
vn 0.037067 0.999180 -0.016296
vn 0.037088 0.999179 -0.016294
vn 0.038019 0.999146 -0.016202
vn 0.038019 0.999146 -0.016202
vn 0.001107 0.999880 -0.015458
vn 0.001121 0.999880 -0.015458
vn 0.000565 0.999881 -0.015447
vn 0.000565 0.999881 -0.015447
vn -0.999697 0.014058 0.020224
vn -0.999697 0.014058 0.020224
vn -0.999697 0.014058 0.020224
vn -0.999697 0.014058 0.020224
vn 0.020237 0.014056 -0.999696
vn 0.020237 0.014056 -0.999696
vn 0.020237 0.014056 -0.999696
vn 0.020237 0.014056 -0.999696
vn 0.000000 0.000000 1.000000
vn 0.000000 0.000000 1.000000
vn 0.000000 0.000000 1.000000
vn 0.000000 0.000000 1.000000
vn 0.000000 1.000000 0.000000
vn 0.000000 1.000000 0.000000
vn 0.000000 1.000000 0.000000
vn 0.000000 1.000000 0.000000
vn 0.000000 0.000000 -1.000000
vn 0.000000 0.000000 -1.000000
vn 0.000000 0.000000 -1.000000
vn 0.000000 0.000000 -1.000000
vn 0.000000 -1.000000 0.000000
vn 0.000000 -1.000000 0.000000
vn 0.000000 -1.000000 0.000000
vn 0.000000 -1.000000 0.000000
vn 1.000000 0.000000 0.000000
vn 1.000000 0.000000 0.000000
vn 1.000000 0.000000 0.000000
vn 1.000000 0.000000 0.000000
vn -1.000000 0.000000 0.000000
vn -1.000000 0.000000 0.000000
vn -1.000000 0.000000 0.000000
vn -1.000000 0.000000 0.000000
vn 0.000000 0.000000 -1.000000
vn 0.000000 0.000000 -1.000000
vn 0.000000 0.000000 -1.000000
vn 0.000000 0.000000 -1.000000
vn 0.974066 -0.226265 0.000000
vn 0.974066 -0.226265 0.000000
vn 0.974066 -0.226265 0.000000
vn 0.974066 -0.226265 0.000000
vn 0.000000 -0.754346 0.656477
vn 0.000000 -0.754346 0.656477
vn 0.000000 -0.754346 0.656477
vn 0.000000 -0.754346 0.656477
vn -0.974065 -0.226268 0.000000
vn -0.974065 -0.226268 0.000000
vn -0.974065 -0.226268 0.000000
vn -0.974065 -0.226268 0.000000
vn 0.000000 -0.422453 0.906385
vn 0.000000 -0.422453 0.906385
vn 0.000000 -0.422453 0.906385
vn 0.000000 -0.422453 0.906385
vn 0.000000 1.000000 0.000000
vn 0.000000 1.000000 0.000000
vn 0.000000 1.000000 0.000000
vn 0.000000 1.000000 0.000000
vn 0.000000 0.000000 -1.000000
vn 0.000000 0.000000 -1.000000
vn 0.000000 0.000000 -1.000000
vn 0.000000 0.000000 -1.000000
vn 0.000000 -1.000000 0.000000
vn 0.000000 -1.000000 0.000000
vn 0.000000 -1.000000 0.000000
vn 0.000000 -1.000000 0.000000
vn 1.000000 0.000000 0.000000
vn 1.000000 0.000000 0.000000
vn 1.000000 0.000000 0.000000
vn 1.000000 0.000000 0.000000
vn -1.000000 0.000000 0.000000
vn -1.000000 0.000000 0.000000
vn -1.000000 0.000000 0.000000
vn -1.000000 0.000000 0.000000
vn 0.005933 -0.000639 0.999982
vn 0.005933 -0.000639 0.999982
vn 0.005933 -0.000639 0.999982
vn 0.005933 -0.000639 0.999982
vn -1.000000 0.000000 0.000000
vn -1.000000 0.000000 0.000000
vn -1.000000 0.000000 0.000000
vn -1.000000 0.000000 0.000000
vn -0.005931 0.000639 -0.999982
vn -0.005931 0.000639 -0.999982
vn -0.005931 0.000639 -0.999982
vn -0.005931 0.000639 -0.999982
vn 1.000000 0.000000 0.000000
vn 1.000000 0.000000 0.000000
vn 1.000000 0.000000 0.000000
vn 1.000000 0.000000 0.000000
vn 0.009137 0.999772 0.019317
vn 0.009137 0.999772 0.019317
vn 0.009137 0.999772 0.019317
vn 0.009137 0.999772 0.019317
vn -0.010426 -0.999759 -0.019330
vn -0.010426 -0.999759 -0.019330
vn -0.010426 -0.999759 -0.019330
vn -0.010426 -0.999759 -0.019330
vn 0.884851 -0.465787 -0.009002
vn 0.884851 -0.465787 -0.009002
vn 0.884851 -0.465787 -0.009002
vn 0.884851 -0.465787 -0.009002
vn -0.004840 0.000002 -0.999988
vn -0.004840 0.000002 -0.999988
vn -0.004840 0.000002 -0.999988
vn -0.004840 0.000002 -0.999988
vn -0.884836 -0.465815 -0.008999
vn -0.884836 -0.465815 -0.008999
vn -0.884836 -0.465815 -0.008999
vn -0.884836 -0.465815 -0.008999
vn 0.004842 0.000000 0.999988
vn 0.004842 0.000000 0.999988
vn 0.004842 0.000000 0.999988
vn 0.004842 0.000000 0.999988
vn -0.005222 0.000000 -0.999986
vn -0.005222 0.000000 -0.999986
vn -0.005222 0.000000 -0.999986
vn -0.005222 0.000000 -0.999986
vn 0.943856 0.330295 0.006387
vn 0.943856 0.330295 0.006387
vn 0.943856 0.330295 0.006387
vn 0.943856 0.330295 0.006387
vn 0.005225 0.000000 0.999986
vn 0.005225 0.000000 0.999986
vn 0.005225 0.000000 0.999986
vn 0.005225 0.000000 0.999986
vn -0.943857 0.330293 0.006386
vn -0.943857 0.330293 0.006386
vn -0.943857 0.330293 0.006386
vn -0.943857 0.330293 0.006386
vn 0.000000 0.000000 1.000000
vn 0.000000 0.000000 1.000000
vn 0.000000 0.000000 1.000000
vn 0.000000 0.000000 1.000000
vn 0.000000 1.000000 0.000000
vn 0.000000 1.000000 0.000000
vn 0.000000 1.000000 0.000000
vn 0.000000 1.000000 0.000000
vn 0.000000 0.000000 -1.000000
vn 0.000000 0.000000 -1.000000
vn 0.000000 0.000000 -1.000000
vn 0.000000 0.000000 -1.000000
vn 0.000000 -1.000000 0.000000
vn 0.000000 -1.000000 0.000000
vn 0.000000 -1.000000 0.000000
vn 0.000000 -1.000000 0.000000
vn 1.000000 0.000000 0.000000
vn 1.000000 0.000000 0.000000
vn 1.000000 0.000000 0.000000
vn 1.000000 0.000000 0.000000
vn -1.000000 0.000000 0.000000
vn -1.000000 0.000000 0.000000
vn -1.000000 0.000000 0.000000
vn -1.000000 0.000000 0.000000
vn 0.000000 0.000000 -1.000000
vn 0.000000 0.000000 -1.000000
vn 0.000000 0.000000 -1.000000
vn 0.000000 0.000000 -1.000000
vn 0.974066 -0.226264 0.000000
vn 0.974066 -0.226264 0.000000
vn 0.974066 -0.226264 0.000000
vn 0.974066 -0.226264 0.000000
vn 0.000000 -0.754346 0.656477
vn 0.000000 -0.754346 0.656477
vn 0.000000 -0.754346 0.656477
vn 0.000000 -0.754346 0.656477
vn -0.974065 -0.226267 0.000000
vn -0.974065 -0.226267 0.000000
vn -0.974065 -0.226267 0.000000
vn -0.974065 -0.226267 0.000000
vn 0.999989 0.004740 0.000409
vn 0.999989 0.004735 0.000795
vn 0.999988 0.004735 0.000808
vn 0.999989 0.004740 0.000409
vn 0.999781 0.004514 0.020444
vn 0.999781 0.004514 0.020444
vn 0.999225 0.004271 0.039138
vn 0.999191 0.004260 0.039981
vn 0.974761 0.002492 0.223237
vn 0.973457 0.002437 0.228856
vn 0.834167 0.000323 0.551511
vn 0.832694 0.000315 0.553733
vn 0.551512 0.000324 0.834167
vn 0.553733 0.000316 0.832694
vn 0.223233 0.002496 0.974762
vn 0.228850 0.002442 0.973459
vn 0.039138 0.004277 0.999225
vn 0.039981 0.004266 0.999191
vn 0.020450 0.004519 0.999781
vn 0.020450 0.004519 0.999781
vn 0.000594 0.004740 0.999989
vn 0.000604 0.004740 0.999989
vn 0.000304 0.004743 0.999989
vn 0.000304 0.004743 0.999989
vn 0.019337 -0.999813 -0.000951
vn 0.019356 -0.999811 -0.001877
vn 0.019356 -0.999811 -0.001854
vn 0.019337 -0.999813 -0.000951
vn 0.020267 -0.998663 -0.047551
vn 0.020267 -0.998663 -0.047551
vn 0.020379 -0.998716 -0.046379
vn 0.020382 -0.998717 -0.046352
vn 0.018572 -0.999243 -0.034185
vn 0.018482 -0.999262 -0.033674
vn 0.008752 -0.999904 -0.010713
vn 0.008751 -0.999904 -0.010712
vn -0.010713 -0.999904 0.008749
vn -0.010712 -0.999904 0.008749
vn -0.034187 -0.999243 0.018571
vn -0.033677 -0.999262 0.018482
vn -0.046379 -0.998716 0.020380
vn -0.046352 -0.998717 0.020383
vn -0.047550 -0.998663 0.020268
vn -0.047550 -0.998663 0.020268
vn -0.001402 -0.999812 0.019344
vn -0.001385 -0.999812 0.019344
vn -0.000707 -0.999813 0.019330
vn -0.000707 -0.999813 0.019330
vn -0.999989 -0.004736 -0.000409
vn -0.999989 -0.004732 -0.000808
vn -0.999988 -0.004732 -0.000795
vn -0.999989 -0.004736 -0.000409
vn -0.999781 -0.004524 -0.020450
vn -0.999781 -0.004524 -0.020450
vn -0.999355 -0.004320 -0.035651
vn -0.999380 -0.004330 -0.034949
vn -0.977572 -0.002630 -0.210586
vn -0.978799 -0.002686 -0.204806
vn -0.832698 -0.000324 -0.553728
vn -0.834170 -0.000333 -0.551507
vn -0.553732 -0.000321 -0.832695
vn -0.551511 -0.000329 -0.834168
vn -0.210582 -0.002624 -0.977573
vn -0.204800 -0.002680 -0.978800
vn -0.035653 -0.004313 -0.999355
vn -0.034951 -0.004322 -0.999380
vn -0.020451 -0.004518 -0.999781
vn -0.020451 -0.004518 -0.999781
vn -0.000604 -0.004740 -0.999989
vn -0.000594 -0.004741 -0.999989
vn -0.000304 -0.004744 -0.999989
vn -0.000304 -0.004744 -0.999989
vn -0.019338 0.999813 0.000951
vn -0.019356 0.999811 0.001855
vn -0.019356 0.999811 0.001877
vn -0.019338 0.999813 0.000951
vn -0.020266 0.998663 0.047554
vn -0.020266 0.998663 0.047554
vn -0.020383 0.998717 0.046361
vn -0.020381 0.998716 0.046387
vn -0.018495 0.999260 0.033726
vn -0.018585 0.999241 0.034235
vn -0.008756 0.999904 0.010709
vn -0.008757 0.999904 0.010710
vn 0.010711 0.999904 -0.008758
vn 0.010712 0.999904 -0.008758
vn 0.033727 0.999260 -0.018496
vn 0.034235 0.999241 -0.018585
vn 0.046361 0.998717 -0.020383
vn 0.046387 0.998716 -0.020380
vn 0.047554 0.998663 -0.020267
vn 0.047554 0.998663 -0.020267
vn 0.001385 0.999812 -0.019339
vn 0.001402 0.999812 -0.019339
vn 0.000707 0.999813 -0.019325
vn 0.000707 0.999813 -0.019325
vn -0.999732 0.011234 0.020225
vn -0.999732 0.011234 0.020225
vn -0.999732 0.011234 0.020225
vn -0.999732 0.011234 0.020225
vn 0.020239 0.011233 -0.999732
vn 0.020239 0.011233 -0.999732
vn 0.020239 0.011233 -0.999732
vn 0.020239 0.011233 -0.999732
vn -0.999989 -0.004739 0.000409
vn -0.999989 -0.004735 0.000795
vn -0.999989 -0.004735 0.000808
vn -0.999989 -0.004739 0.000409
vn -0.999781 -0.004516 0.020444
vn -0.999781 -0.004516 0.020444
vn -0.999225 -0.004280 0.039139
vn -0.999191 -0.004269 0.039981
vn -0.974762 -0.002501 0.223233
vn -0.973459 -0.002447 0.228850
vn -0.834168 -0.000325 0.551510
vn -0.832694 -0.000316 0.553734
vn -0.551510 -0.000324 0.834169
vn -0.553730 -0.000315 0.832696
vn -0.223236 -0.002497 0.974761
vn -0.228853 -0.002442 0.973458
vn -0.039138 -0.004277 0.999225
vn -0.039981 -0.004266 0.999191
vn -0.020450 -0.004519 0.999781
vn -0.020450 -0.004519 0.999781
vn -0.000594 -0.004740 0.999989
vn -0.000604 -0.004740 0.999989
vn -0.000304 -0.004743 0.999989
vn -0.000304 -0.004743 0.999989
vn -0.019336 0.999813 -0.000951
vn -0.019354 0.999811 -0.001877
vn -0.019354 0.999811 -0.001855
vn -0.019336 0.999813 -0.000951
vn -0.020267 0.998663 -0.047555
vn -0.020267 0.998663 -0.047555
vn -0.020384 0.998716 -0.046378
vn -0.020387 0.998717 -0.046351
vn -0.018581 0.999243 -0.034182
vn -0.018491 0.999262 -0.033672
vn -0.008762 0.999904 -0.010706
vn -0.008761 0.999904 -0.010706
vn 0.010706 0.999904 0.008762
vn 0.010705 0.999904 0.008761
vn 0.034185 0.999243 0.018583
vn 0.033675 0.999262 0.018494
vn 0.046378 0.998716 0.020385
vn 0.046351 0.998717 0.020387
vn 0.047553 0.998663 0.020265
vn 0.047553 0.998663 0.020265
vn 0.001402 0.999812 0.019345
vn 0.001385 0.999812 0.019344
vn 0.000707 0.999813 0.019331
vn 0.000707 0.999813 0.019331
vn 0.999989 0.004739 -0.000409
vn 0.999989 0.004735 -0.000808
vn 0.999989 0.004735 -0.000795
vn 0.999989 0.004739 -0.000409
vn 0.999781 0.004515 -0.020444
vn 0.999781 0.004515 -0.020444
vn 0.999355 0.004308 -0.035650
vn 0.999380 0.004318 -0.034948
vn 0.977570 0.002621 -0.210594
vn 0.978798 0.002677 -0.204813
vn 0.832693 0.000320 -0.553734
vn 0.834166 0.000328 -0.551514
vn 0.553736 0.000318 -0.832692
vn 0.551515 0.000327 -0.834165
vn 0.210583 0.002623 -0.977573
vn 0.204803 0.002678 -0.978800
vn 0.035654 0.004313 -0.999355
vn 0.034952 0.004322 -0.999380
vn 0.020450 0.004518 -0.999781
vn 0.020450 0.004518 -0.999781
vn 0.000604 0.004740 -0.999989
vn 0.000594 0.004741 -0.999989
vn 0.000304 0.004744 -0.999989
vn 0.000304 0.004744 -0.999989
vn 0.019336 -0.999813 0.000951
vn 0.019354 -0.999811 0.001855
vn 0.019355 -0.999811 0.001877
vn 0.019336 -0.999813 0.000951
vn 0.020268 -0.998663 0.047551
vn 0.020268 -0.998663 0.047551
vn 0.020381 -0.998717 0.046362
vn 0.020379 -0.998716 0.046389
vn 0.018491 -0.999260 0.033729
vn 0.018580 -0.999241 0.034237
vn 0.008754 -0.999904 0.010709
vn 0.008754 -0.999904 0.010710
vn -0.010711 -0.999904 -0.008754
vn -0.010711 -0.999904 -0.008755
vn -0.033729 -0.999260 -0.018491
vn -0.034238 -0.999241 -0.018580
vn -0.046363 -0.998717 -0.020382
vn -0.046390 -0.998716 -0.020380
vn -0.047554 -0.998663 -0.020266
vn -0.047554 -0.998663 -0.020266
vn -0.001385 -0.999812 -0.019344
vn -0.001402 -0.999812 -0.019345
vn -0.000707 -0.999813 -0.019330
vn -0.000707 -0.999813 -0.019330
vn 0.999732 -0.011234 0.020225
vn 0.999732 -0.011234 0.020225
vn 0.999732 -0.011234 0.020225
vn 0.999732 -0.011234 0.020225
vn -0.020236 -0.011233 -0.999732
vn -0.020236 -0.011233 -0.999732
vn -0.020236 -0.011233 -0.999732
vn -0.020236 -0.011233 -0.999732
vn 0.999982 -0.000639 -0.005933
vn 0.999982 -0.000639 -0.005933
vn 0.999982 -0.000639 -0.005933
vn 0.999982 -0.000639 -0.005933
vn 0.000000 0.000000 1.000000
vn 0.000000 0.000000 1.000000
vn 0.000000 0.000000 1.000000
vn 0.000000 0.000000 1.000000
vn -0.999982 0.000639 0.005925
vn -0.999982 0.000639 0.005925
vn -0.999982 0.000639 0.005925
vn -0.999982 0.000639 0.005925
vn -0.000002 0.000000 -1.000000
vn -0.000002 0.000000 -1.000000
vn -0.000002 0.000000 -1.000000
vn -0.000002 0.000000 -1.000000
vn 0.019317 0.999772 -0.009138
vn 0.019317 0.999772 -0.009138
vn 0.019317 0.999772 -0.009138
vn 0.019317 0.999772 -0.009138
vn -0.019329 -0.999759 0.010426
vn -0.019329 -0.999759 0.010426
vn -0.019329 -0.999759 0.010426
vn -0.019329 -0.999759 0.010426
vn -0.009002 -0.465803 -0.884843
vn -0.009002 -0.465803 -0.884843
vn -0.009002 -0.465803 -0.884843
vn -0.009002 -0.465803 -0.884843
vn -0.999988 0.000008 0.004836
vn -0.999988 0.000008 0.004836
vn -0.999988 0.000008 0.004836
vn -0.999988 0.000008 0.004836
vn -0.008997 -0.465804 0.884842
vn -0.008997 -0.465804 0.884842
vn -0.008997 -0.465804 0.884842
vn -0.008997 -0.465804 0.884842
vn 0.999988 -0.000008 -0.004849
vn 0.999988 -0.000008 -0.004849
vn 0.999988 -0.000008 -0.004849
vn 0.999988 -0.000008 -0.004849
vn -0.999986 0.000007 0.005218
vn -0.999986 0.000007 0.005218
vn -0.999986 0.000007 0.005218
vn -0.999986 0.000007 0.005218
vn 0.006386 0.330297 -0.943856
vn 0.006386 0.330297 -0.943856
vn 0.006386 0.330297 -0.943856
vn 0.006386 0.330297 -0.943856
vn 0.999986 0.000021 -0.005225
vn 0.999986 0.000021 -0.005225
vn 0.999986 0.000021 -0.005225
vn 0.999986 0.000021 -0.005225
vn 0.006385 0.330299 0.943855
vn 0.006385 0.330299 0.943855
vn 0.006385 0.330299 0.943855
vn 0.006385 0.330299 0.943855
vn 0.999982 -0.000640 -0.005933
vn 0.999982 -0.000640 -0.005933
vn 0.999982 -0.000640 -0.005933
vn 0.999982 -0.000640 -0.005933
vn -0.000001 0.000000 1.000000
vn -0.000001 0.000000 1.000000
vn -0.000001 0.000000 1.000000
vn -0.000001 0.000000 1.000000
vn -0.999982 0.000639 0.005925
vn -0.999982 0.000639 0.005925
vn -0.999982 0.000639 0.005925
vn -0.999982 0.000639 0.005925
vn 0.000002 0.000000 -1.000000
vn 0.000002 0.000000 -1.000000
vn 0.000002 0.000000 -1.000000
vn 0.000002 0.000000 -1.000000
vn 0.019317 0.999772 -0.009138
vn 0.019317 0.999772 -0.009138
vn 0.019317 0.999772 -0.009138
vn 0.019317 0.999772 -0.009138
vn -0.019330 -0.999759 0.010426
vn -0.019330 -0.999759 0.010426
vn -0.019330 -0.999759 0.010426
vn -0.019330 -0.999759 0.010426
vn -0.009003 -0.465803 -0.884843
vn -0.009003 -0.465803 -0.884843
vn -0.009003 -0.465803 -0.884843
vn -0.009003 -0.465803 -0.884843
vn -0.999988 -0.000002 0.004836
vn -0.999988 -0.000002 0.004836
vn -0.999988 -0.000002 0.004836
vn -0.999988 -0.000002 0.004836
vn -0.008998 -0.465804 0.884842
vn -0.008998 -0.465804 0.884842
vn -0.008998 -0.465804 0.884842
vn -0.008998 -0.465804 0.884842
vn 0.999988 0.000002 -0.004849
vn 0.999988 0.000002 -0.004849
vn 0.999988 0.000002 -0.004849
vn 0.999988 0.000002 -0.004849
vn -0.999986 -0.000002 0.005218
vn -0.999986 -0.000002 0.005218
vn -0.999986 -0.000002 0.005218
vn -0.999986 -0.000002 0.005218
vn 0.006386 0.330297 -0.943856
vn 0.006386 0.330297 -0.943856
vn 0.006386 0.330297 -0.943856
vn 0.006386 0.330297 -0.943856
vn 0.999986 0.000026 -0.005225
vn 0.999986 0.000026 -0.005225
vn 0.999986 0.000026 -0.005225
vn 0.999986 0.000026 -0.005225
vn 0.006386 0.330299 0.943855
vn 0.006386 0.330299 0.943855
vn 0.006386 0.330299 0.943855
vn 0.006386 0.330299 0.943855
vn 0.005930 -0.001825 0.999981
vn 0.005930 -0.001825 0.999981
vn 0.005930 -0.001825 0.999981
vn 0.005930 -0.001825 0.999981
vn -1.000000 -0.000000 0.000000
vn -1.000000 -0.000000 0.000000
vn -1.000000 -0.000000 0.000000
vn -1.000000 -0.000000 0.000000
vn -0.005932 0.001824 -0.999981
vn -0.005932 0.001824 -0.999981
vn -0.005932 0.001824 -0.999981
vn -0.005932 0.001824 -0.999981
vn 1.000000 -0.000000 0.000000
vn 1.000000 -0.000000 0.000000
vn 1.000000 -0.000000 0.000000
vn 1.000000 -0.000000 0.000000
vn 0.003199 0.999972 0.006770
vn 0.003199 0.999972 0.006770
vn 0.003199 0.999972 0.006770
vn 0.003199 0.999972 0.006770
vn -0.003656 -0.999970 -0.006779
vn -0.003656 -0.999970 -0.006779
vn -0.003656 -0.999970 -0.006779
vn -0.003656 -0.999970 -0.006779
vn 0.554218 -0.832352 -0.005631
vn 0.554218 -0.832352 -0.005631
vn 0.554218 -0.832352 -0.005631
vn 0.554218 -0.832352 -0.005631
vn -0.004842 -0.000013 -0.999988
vn -0.004842 -0.000013 -0.999988
vn -0.004842 -0.000013 -0.999988
vn -0.004842 -0.000013 -0.999988
vn -0.554179 -0.832379 -0.005631
vn -0.554179 -0.832379 -0.005631
vn -0.554179 -0.832379 -0.005631
vn -0.554179 -0.832379 -0.005631
vn 0.004838 -0.000013 0.999988
vn 0.004838 -0.000013 0.999988
vn 0.004838 -0.000013 0.999988
vn 0.004838 -0.000013 0.999988
vn -0.005223 0.000000 -0.999986
vn -0.005223 0.000000 -0.999986
vn -0.005223 0.000000 -0.999986
vn -0.005223 0.000000 -0.999986
vn 0.707657 0.706540 0.004788
vn 0.707657 0.706540 0.004788
vn 0.707657 0.706540 0.004788
vn 0.707657 0.706540 0.004788
vn 0.005224 0.000000 0.999986
vn 0.005224 0.000000 0.999986
vn 0.005224 0.000000 0.999986
vn 0.005224 0.000000 0.999986
vn -0.707656 0.706541 0.004785
vn -0.707657 0.706540 0.004785
vn -0.707656 0.706541 0.004785
vn -0.707656 0.706541 0.004785
vn 0.005933 -0.000639 0.999982
vn 0.005933 -0.000639 0.999982
vn 0.005933 -0.000639 0.999982
vn 0.005933 -0.000639 0.999982
vn -1.000000 0.000000 0.000000
vn -1.000000 0.000000 0.000000
vn -1.000000 0.000000 0.000000
vn -1.000000 0.000000 0.000000
vn -0.005931 0.000639 -0.999982
vn -0.005931 0.000639 -0.999982
vn -0.005931 0.000639 -0.999982
vn -0.005931 0.000639 -0.999982
vn 1.000000 0.000000 0.000000
vn 1.000000 0.000000 0.000000
vn 1.000000 0.000000 0.000000
vn 1.000000 0.000000 0.000000
vn 0.009137 0.999772 0.019317
vn 0.009137 0.999772 0.019317
vn 0.009137 0.999772 0.019317
vn 0.009137 0.999772 0.019317
vn -0.010426 -0.999759 -0.019330
vn -0.010426 -0.999759 -0.019330
vn -0.010426 -0.999759 -0.019330
vn -0.010426 -0.999759 -0.019330
vn 0.884850 -0.465790 -0.009002
vn 0.884850 -0.465790 -0.009002
vn 0.884850 -0.465790 -0.009002
vn 0.884850 -0.465790 -0.009002
vn -0.004840 0.000002 -0.999988
vn -0.004840 0.000002 -0.999988
vn -0.004840 0.000002 -0.999988
vn -0.004840 0.000002 -0.999988
vn -0.884836 -0.465816 -0.008999
vn -0.884836 -0.465816 -0.008999
vn -0.884836 -0.465816 -0.008999
vn -0.884836 -0.465816 -0.008999
vn 0.004842 0.000000 0.999988
vn 0.004842 0.000000 0.999988
vn 0.004842 0.000000 0.999988
vn 0.004842 0.000000 0.999988
vn -0.005222 0.000000 -0.999986
vn -0.005222 0.000000 -0.999986
vn -0.005222 0.000000 -0.999986
vn -0.005222 0.000000 -0.999986
vn 0.943855 0.330299 0.006387
vn 0.943855 0.330299 0.006387
vn 0.943855 0.330299 0.006387
vn 0.943855 0.330299 0.006387
vn 0.005225 0.000000 0.999986
vn 0.005225 0.000000 0.999986
vn 0.005225 0.000000 0.999986
vn 0.005225 0.000000 0.999986
vn -0.943855 0.330297 0.006386
vn -0.943855 0.330297 0.006386
vn -0.943855 0.330297 0.006386
vn -0.943855 0.330297 0.006386
vn 0.999982 -0.000639 -0.005933
vn 0.999982 -0.000639 -0.005933
vn 0.999982 -0.000639 -0.005933
vn 0.999982 -0.000639 -0.005933
vn 0.000001 0.000000 1.000000
vn 0.000001 0.000000 1.000000
vn 0.000001 0.000000 1.000000
vn 0.000001 0.000000 1.000000
vn -0.999982 0.000639 0.005925
vn -0.999982 0.000639 0.005925
vn -0.999982 0.000639 0.005925
vn -0.999982 0.000639 0.005925
vn 0.000001 0.000000 -1.000000
vn 0.000001 0.000000 -1.000000
vn 0.000001 0.000000 -1.000000
vn 0.000001 0.000000 -1.000000
vn 0.019317 0.999772 -0.009138
vn 0.019317 0.999772 -0.009138
vn 0.019317 0.999772 -0.009138
vn 0.019317 0.999772 -0.009138
vn -0.019329 -0.999759 0.010426
vn -0.019329 -0.999759 0.010426
vn -0.019329 -0.999759 0.010426
vn -0.019329 -0.999759 0.010426
vn -0.009002 -0.465803 -0.884843
vn -0.009002 -0.465803 -0.884843
vn -0.009002 -0.465803 -0.884843
vn -0.009002 -0.465803 -0.884843
vn -0.999988 0.000008 0.004836
vn -0.999988 0.000008 0.004836
vn -0.999988 0.000008 0.004836
vn -0.999988 0.000008 0.004836
vn -0.008999 -0.465804 0.884842
vn -0.008999 -0.465804 0.884842
vn -0.008999 -0.465804 0.884842
vn -0.008999 -0.465804 0.884842
vn 0.999988 -0.000008 -0.004849
vn 0.999988 -0.000008 -0.004849
vn 0.999988 -0.000008 -0.004849
vn 0.999988 -0.000008 -0.004849
vn -0.999986 0.000007 0.005218
vn -0.999986 0.000007 0.005218
vn -0.999986 0.000007 0.005218
vn -0.999986 0.000007 0.005218
vn 0.006389 0.330297 -0.943856
vn 0.006389 0.330297 -0.943856
vn 0.006389 0.330297 -0.943856
vn 0.006389 0.330297 -0.943856
vn 0.999986 0.000021 -0.005225
vn 0.999986 0.000021 -0.005225
vn 0.999986 0.000021 -0.005225
vn 0.999986 0.000021 -0.005225
vn 0.006386 0.330299 0.943855
vn 0.006386 0.330299 0.943855
vn 0.006386 0.330299 0.943855
vn 0.006386 0.330299 0.943855
vn 0.999982 -0.000640 -0.005933
vn 0.999982 -0.000640 -0.005933
vn 0.999982 -0.000640 -0.005933
vn 0.999982 -0.000640 -0.005933
vn -0.000001 0.000000 1.000000
vn -0.000001 0.000000 1.000000
vn -0.000001 0.000000 1.000000
vn -0.000001 0.000000 1.000000
vn -0.999982 0.000639 0.005925
vn -0.999982 0.000639 0.005925
vn -0.999982 0.000639 0.005925
vn -0.999982 0.000639 0.005925
vn 0.000000 0.000000 -1.000000
vn 0.000000 0.000000 -1.000000
vn 0.000000 0.000000 -1.000000
vn 0.000000 0.000000 -1.000000
vn 0.019317 0.999772 -0.009137
vn 0.019317 0.999772 -0.009137
vn 0.019317 0.999772 -0.009137
vn 0.019317 0.999772 -0.009137
vn -0.019330 -0.999759 0.010426
vn -0.019330 -0.999759 0.010426
vn -0.019330 -0.999759 0.010426
vn -0.019330 -0.999759 0.010426
vn -0.009002 -0.465803 -0.884843
vn -0.009002 -0.465803 -0.884843
vn -0.009002 -0.465803 -0.884843
vn -0.009002 -0.465803 -0.884843
vn -0.999988 -0.000002 0.004836
vn -0.999988 -0.000002 0.004836
vn -0.999988 -0.000002 0.004836
vn -0.999988 -0.000002 0.004836
vn -0.008998 -0.465801 0.884844
vn -0.008998 -0.465801 0.884844
vn -0.008998 -0.465801 0.884844
vn -0.008998 -0.465801 0.884844
vn 0.999988 -0.000004 -0.004849
vn 0.999988 -0.000004 -0.004849
vn 0.999988 -0.000004 -0.004849
vn 0.999988 -0.000004 -0.004849
vn -0.999986 -0.000002 0.005218
vn -0.999986 -0.000002 0.005218
vn -0.999986 -0.000002 0.005218
vn -0.999986 -0.000002 0.005218
vn 0.006387 0.330297 -0.943856
vn 0.006387 0.330297 -0.943856
vn 0.006387 0.330297 -0.943856
vn 0.006387 0.330297 -0.943856
vn 0.999986 0.000026 -0.005225
vn 0.999986 0.000026 -0.005225
vn 0.999986 0.000026 -0.005225
vn 0.999986 0.000026 -0.005225
vn 0.006385 0.330299 0.943855
vn 0.006385 0.330299 0.943855
vn 0.006385 0.330299 0.943855
vn 0.006385 0.330299 0.943855
vn 0.999982 -0.000639 -0.005933
vn 0.999982 -0.000639 -0.005933
vn 0.999982 -0.000639 -0.005933
vn 0.999982 -0.000639 -0.005933
vn -0.000000 0.000000 1.000000
vn -0.000000 0.000000 1.000000
vn -0.000000 0.000000 1.000000
vn -0.000000 0.000000 1.000000
vn -0.999982 0.000639 0.005925
vn -0.999982 0.000639 0.005925
vn -0.999982 0.000639 0.005925
vn -0.999982 0.000639 0.005925
vn -0.000000 0.000000 -1.000000
vn -0.000000 0.000000 -1.000000
vn -0.000000 0.000000 -1.000000
vn -0.000000 0.000000 -1.000000
vn 0.019317 0.999772 -0.009138
vn 0.019317 0.999772 -0.009138
vn 0.019317 0.999772 -0.009138
vn 0.019317 0.999772 -0.009138
vn -0.019330 -0.999759 0.010426
vn -0.019330 -0.999759 0.010426
vn -0.019330 -0.999759 0.010426
vn -0.019330 -0.999759 0.010426
vn -0.009002 -0.465803 -0.884843
vn -0.009002 -0.465803 -0.884843
vn -0.009002 -0.465803 -0.884843
vn -0.009002 -0.465803 -0.884843
vn -0.999988 0.000008 0.004836
vn -0.999988 0.000008 0.004836
vn -0.999988 0.000008 0.004836
vn -0.999988 0.000008 0.004836
vn -0.008998 -0.465804 0.884842
vn -0.008998 -0.465804 0.884842
vn -0.008998 -0.465804 0.884842
vn -0.008998 -0.465804 0.884842
vn 0.999988 -0.000008 -0.004849
vn 0.999988 -0.000008 -0.004849
vn 0.999988 -0.000008 -0.004849
vn 0.999988 -0.000008 -0.004849
vn -0.999986 -0.000003 0.005218
vn -0.999986 -0.000003 0.005218
vn -0.999986 -0.000003 0.005218
vn -0.999986 -0.000003 0.005218
vn 0.006387 0.330297 -0.943856
vn 0.006387 0.330297 -0.943856
vn 0.006387 0.330297 -0.943856
vn 0.006387 0.330297 -0.943856
vn 0.999986 0.000014 -0.005225
vn 0.999986 0.000014 -0.005225
vn 0.999986 0.000014 -0.005225
vn 0.999986 0.000014 -0.005225
vn 0.006385 0.330297 0.943856
vn 0.006385 0.330297 0.943856
vn 0.006385 0.330297 0.943856
vn 0.006385 0.330297 0.943856
vn 0.999982 -0.000640 -0.005933
vn 0.999982 -0.000640 -0.005933
vn 0.999982 -0.000640 -0.005933
vn 0.999982 -0.000640 -0.005933
vn 0.000000 0.000000 1.000000
vn 0.000000 0.000000 1.000000
vn 0.000000 0.000000 1.000000
vn 0.000000 0.000000 1.000000
vn -0.999982 0.000639 0.005925
vn -0.999982 0.000639 0.005925
vn -0.999982 0.000639 0.005925
vn -0.999982 0.000639 0.005925
vn 0.000000 0.000000 -1.000000
vn 0.000000 0.000000 -1.000000
vn 0.000000 0.000000 -1.000000
vn 0.000000 0.000000 -1.000000
vn 0.019317 0.999772 -0.009138
vn 0.019317 0.999772 -0.009138
vn 0.019317 0.999772 -0.009138
vn 0.019317 0.999772 -0.009138
vn -0.019330 -0.999759 0.010426
vn -0.019330 -0.999759 0.010426
vn -0.019330 -0.999759 0.010426
vn -0.019330 -0.999759 0.010426
vn -0.009002 -0.465803 -0.884843
vn -0.009002 -0.465803 -0.884843
vn -0.009002 -0.465803 -0.884843
vn -0.009002 -0.465803 -0.884843
vn -0.999988 -0.000002 0.004836
vn -0.999988 -0.000002 0.004836
vn -0.999988 -0.000002 0.004836
vn -0.999988 -0.000002 0.004836
vn -0.008997 -0.465804 0.884842
vn -0.008997 -0.465804 0.884842
vn -0.008997 -0.465804 0.884842
vn -0.008997 -0.465804 0.884842
vn 0.999988 0.000000 -0.004849
vn 0.999988 0.000000 -0.004849
vn 0.999988 0.000000 -0.004849
vn 0.999988 0.000000 -0.004849
vn -0.999986 -0.000002 0.005218
vn -0.999986 -0.000002 0.005218
vn -0.999986 -0.000002 0.005218
vn -0.999986 -0.000002 0.005218
vn 0.006387 0.330297 -0.943856
vn 0.006387 0.330297 -0.943856
vn 0.006387 0.330297 -0.943856
vn 0.006387 0.330297 -0.943856
vn 0.999986 0.000026 -0.005225
vn 0.999986 0.000026 -0.005225
vn 0.999986 0.000026 -0.005225
vn 0.999986 0.000026 -0.005225
vn 0.006386 0.330299 0.943855
vn 0.006386 0.330299 0.943855
vn 0.006386 0.330299 0.943855
vn 0.006386 0.330299 0.943855
vn 0.999982 -0.000639 -0.005933
vn 0.999982 -0.000639 -0.005933
vn 0.999982 -0.000639 -0.005933
vn 0.999982 -0.000639 -0.005933
vn 0.000001 0.000000 1.000000
vn 0.000001 0.000000 1.000000
vn 0.000001 0.000000 1.000000
vn 0.000001 0.000000 1.000000
vn -0.999982 0.000639 0.005925
vn -0.999982 0.000639 0.005925
vn -0.999982 0.000639 0.005925
vn -0.999982 0.000639 0.005925
vn -0.000001 0.000000 -1.000000
vn -0.000001 0.000000 -1.000000
vn -0.000001 0.000000 -1.000000
vn -0.000001 0.000000 -1.000000
vn 0.019317 0.999772 -0.009138
vn 0.019317 0.999772 -0.009138
vn 0.019317 0.999772 -0.009138
vn 0.019317 0.999772 -0.009138
vn -0.019329 -0.999759 0.010426
vn -0.019329 -0.999759 0.010426
vn -0.019329 -0.999759 0.010426
vn -0.019329 -0.999759 0.010426
vn -0.009003 -0.465803 -0.884843
vn -0.009003 -0.465803 -0.884843
vn -0.009003 -0.465803 -0.884843
vn -0.009003 -0.465803 -0.884843
vn -0.999988 0.000008 0.004836
vn -0.999988 0.000008 0.004836
vn -0.999988 0.000008 0.004836
vn -0.999988 0.000008 0.004836
vn -0.008997 -0.465804 0.884842
vn -0.008997 -0.465804 0.884842
vn -0.008997 -0.465804 0.884842
vn -0.008997 -0.465804 0.884842
vn 0.999988 -0.000008 -0.004849
vn 0.999988 -0.000008 -0.004849
vn 0.999988 -0.000008 -0.004849
vn 0.999988 -0.000008 -0.004849
vn -0.999986 0.000007 0.005218
vn -0.999986 0.000007 0.005218
vn -0.999986 0.000007 0.005218
vn -0.999986 0.000007 0.005218
vn 0.006387 0.330297 -0.943856
vn 0.006387 0.330297 -0.943856
vn 0.006387 0.330297 -0.943856
vn 0.006387 0.330297 -0.943856
vn 0.999986 0.000021 -0.005225
vn 0.999986 0.000021 -0.005225
vn 0.999986 0.000021 -0.005225
vn 0.999986 0.000021 -0.005225
vn 0.006386 0.330299 0.943855
vn 0.006386 0.330299 0.943855
vn 0.006386 0.330299 0.943855
vn 0.006386 0.330299 0.943855
vn 0.999982 -0.000639 -0.005933
vn 0.999982 -0.000639 -0.005933
vn 0.999982 -0.000639 -0.005933
vn 0.999982 -0.000639 -0.005933
vn 0.000001 0.000000 1.000000
vn 0.000001 0.000000 1.000000
vn 0.000001 0.000000 1.000000
vn 0.000001 0.000000 1.000000
vn -0.999982 0.000639 0.005925
vn -0.999982 0.000639 0.005925
vn -0.999982 0.000639 0.005925
vn -0.999982 0.000639 0.005925
vn -0.000000 0.000000 -1.000000
vn -0.000000 0.000000 -1.000000
vn -0.000000 0.000000 -1.000000
vn -0.000000 0.000000 -1.000000
vn 0.019317 0.999772 -0.009138
vn 0.019317 0.999772 -0.009138
vn 0.019317 0.999772 -0.009138
vn 0.019317 0.999772 -0.009138
vn -0.019329 -0.999759 0.010426
vn -0.019329 -0.999759 0.010426
vn -0.019329 -0.999759 0.010426
vn -0.019329 -0.999759 0.010426
vn -0.009002 -0.465803 -0.884843
vn -0.009002 -0.465803 -0.884843
vn -0.009002 -0.465803 -0.884843
vn -0.009002 -0.465803 -0.884843
vn -0.999988 0.000000 0.004836
vn -0.999988 0.000000 0.004836
vn -0.999988 0.000000 0.004836
vn -0.999988 0.000000 0.004836
vn -0.008997 -0.465804 0.884842
vn -0.008997 -0.465804 0.884842
vn -0.008997 -0.465804 0.884842
vn -0.008997 -0.465804 0.884842
vn 0.999988 -0.000004 -0.004849
vn 0.999988 -0.000004 -0.004849
vn 0.999988 -0.000004 -0.004849
vn 0.999988 -0.000004 -0.004849
vn -0.999986 0.000007 0.005218
vn -0.999986 0.000007 0.005218
vn -0.999986 0.000007 0.005218
vn -0.999986 0.000007 0.005218
vn 0.006386 0.330297 -0.943856
vn 0.006386 0.330297 -0.943856
vn 0.006386 0.330297 -0.943856
vn 0.006386 0.330297 -0.943856
vn 0.999986 0.000021 -0.005225
vn 0.999986 0.000021 -0.005225
vn 0.999986 0.000021 -0.005225
vn 0.999986 0.000021 -0.005225
vn 0.006386 0.330299 0.943855
vn 0.006386 0.330299 0.943855
vn 0.006386 0.330299 0.943855
vn 0.006386 0.330299 0.943855
vn 0.999982 -0.000639 -0.005933
vn 0.999982 -0.000639 -0.005933
vn 0.999982 -0.000639 -0.005933
vn 0.999982 -0.000639 -0.005933
vn 0.000000 0.000000 1.000000
vn 0.000000 0.000000 1.000000
vn 0.000000 0.000000 1.000000
vn 0.000000 0.000000 1.000000
vn -0.999982 0.000639 0.005925
vn -0.999982 0.000639 0.005925
vn -0.999982 0.000639 0.005925
vn -0.999982 0.000639 0.005925
vn 0.000000 0.000000 -1.000000
vn 0.000000 0.000000 -1.000000
vn 0.000000 0.000000 -1.000000
vn 0.000000 0.000000 -1.000000
vn 0.019317 0.999772 -0.009138
vn 0.019317 0.999772 -0.009138
vn 0.019317 0.999772 -0.009138
vn 0.019317 0.999772 -0.009138
vn -0.019330 -0.999759 0.010426
vn -0.019330 -0.999759 0.010426
vn -0.019330 -0.999759 0.010426
vn -0.019330 -0.999759 0.010426
vn -0.009002 -0.465800 -0.884844
vn -0.009002 -0.465800 -0.884844
vn -0.009002 -0.465800 -0.884844
vn -0.009002 -0.465800 -0.884844
vn -0.999988 -0.000004 0.004836
vn -0.999988 -0.000004 0.004836
vn -0.999988 -0.000004 0.004836
vn -0.999988 -0.000004 0.004836
vn -0.008998 -0.465801 0.884844
vn -0.008998 -0.465801 0.884844
vn -0.008998 -0.465801 0.884844
vn -0.008998 -0.465801 0.884844
vn 0.999988 0.000002 -0.004849
vn 0.999988 0.000002 -0.004849
vn 0.999988 0.000002 -0.004849
vn 0.999988 0.000002 -0.004849
vn -0.999986 0.000002 0.005218
vn -0.999986 0.000002 0.005218
vn -0.999986 0.000002 0.005218
vn -0.999986 0.000002 0.005218
vn 0.006387 0.330297 -0.943856
vn 0.006387 0.330297 -0.943856
vn 0.006387 0.330297 -0.943856
vn 0.006387 0.330297 -0.943856
vn 0.999986 0.000014 -0.005225
vn 0.999986 0.000014 -0.005225
vn 0.999986 0.000014 -0.005225
vn 0.999986 0.000014 -0.005225
vn 0.006386 0.330297 0.943856
vn 0.006386 0.330297 0.943856
vn 0.006386 0.330297 0.943856
vn 0.006386 0.330297 0.943856
vn 0.000000 0.683939 0.729539
vn 0.000000 0.683939 0.729539
vn 0.000000 0.683939 0.729539
vn 0.000000 0.683939 0.729539
vn 0.000000 1.000000 0.000000
vn 0.000000 1.000000 0.000000
vn 0.000000 1.000000 0.000000
vn 0.000000 1.000000 0.000000
vn 0.000000 0.000000 -1.000000
vn 0.000000 0.000000 -1.000000
vn 0.000000 0.000000 -1.000000
vn 0.000000 0.000000 -1.000000
vn 0.000000 -1.000000 0.000000
vn 0.000000 -1.000000 0.000000
vn 0.000000 -1.000000 0.000000
vn 0.000000 -1.000000 0.000000
vn 0.706540 0.707674 0.000000
vn 0.706540 0.707673 0.000000
vn 0.706540 0.707673 0.000000
vn 0.706540 0.707673 0.000000
vn -0.706541 0.707672 0.000000
vn -0.706541 0.707672 0.000000
vn -0.706541 0.707672 0.000000
vn -0.706541 0.707672 0.000000
vn 0.000000 0.000000 -1.000000
vn 0.000000 0.000000 -1.000000
vn 0.000000 0.000000 -1.000000
vn 0.000000 0.000000 -1.000000
vn 1.000000 0.000000 0.000000
vn 1.000000 0.000000 0.000000
vn 1.000000 0.000000 0.000000
vn 1.000000 0.000000 0.000000
vn 0.000000 0.000000 1.000000
vn 0.000000 0.000000 1.000000
vn 0.000000 0.000000 1.000000
vn 0.000000 0.000000 1.000000
vn -1.000000 0.000000 0.000000
vn -1.000000 0.000000 0.000000
vn -1.000000 0.000000 0.000000
vn -1.000000 0.000000 0.000000
vn 0.000000 0.000000 -1.000000
vn 0.000000 0.000000 -1.000000
vn 0.000000 0.000000 -1.000000
vn 0.000000 0.000000 -1.000000
vn 0.932659 -0.360759 0.000000
vn 0.932659 -0.360759 0.000000
vn 0.932659 -0.360759 0.000000
vn 0.932659 -0.360759 0.000000
vn 0.000000 -0.524471 0.851428
vn 0.000000 -0.524471 0.851428
vn 0.000000 -0.524471 0.851428
vn 0.000000 -0.524471 0.851428
vn -0.932657 -0.360764 0.000000
vn -0.932657 -0.360764 0.000000
vn -0.932657 -0.360764 0.000000
vn -0.932657 -0.360764 0.000000
vn 0.005930 -0.001825 0.999981
vn 0.005930 -0.001825 0.999981
vn 0.005930 -0.001825 0.999981
vn 0.005930 -0.001825 0.999981
vn -1.000000 0.000000 0.000000
vn -1.000000 0.000000 0.000000
vn -1.000000 0.000000 0.000000
vn -1.000000 0.000000 0.000000
vn -0.005932 0.001824 -0.999981
vn -0.005932 0.001824 -0.999981
vn -0.005932 0.001824 -0.999981
vn -0.005932 0.001824 -0.999981
vn 1.000000 0.000000 0.000000
vn 1.000000 0.000000 0.000000
vn 1.000000 0.000000 0.000000
vn 1.000000 0.000000 0.000000
vn 0.003199 0.999972 0.006770
vn 0.003199 0.999972 0.006770
vn 0.003199 0.999972 0.006770
vn 0.003199 0.999972 0.006770
vn -0.003656 -0.999970 -0.006779
vn -0.003656 -0.999970 -0.006779
vn -0.003656 -0.999970 -0.006779
vn -0.003656 -0.999970 -0.006779
vn 0.554218 -0.832353 -0.005631
vn 0.554218 -0.832353 -0.005631
vn 0.554218 -0.832353 -0.005631
vn 0.554218 -0.832353 -0.005631
vn -0.004842 -0.000013 -0.999988
vn -0.004842 -0.000013 -0.999988
vn -0.004842 -0.000013 -0.999988
vn -0.004842 -0.000013 -0.999988
vn -0.554178 -0.832379 -0.005631
vn -0.554178 -0.832379 -0.005631
vn -0.554178 -0.832379 -0.005631
vn -0.554178 -0.832379 -0.005631
vn 0.004838 -0.000013 0.999988
vn 0.004838 -0.000013 0.999988
vn 0.004838 -0.000013 0.999988
vn 0.004838 -0.000013 0.999988
vn -0.005223 0.000000 -0.999986
vn -0.005223 0.000000 -0.999986
vn -0.005223 0.000000 -0.999986
vn -0.005223 0.000000 -0.999986
vn 0.707656 0.706541 0.004788
vn 0.707656 0.706541 0.004788
vn 0.707656 0.706541 0.004788
vn 0.707656 0.706541 0.004788
vn 0.005224 0.000000 0.999986
vn 0.005224 0.000000 0.999986
vn 0.005224 0.000000 0.999986
vn 0.005224 0.000000 0.999986
vn -0.707657 0.706540 0.004785
vn -0.707657 0.706540 0.004785
vn -0.707657 0.706540 0.004785
vn -0.707657 0.706540 0.004785
vn 0.999982 -0.000640 -0.005925
vn 0.999982 -0.000640 -0.005925
vn 0.999982 -0.000640 -0.005925
vn 0.999982 -0.000640 -0.005925
vn 0.000001 0.000000 1.000000
vn 0.000001 0.000000 1.000000
vn 0.000001 0.000000 1.000000
vn 0.000001 0.000000 1.000000
vn -0.999982 0.000640 0.005925
vn -0.999982 0.000640 0.005925
vn -0.999982 0.000640 0.005925
vn -0.999982 0.000640 0.005925
vn -0.000000 0.000000 -1.000000
vn -0.000000 0.000000 -1.000000
vn -0.000000 0.000000 -1.000000
vn -0.000000 0.000000 -1.000000
vn 0.019317 0.999772 -0.009137
vn 0.019317 0.999772 -0.009137
vn 0.019317 0.999772 -0.009137
vn 0.019317 0.999772 -0.009137
vn -0.019330 -0.999759 0.010426
vn -0.019330 -0.999759 0.010426
vn -0.019330 -0.999759 0.010426
vn -0.019330 -0.999759 0.010426
vn -0.009002 -0.465800 -0.884844
vn -0.009002 -0.465800 -0.884844
vn -0.009002 -0.465800 -0.884844
vn -0.009002 -0.465800 -0.884844
vn -0.999988 0.000000 0.004836
vn -0.999988 0.000000 0.004836
vn -0.999988 0.000000 0.004836
vn -0.999988 0.000000 0.004836
vn -0.008997 -0.465803 0.884843
vn -0.008997 -0.465803 0.884843
vn -0.008997 -0.465803 0.884843
vn -0.008997 -0.465803 0.884843
vn 0.999988 -0.000006 -0.004836
vn 0.999988 -0.000006 -0.004836
vn 0.999988 -0.000006 -0.004836
vn 0.999988 -0.000006 -0.004836
vn -0.999986 0.000006 0.005218
vn -0.999986 0.000006 0.005218
vn -0.999986 0.000006 0.005218
vn -0.999986 0.000006 0.005218
vn 0.006386 0.330297 -0.943856
vn 0.006386 0.330297 -0.943856
vn 0.006386 0.330297 -0.943856
vn 0.006386 0.330297 -0.943856
vn 0.999986 0.000003 -0.005218
vn 0.999986 0.000003 -0.005218
vn 0.999986 0.000003 -0.005218
vn 0.999986 0.000003 -0.005218
vn 0.006386 0.330297 0.943856
vn 0.006386 0.330297 0.943856
vn 0.006386 0.330297 0.943856
vn 0.006386 0.330297 0.943856
vn 0.005933 -0.000639 0.999982
vn 0.005933 -0.000639 0.999982
vn 0.005933 -0.000639 0.999982
vn 0.005933 -0.000639 0.999982
vn -1.000000 -0.000000 0.000000
vn -1.000000 -0.000000 0.000000
vn -1.000000 -0.000000 0.000000
vn -1.000000 -0.000000 0.000000
vn -0.005931 0.000639 -0.999982
vn -0.005931 0.000639 -0.999982
vn -0.005931 0.000639 -0.999982
vn -0.005931 0.000639 -0.999982
vn 1.000000 0.000000 0.000000
vn 1.000000 0.000000 0.000000
vn 1.000000 0.000000 0.000000
vn 1.000000 0.000000 0.000000
vn 0.009137 0.999772 0.019317
vn 0.009137 0.999772 0.019317
vn 0.009137 0.999772 0.019317
vn 0.009137 0.999772 0.019317
vn -0.010426 -0.999759 -0.019330
vn -0.010426 -0.999759 -0.019330
vn -0.010426 -0.999759 -0.019330
vn -0.010426 -0.999759 -0.019330
vn 0.884851 -0.465787 -0.009002
vn 0.884851 -0.465787 -0.009002
vn 0.884851 -0.465787 -0.009002
vn 0.884851 -0.465787 -0.009002
vn -0.004840 0.000002 -0.999988
vn -0.004840 0.000002 -0.999988
vn -0.004840 0.000002 -0.999988
vn -0.004840 0.000002 -0.999988
vn -0.884837 -0.465813 -0.008999
vn -0.884837 -0.465813 -0.008999
vn -0.884837 -0.465813 -0.008999
vn -0.884837 -0.465813 -0.008999
vn 0.004842 0.000000 0.999988
vn 0.004842 0.000000 0.999988
vn 0.004842 0.000000 0.999988
vn 0.004842 0.000000 0.999988
vn -0.005222 0.000000 -0.999986
vn -0.005222 0.000000 -0.999986
vn -0.005222 0.000000 -0.999986
vn -0.005222 0.000000 -0.999986
vn 0.943856 0.330295 0.006387
vn 0.943856 0.330295 0.006387
vn 0.943856 0.330295 0.006387
vn 0.943856 0.330295 0.006387
vn 0.005225 0.000000 0.999986
vn 0.005225 0.000000 0.999986
vn 0.005225 0.000000 0.999986
vn 0.005225 0.000000 0.999986
vn -0.943854 0.330302 0.006386
vn -0.943854 0.330302 0.006386
vn -0.943854 0.330302 0.006386
vn -0.943854 0.330302 0.006386
vn 0.999982 -0.000639 -0.005933
vn 0.999982 -0.000639 -0.005933
vn 0.999982 -0.000639 -0.005933
vn 0.999982 -0.000639 -0.005933
vn 0.000002 0.000000 1.000000
vn 0.000002 0.000000 1.000000
vn 0.000002 0.000000 1.000000
vn 0.000002 0.000000 1.000000
vn -0.999982 0.000639 0.005925
vn -0.999982 0.000639 0.005925
vn -0.999982 0.000639 0.005925
vn -0.999982 0.000639 0.005925
vn 0.000002 0.000000 -1.000000
vn 0.000002 0.000000 -1.000000
vn 0.000002 0.000000 -1.000000
vn 0.000002 0.000000 -1.000000
vn 0.019317 0.999772 -0.009138
vn 0.019317 0.999772 -0.009138
vn 0.019317 0.999772 -0.009138
vn 0.019317 0.999772 -0.009138
vn -0.019329 -0.999759 0.010426
vn -0.019329 -0.999759 0.010426
vn -0.019329 -0.999759 0.010426
vn -0.019329 -0.999759 0.010426
vn -0.009002 -0.465803 -0.884843
vn -0.009002 -0.465803 -0.884843
vn -0.009002 -0.465803 -0.884843
vn -0.009002 -0.465803 -0.884843
vn -0.999988 0.000008 0.004836
vn -0.999988 0.000008 0.004836
vn -0.999988 0.000008 0.004836
vn -0.999988 0.000008 0.004836
vn -0.008999 -0.465804 0.884842
vn -0.008999 -0.465804 0.884842
vn -0.008999 -0.465804 0.884842
vn -0.008999 -0.465804 0.884842
vn 0.999988 -0.000008 -0.004849
vn 0.999988 -0.000008 -0.004849
vn 0.999988 -0.000008 -0.004849
vn 0.999988 -0.000008 -0.004849
vn -0.999986 0.000007 0.005218
vn -0.999986 0.000007 0.005218
vn -0.999986 0.000007 0.005218
vn -0.999986 0.000007 0.005218
vn 0.006386 0.330297 -0.943856
vn 0.006386 0.330297 -0.943856
vn 0.006386 0.330297 -0.943856
vn 0.006386 0.330297 -0.943856
vn 0.999986 0.000021 -0.005225
vn 0.999986 0.000021 -0.005225
vn 0.999986 0.000021 -0.005225
vn 0.999986 0.000021 -0.005225
vn 0.006386 0.330299 0.943855
vn 0.006386 0.330299 0.943855
vn 0.006386 0.330299 0.943855
vn 0.006386 0.330299 0.943855
vn 0.005933 -0.000639 0.999982
vn 0.005933 -0.000639 0.999982
vn 0.005933 -0.000639 0.999982
vn 0.005933 -0.000639 0.999982
vn -1.000000 0.000000 0.000000
vn -1.000000 0.000000 0.000000
vn -1.000000 0.000000 0.000000
vn -1.000000 0.000000 0.000000
vn -0.005931 0.000639 -0.999982
vn -0.005931 0.000639 -0.999982
vn -0.005931 0.000639 -0.999982
vn -0.005931 0.000639 -0.999982
vn 1.000000 0.000000 0.000000
vn 1.000000 0.000000 0.000000
vn 1.000000 0.000000 0.000000
vn 1.000000 0.000000 0.000000
vn 0.009137 0.999772 0.019317
vn 0.009137 0.999772 0.019317
vn 0.009137 0.999772 0.019317
vn 0.009137 0.999772 0.019317
vn -0.010426 -0.999759 -0.019330
vn -0.010426 -0.999759 -0.019330
vn -0.010426 -0.999759 -0.019330
vn -0.010426 -0.999759 -0.019330
vn 0.884851 -0.465787 -0.009002
vn 0.884851 -0.465787 -0.009002
vn 0.884851 -0.465787 -0.009002
vn 0.884851 -0.465787 -0.009002
vn -0.004840 0.000002 -0.999988
vn -0.004840 0.000002 -0.999988
vn -0.004840 0.000002 -0.999988
vn -0.004840 0.000002 -0.999988
vn -0.884835 -0.465818 -0.008999
vn -0.884835 -0.465818 -0.008999
vn -0.884835 -0.465818 -0.008999
vn -0.884835 -0.465818 -0.008999
vn 0.004842 0.000000 0.999988
vn 0.004842 0.000000 0.999988
vn 0.004842 0.000000 0.999988
vn 0.004842 0.000000 0.999988
vn -0.005222 0.000000 -0.999986
vn -0.005222 0.000000 -0.999986
vn -0.005222 0.000000 -0.999986
vn -0.005222 0.000000 -0.999986
vn 0.943856 0.330295 0.006387
vn 0.943856 0.330295 0.006387
vn 0.943856 0.330295 0.006387
vn 0.943856 0.330295 0.006387
vn 0.005225 0.000000 0.999986
vn 0.005225 0.000000 0.999986
vn 0.005225 0.000000 0.999986
vn 0.005225 0.000000 0.999986
vn -0.943854 0.330302 0.006386
vn -0.943854 0.330302 0.006386
vn -0.943854 0.330302 0.006386
vn -0.943854 0.330302 0.006386
vn 0.999982 -0.000640 -0.005933
vn 0.999982 -0.000640 -0.005933
vn 0.999982 -0.000640 -0.005933
vn 0.999982 -0.000640 -0.005933
vn -0.000001 0.000000 1.000000
vn -0.000001 0.000000 1.000000
vn -0.000001 0.000000 1.000000
vn -0.000001 0.000000 1.000000
vn -0.999982 0.000639 0.005925
vn -0.999982 0.000639 0.005925
vn -0.999982 0.000639 0.005925
vn -0.999982 0.000639 0.005925
vn 0.000000 0.000000 -1.000000
vn 0.000000 0.000000 -1.000000
vn 0.000000 0.000000 -1.000000
vn 0.000000 0.000000 -1.000000
vn 0.019317 0.999772 -0.009137
vn 0.019317 0.999772 -0.009137
vn 0.019317 0.999772 -0.009137
vn 0.019317 0.999772 -0.009137
vn -0.019330 -0.999759 0.010426
vn -0.019330 -0.999759 0.010426
vn -0.019330 -0.999759 0.010426
vn -0.019330 -0.999759 0.010426
vn -0.009002 -0.465803 -0.884843
vn -0.009002 -0.465803 -0.884843
vn -0.009002 -0.465803 -0.884843
vn -0.009002 -0.465803 -0.884843
vn -0.999988 -0.000002 0.004836
vn -0.999988 -0.000002 0.004836
vn -0.999988 -0.000002 0.004836
vn -0.999988 -0.000002 0.004836
vn -0.008998 -0.465801 0.884844
vn -0.008998 -0.465801 0.884844
vn -0.008998 -0.465801 0.884844
vn -0.008998 -0.465801 0.884844
vn 0.999988 -0.000004 -0.004849
vn 0.999988 -0.000004 -0.004849
vn 0.999988 -0.000004 -0.004849
vn 0.999988 -0.000004 -0.004849
vn -0.999986 -0.000002 0.005218
vn -0.999986 -0.000002 0.005218
vn -0.999986 -0.000002 0.005218
vn -0.999986 -0.000002 0.005218
vn 0.006387 0.330297 -0.943856
vn 0.006387 0.330297 -0.943856
vn 0.006387 0.330297 -0.943856
vn 0.006387 0.330297 -0.943856
vn 0.999986 0.000026 -0.005225
vn 0.999986 0.000026 -0.005225
vn 0.999986 0.000026 -0.005225
vn 0.999986 0.000026 -0.005225
vn 0.006385 0.330299 0.943855
vn 0.006385 0.330299 0.943855
vn 0.006385 0.330299 0.943855
vn 0.006385 0.330299 0.943855
vn 0.005933 -0.000639 0.999982
vn 0.005933 -0.000639 0.999982
vn 0.005933 -0.000639 0.999982
vn 0.005933 -0.000639 0.999982
vn -1.000000 0.000000 0.000000
vn -1.000000 0.000000 0.000000
vn -1.000000 0.000000 0.000000
vn -1.000000 0.000000 0.000000
vn -0.005931 0.000639 -0.999982
vn -0.005931 0.000639 -0.999982
vn -0.005931 0.000639 -0.999982
vn -0.005931 0.000639 -0.999982
vn 1.000000 0.000000 0.000000
vn 1.000000 0.000000 0.000000
vn 1.000000 0.000000 0.000000
vn 1.000000 0.000000 0.000000
vn 0.009137 0.999772 0.019317
vn 0.009137 0.999772 0.019317
vn 0.009137 0.999772 0.019317
vn 0.009137 0.999772 0.019317
vn -0.010426 -0.999759 -0.019330
vn -0.010426 -0.999759 -0.019330
vn -0.010426 -0.999759 -0.019330
vn -0.010426 -0.999759 -0.019330
vn 0.884848 -0.465793 -0.009002
vn 0.884848 -0.465793 -0.009002
vn 0.884848 -0.465793 -0.009002
vn 0.884848 -0.465793 -0.009002
vn -0.004840 0.000002 -0.999988
vn -0.004840 0.000002 -0.999988
vn -0.004840 0.000002 -0.999988
vn -0.004840 0.000002 -0.999988
vn -0.884836 -0.465816 -0.008999
vn -0.884836 -0.465816 -0.008999
vn -0.884836 -0.465816 -0.008999
vn -0.884836 -0.465816 -0.008999
vn 0.004842 0.000000 0.999988
vn 0.004842 0.000000 0.999988
vn 0.004842 0.000000 0.999988
vn 0.004842 0.000000 0.999988
vn -0.005222 0.000000 -0.999986
vn -0.005222 0.000000 -0.999986
vn -0.005222 0.000000 -0.999986
vn -0.005222 0.000000 -0.999986
vn 0.943855 0.330299 0.006387
vn 0.943855 0.330299 0.006387
vn 0.943855 0.330299 0.006387
vn 0.943855 0.330299 0.006387
vn 0.005225 0.000000 0.999986
vn 0.005225 0.000000 0.999986
vn 0.005225 0.000000 0.999986
vn 0.005225 0.000000 0.999986
vn -0.943855 0.330297 0.006386
vn -0.943855 0.330297 0.006386
vn -0.943855 0.330297 0.006386
vn -0.943855 0.330297 0.006386
vn 0.005933 -0.000639 0.999982
vn 0.005933 -0.000639 0.999982
vn 0.005933 -0.000639 0.999982
vn 0.005933 -0.000639 0.999982
vn -1.000000 0.000000 0.000000
vn -1.000000 0.000000 0.000000
vn -1.000000 0.000000 0.000000
vn -1.000000 0.000000 0.000000
vn -0.005931 0.000639 -0.999982
vn -0.005931 0.000639 -0.999982
vn -0.005931 0.000639 -0.999982
vn -0.005931 0.000639 -0.999982
vn 1.000000 0.000000 0.000000
vn 1.000000 0.000000 0.000000
vn 1.000000 0.000000 0.000000
vn 1.000000 0.000000 0.000000
vn 0.009137 0.999772 0.019317
vn 0.009137 0.999772 0.019317
vn 0.009137 0.999772 0.019317
vn 0.009137 0.999772 0.019317
vn -0.010426 -0.999759 -0.019330
vn -0.010426 -0.999759 -0.019330
vn -0.010426 -0.999759 -0.019330
vn -0.010426 -0.999759 -0.019330
vn 0.884850 -0.465790 -0.009002
vn 0.884850 -0.465790 -0.009002
vn 0.884850 -0.465790 -0.009002
vn 0.884850 -0.465790 -0.009002
vn -0.004840 0.000002 -0.999988
vn -0.004840 0.000002 -0.999988
vn -0.004840 0.000002 -0.999988
vn -0.004840 0.000002 -0.999988
vn -0.884835 -0.465818 -0.008999
vn -0.884835 -0.465818 -0.008999
vn -0.884835 -0.465818 -0.008999
vn -0.884835 -0.465818 -0.008999
vn 0.004842 0.000000 0.999988
vn 0.004842 0.000000 0.999988
vn 0.004842 0.000000 0.999988
vn 0.004842 0.000000 0.999988
vn -0.005222 0.000000 -0.999986
vn -0.005222 0.000000 -0.999986
vn -0.005222 0.000000 -0.999986
vn -0.005222 0.000000 -0.999986
vn 0.943855 0.330299 0.006387
vn 0.943855 0.330299 0.006387
vn 0.943855 0.330299 0.006387
vn 0.943855 0.330299 0.006387
vn 0.005225 0.000000 0.999986
vn 0.005225 0.000000 0.999986
vn 0.005225 0.000000 0.999986
vn 0.005225 0.000000 0.999986
vn -0.943855 0.330297 0.006386
vn -0.943855 0.330297 0.006386
vn -0.943855 0.330297 0.006386
vn -0.943855 0.330297 0.006386
vn 0.005933 -0.000639 0.999982
vn 0.005933 -0.000639 0.999982
vn 0.005933 -0.000639 0.999982
vn 0.005933 -0.000639 0.999982
vn -1.000000 -0.000000 0.000000
vn -1.000000 -0.000000 0.000000
vn -1.000000 -0.000000 0.000000
vn -1.000000 -0.000000 0.000000
vn -0.005931 0.000639 -0.999982
vn -0.005931 0.000639 -0.999982
vn -0.005931 0.000639 -0.999982
vn -0.005931 0.000639 -0.999982
vn 1.000000 0.000000 0.000000
vn 1.000000 0.000000 0.000000
vn 1.000000 0.000000 0.000000
vn 1.000000 0.000000 0.000000
vn 0.009137 0.999772 0.019317
vn 0.009137 0.999772 0.019317
vn 0.009137 0.999772 0.019317
vn 0.009137 0.999772 0.019317
vn -0.010426 -0.999759 -0.019330
vn -0.010426 -0.999759 -0.019330
vn -0.010426 -0.999759 -0.019330
vn -0.010426 -0.999759 -0.019330
vn 0.884850 -0.465790 -0.009002
vn 0.884850 -0.465790 -0.009002
vn 0.884850 -0.465790 -0.009002
vn 0.884850 -0.465790 -0.009002
vn -0.004840 0.000002 -0.999988
vn -0.004840 0.000002 -0.999988
vn -0.004840 0.000002 -0.999988
vn -0.004840 0.000002 -0.999988
vn -0.884836 -0.465816 -0.008999
vn -0.884836 -0.465816 -0.008999
vn -0.884836 -0.465816 -0.008999
vn -0.884836 -0.465816 -0.008999
vn 0.004842 0.000000 0.999988
vn 0.004842 0.000000 0.999988
vn 0.004842 0.000000 0.999988
vn 0.004842 0.000000 0.999988
vn -0.005222 0.000000 -0.999986
vn -0.005222 0.000000 -0.999986
vn -0.005222 0.000000 -0.999986
vn -0.005222 0.000000 -0.999986
vn 0.943856 0.330297 0.006387
vn 0.943856 0.330297 0.006387
vn 0.943856 0.330297 0.006387
vn 0.943856 0.330297 0.006387
vn 0.005225 0.000000 0.999986
vn 0.005225 0.000000 0.999986
vn 0.005225 0.000000 0.999986
vn 0.005225 0.000000 0.999986
vn -0.943855 0.330297 0.006386
vn -0.943855 0.330297 0.006386
vn -0.943855 0.330297 0.006386
vn -0.943855 0.330297 0.006386
vn 0.005933 -0.000639 0.999982
vn 0.005933 -0.000639 0.999982
vn 0.005933 -0.000639 0.999982
vn 0.005933 -0.000639 0.999982
vn -1.000000 -0.000000 0.000000
vn -1.000000 -0.000000 0.000000
vn -1.000000 -0.000000 0.000000
vn -1.000000 -0.000000 0.000000
vn -0.005931 0.000639 -0.999982
vn -0.005931 0.000639 -0.999982
vn -0.005931 0.000639 -0.999982
vn -0.005931 0.000639 -0.999982
vn 1.000000 0.000000 0.000000
vn 1.000000 0.000000 0.000000
vn 1.000000 0.000000 0.000000
vn 1.000000 0.000000 0.000000
vn 0.009137 0.999772 0.019317
vn 0.009137 0.999772 0.019317
vn 0.009137 0.999772 0.019317
vn 0.009137 0.999772 0.019317
vn -0.010426 -0.999759 -0.019330
vn -0.010426 -0.999759 -0.019330
vn -0.010426 -0.999759 -0.019330
vn -0.010426 -0.999759 -0.019330
vn 0.884850 -0.465790 -0.009002
vn 0.884850 -0.465790 -0.009002
vn 0.884850 -0.465790 -0.009002
vn 0.884850 -0.465790 -0.009002
vn -0.004840 0.000002 -0.999988
vn -0.004840 0.000002 -0.999988
vn -0.004840 0.000002 -0.999988
vn -0.004840 0.000002 -0.999988
vn -0.884836 -0.465816 -0.008999
vn -0.884836 -0.465816 -0.008999
vn -0.884836 -0.465816 -0.008999
vn -0.884836 -0.465816 -0.008999
vn 0.004842 0.000000 0.999988
vn 0.004842 0.000000 0.999988
vn 0.004842 0.000000 0.999988
vn 0.004842 0.000000 0.999988
vn -0.005222 0.000000 -0.999986
vn -0.005222 0.000000 -0.999986
vn -0.005222 0.000000 -0.999986
vn -0.005222 0.000000 -0.999986
vn 0.943856 0.330297 0.006387
vn 0.943856 0.330297 0.006387
vn 0.943856 0.330297 0.006387
vn 0.943856 0.330297 0.006387
vn 0.005225 0.000000 0.999986
vn 0.005225 0.000000 0.999986
vn 0.005225 0.000000 0.999986
vn 0.005225 0.000000 0.999986
vn -0.943855 0.330297 0.006386
vn -0.943855 0.330297 0.006386
vn -0.943855 0.330297 0.006386
vn -0.943855 0.330297 0.006386
vn 0.005933 -0.000639 0.999982
vn 0.005933 -0.000639 0.999982
vn 0.005933 -0.000639 0.999982
vn 0.005933 -0.000639 0.999982
vn -1.000000 0.000000 0.000000
vn -1.000000 0.000000 0.000000
vn -1.000000 0.000000 0.000000
vn -1.000000 0.000000 0.000000
vn -0.005931 0.000639 -0.999982
vn -0.005931 0.000639 -0.999982
vn -0.005931 0.000639 -0.999982
vn -0.005931 0.000639 -0.999982
vn 1.000000 0.000000 0.000000
vn 1.000000 0.000000 0.000000
vn 1.000000 0.000000 0.000000
vn 1.000000 0.000000 0.000000
vn 0.009137 0.999772 0.019317
vn 0.009137 0.999772 0.019317
vn 0.009137 0.999772 0.019317
vn 0.009137 0.999772 0.019317
vn -0.010426 -0.999759 -0.019330
vn -0.010426 -0.999759 -0.019330
vn -0.010426 -0.999759 -0.019330
vn -0.010426 -0.999759 -0.019330
vn 0.884850 -0.465790 -0.009002
vn 0.884850 -0.465790 -0.009002
vn 0.884850 -0.465790 -0.009002
vn 0.884850 -0.465790 -0.009002
vn -0.004840 0.000002 -0.999988
vn -0.004840 0.000002 -0.999988
vn -0.004840 0.000002 -0.999988
vn -0.004840 0.000002 -0.999988
vn -0.884835 -0.465818 -0.008999
vn -0.884835 -0.465818 -0.008999
vn -0.884835 -0.465818 -0.008999
vn -0.884835 -0.465818 -0.008999
vn 0.004842 0.000000 0.999988
vn 0.004842 0.000000 0.999988
vn 0.004842 0.000000 0.999988
vn 0.004842 0.000000 0.999988
vn -0.005222 0.000000 -0.999986
vn -0.005222 0.000000 -0.999986
vn -0.005222 0.000000 -0.999986
vn -0.005222 0.000000 -0.999986
vn 0.943855 0.330299 0.006387
vn 0.943855 0.330299 0.006387
vn 0.943855 0.330299 0.006387
vn 0.943855 0.330299 0.006387
vn 0.005225 0.000000 0.999986
vn 0.005225 0.000000 0.999986
vn 0.005225 0.000000 0.999986
vn 0.005225 0.000000 0.999986
vn -0.943855 0.330297 0.006386
vn -0.943855 0.330297 0.006386
vn -0.943855 0.330297 0.006386
vn -0.943855 0.330297 0.006386
vn 0.005933 -0.000639 0.999982
vn 0.005933 -0.000639 0.999982
vn 0.005933 -0.000639 0.999982
vn 0.005933 -0.000639 0.999982
vn -1.000000 -0.000000 0.000000
vn -1.000000 -0.000000 0.000000
vn -1.000000 -0.000000 0.000000
vn -1.000000 -0.000000 0.000000
vn -0.005931 0.000639 -0.999982
vn -0.005931 0.000639 -0.999982
vn -0.005931 0.000639 -0.999982
vn -0.005931 0.000639 -0.999982
vn 1.000000 0.000000 0.000000
vn 1.000000 0.000000 0.000000
vn 1.000000 0.000000 0.000000
vn 1.000000 0.000000 0.000000
vn 0.009137 0.999772 0.019317
vn 0.009137 0.999772 0.019317
vn 0.009137 0.999772 0.019317
vn 0.009137 0.999772 0.019317
vn -0.010426 -0.999759 -0.019330
vn -0.010426 -0.999759 -0.019330
vn -0.010426 -0.999759 -0.019330
vn -0.010426 -0.999759 -0.019330
vn 0.884851 -0.465787 -0.009002
vn 0.884851 -0.465787 -0.009002
vn 0.884851 -0.465787 -0.009002
vn 0.884851 -0.465787 -0.009002
vn -0.004840 0.000002 -0.999988
vn -0.004840 0.000002 -0.999988
vn -0.004840 0.000002 -0.999988
vn -0.004840 0.000002 -0.999988
vn -0.884837 -0.465813 -0.008999
vn -0.884837 -0.465813 -0.008999
vn -0.884837 -0.465813 -0.008999
vn -0.884837 -0.465813 -0.008999
vn 0.004842 0.000000 0.999988
vn 0.004842 0.000000 0.999988
vn 0.004842 0.000000 0.999988
vn 0.004842 0.000000 0.999988
vn -0.005222 0.000000 -0.999986
vn -0.005222 0.000000 -0.999986
vn -0.005222 0.000000 -0.999986
vn -0.005222 0.000000 -0.999986
vn 0.943856 0.330295 0.006387
vn 0.943856 0.330295 0.006387
vn 0.943856 0.330295 0.006387
vn 0.943856 0.330295 0.006387
vn 0.005225 0.000000 0.999986
vn 0.005225 0.000000 0.999986
vn 0.005225 0.000000 0.999986
vn 0.005225 0.000000 0.999986
vn -0.943854 0.330302 0.006386
vn -0.943854 0.330302 0.006386
vn -0.943854 0.330302 0.006386
vn -0.943854 0.330302 0.006386
vn 0.005933 -0.000639 0.999982
vn 0.005933 -0.000639 0.999982
vn 0.005933 -0.000639 0.999982
vn 0.005933 -0.000639 0.999982
vn -1.000000 -0.000000 0.000000
vn -1.000000 -0.000000 0.000000
vn -1.000000 -0.000000 0.000000
vn -1.000000 -0.000000 0.000000
vn -0.005931 0.000639 -0.999982
vn -0.005931 0.000639 -0.999982
vn -0.005931 0.000639 -0.999982
vn -0.005931 0.000639 -0.999982
vn 1.000000 0.000000 0.000000
vn 1.000000 0.000000 0.000000
vn 1.000000 0.000000 0.000000
vn 1.000000 0.000000 0.000000
vn 0.009137 0.999772 0.019317
vn 0.009137 0.999772 0.019317
vn 0.009137 0.999772 0.019317
vn 0.009137 0.999772 0.019317
vn -0.010426 -0.999759 -0.019330
vn -0.010426 -0.999759 -0.019330
vn -0.010426 -0.999759 -0.019330
vn -0.010426 -0.999759 -0.019330
vn 0.884850 -0.465790 -0.009002
vn 0.884850 -0.465790 -0.009002
vn 0.884850 -0.465790 -0.009002
vn 0.884850 -0.465790 -0.009002
vn -0.004840 0.000002 -0.999988
vn -0.004840 0.000002 -0.999988
vn -0.004840 0.000002 -0.999988
vn -0.004840 0.000002 -0.999988
vn -0.884836 -0.465816 -0.008999
vn -0.884836 -0.465816 -0.008999
vn -0.884836 -0.465816 -0.008999
vn -0.884836 -0.465816 -0.008999
vn 0.004842 0.000000 0.999988
vn 0.004842 0.000000 0.999988
vn 0.004842 0.000000 0.999988
vn 0.004842 0.000000 0.999988
vn -0.005222 0.000000 -0.999986
vn -0.005222 0.000000 -0.999986
vn -0.005222 0.000000 -0.999986
vn -0.005222 0.000000 -0.999986
vn 0.943856 0.330297 0.006387
vn 0.943856 0.330297 0.006387
vn 0.943856 0.330297 0.006387
vn 0.943856 0.330297 0.006387
vn 0.005225 0.000000 0.999986
vn 0.005225 0.000000 0.999986
vn 0.005225 0.000000 0.999986
vn 0.005225 0.000000 0.999986
vn -0.943855 0.330300 0.006386
vn -0.943855 0.330300 0.006386
vn -0.943855 0.330300 0.006386
vn -0.943855 0.330300 0.006386
vn 0.005933 -0.000639 0.999982
vn 0.005933 -0.000639 0.999982
vn 0.005933 -0.000639 0.999982
vn 0.005933 -0.000639 0.999982
vn -1.000000 0.000000 0.000000
vn -1.000000 0.000000 0.000000
vn -1.000000 0.000000 0.000000
vn -1.000000 0.000000 0.000000
vn -0.005931 0.000639 -0.999982
vn -0.005931 0.000639 -0.999982
vn -0.005931 0.000639 -0.999982
vn -0.005931 0.000639 -0.999982
vn 1.000000 0.000000 0.000000
vn 1.000000 0.000000 0.000000
vn 1.000000 0.000000 0.000000
vn 1.000000 0.000000 0.000000
vn 0.009137 0.999772 0.019317
vn 0.009137 0.999772 0.019317
vn 0.009137 0.999772 0.019317
vn 0.009137 0.999772 0.019317
vn -0.010426 -0.999759 -0.019330
vn -0.010426 -0.999759 -0.019330
vn -0.010426 -0.999759 -0.019330
vn -0.010426 -0.999759 -0.019330
vn 0.884850 -0.465790 -0.009002
vn 0.884850 -0.465790 -0.009002
vn 0.884850 -0.465790 -0.009002
vn 0.884850 -0.465790 -0.009002
vn -0.004840 0.000002 -0.999988
vn -0.004840 0.000002 -0.999988
vn -0.004840 0.000002 -0.999988
vn -0.004840 0.000002 -0.999988
vn -0.884835 -0.465818 -0.008999
vn -0.884835 -0.465818 -0.008999
vn -0.884835 -0.465818 -0.008999
vn -0.884835 -0.465818 -0.008999
vn 0.004842 0.000000 0.999988
vn 0.004842 0.000000 0.999988
vn 0.004842 0.000000 0.999988
vn 0.004842 0.000000 0.999988
vn -0.005222 0.000000 -0.999986
vn -0.005222 0.000000 -0.999986
vn -0.005222 0.000000 -0.999986
vn -0.005222 0.000000 -0.999986
vn 0.943855 0.330299 0.006387
vn 0.943855 0.330299 0.006387
vn 0.943855 0.330299 0.006387
vn 0.943855 0.330299 0.006387
vn 0.005225 0.000000 0.999986
vn 0.005225 0.000000 0.999986
vn 0.005225 0.000000 0.999986
vn 0.005225 0.000000 0.999986
vn -0.943855 0.330297 0.006386
vn -0.943855 0.330297 0.006386
vn -0.943855 0.330297 0.006386
vn -0.943855 0.330297 0.006386
vn 0.005934 -0.001926 0.999981
vn 0.005934 -0.001926 0.999981
vn 0.005934 -0.001926 0.999981
vn 0.005934 -0.001926 0.999981
vn -1.000000 0.000000 0.000000
vn -1.000000 0.000000 0.000000
vn -1.000000 0.000000 0.000000
vn -1.000000 0.000000 0.000000
vn -0.005933 0.001925 -0.999981
vn -0.005933 0.001925 -0.999981
vn -0.005933 0.001925 -0.999981
vn -0.005933 0.001925 -0.999981
vn 1.000000 0.000000 0.000000
vn 1.000000 0.000000 0.000000
vn 1.000000 0.000000 0.000000
vn 1.000000 0.000000 0.000000
vn 0.003033 0.999975 0.006414
vn 0.003033 0.999975 0.006414
vn 0.003033 0.999975 0.006414
vn 0.003033 0.999975 0.006414
vn -0.003463 -0.999973 -0.006421
vn -0.003463 -0.999973 -0.006421
vn -0.003463 -0.999973 -0.006421
vn -0.003463 -0.999973 -0.006421
vn 0.533548 -0.845753 -0.005423
vn 0.533548 -0.845753 -0.005423
vn 0.533548 -0.845753 -0.005423
vn 0.533548 -0.845753 -0.005423
vn -0.004843 -0.000028 -0.999988
vn -0.004843 -0.000028 -0.999988
vn -0.004843 -0.000028 -0.999988
vn -0.004843 -0.000028 -0.999988
vn -0.533518 -0.845771 -0.005423
vn -0.533518 -0.845771 -0.005423
vn -0.533518 -0.845771 -0.005423
vn -0.533518 -0.845771 -0.005423
vn 0.004842 -0.000007 0.999988
vn 0.004842 -0.000007 0.999988
vn 0.004842 -0.000007 0.999988
vn 0.004842 -0.000007 0.999988
vn -0.005224 0.000000 -0.999986
vn -0.005224 0.000000 -0.999986
vn -0.005224 0.000000 -0.999986
vn -0.005224 0.000000 -0.999986
vn 0.688348 0.725366 0.004658
vn 0.688348 0.725366 0.004658
vn 0.688348 0.725366 0.004658
vn 0.688348 0.725366 0.004658
vn 0.005223 0.000000 0.999986
vn 0.005223 0.000000 0.999986
vn 0.005223 0.000000 0.999986
vn 0.005223 0.000000 0.999986
vn -0.688348 0.725366 0.004658
vn -0.688348 0.725366 0.004658
vn -0.688348 0.725366 0.004658
vn -0.688348 0.725366 0.004658
vn 0.005933 -0.000639 0.999982
vn 0.005933 -0.000639 0.999982
vn 0.005933 -0.000639 0.999982
vn 0.005933 -0.000639 0.999982
vn -1.000000 0.000000 0.000000
vn -1.000000 0.000000 0.000000
vn -1.000000 0.000000 0.000000
vn -1.000000 0.000000 0.000000
vn -0.005931 0.000639 -0.999982
vn -0.005931 0.000639 -0.999982
vn -0.005931 0.000639 -0.999982
vn -0.005931 0.000639 -0.999982
vn 1.000000 0.000000 0.000000
vn 1.000000 0.000000 0.000000
vn 1.000000 0.000000 0.000000
vn 1.000000 0.000000 0.000000
vn 0.009137 0.999772 0.019317
vn 0.009137 0.999772 0.019317
vn 0.009137 0.999772 0.019317
vn 0.009137 0.999772 0.019317
vn -0.010426 -0.999759 -0.019330
vn -0.010426 -0.999759 -0.019330
vn -0.010426 -0.999759 -0.019330
vn -0.010426 -0.999759 -0.019330
vn 0.884850 -0.465790 -0.009002
vn 0.884850 -0.465790 -0.009002
vn 0.884850 -0.465790 -0.009002
vn 0.884850 -0.465790 -0.009002
vn -0.004840 0.000002 -0.999988
vn -0.004840 0.000002 -0.999988
vn -0.004840 0.000002 -0.999988
vn -0.004840 0.000002 -0.999988
vn -0.884836 -0.465816 -0.008999
vn -0.884836 -0.465816 -0.008999
vn -0.884836 -0.465816 -0.008999
vn -0.884836 -0.465816 -0.008999
vn 0.004842 0.000000 0.999988
vn 0.004842 0.000000 0.999988
vn 0.004842 0.000000 0.999988
vn 0.004842 0.000000 0.999988
vn -0.005222 0.000000 -0.999986
vn -0.005222 0.000000 -0.999986
vn -0.005222 0.000000 -0.999986
vn -0.005222 0.000000 -0.999986
vn 0.943855 0.330299 0.006387
vn 0.943855 0.330299 0.006387
vn 0.943855 0.330299 0.006387
vn 0.943855 0.330299 0.006387
vn 0.005225 0.000000 0.999986
vn 0.005225 0.000000 0.999986
vn 0.005225 0.000000 0.999986
vn 0.005225 0.000000 0.999986
vn -0.943855 0.330297 0.006386
vn -0.943855 0.330297 0.006386
vn -0.943855 0.330297 0.006386
vn -0.943855 0.330297 0.006386
vn 0.005933 -0.000639 0.999982
vn 0.005933 -0.000639 0.999982
vn 0.005933 -0.000639 0.999982
vn 0.005933 -0.000639 0.999982
vn -1.000000 0.000000 0.000000
vn -1.000000 0.000000 0.000000
vn -1.000000 0.000000 0.000000
vn -1.000000 0.000000 0.000000
vn -0.005931 0.000639 -0.999982
vn -0.005931 0.000639 -0.999982
vn -0.005931 0.000639 -0.999982
vn -0.005931 0.000639 -0.999982
vn 1.000000 0.000000 0.000000
vn 1.000000 0.000000 0.000000
vn 1.000000 0.000000 0.000000
vn 1.000000 0.000000 0.000000
vn 0.009137 0.999772 0.019317
vn 0.009137 0.999772 0.019317
vn 0.009137 0.999772 0.019317
vn 0.009137 0.999772 0.019317
vn -0.010426 -0.999759 -0.019330
vn -0.010426 -0.999759 -0.019330
vn -0.010426 -0.999759 -0.019330
vn -0.010426 -0.999759 -0.019330
vn 0.884848 -0.465793 -0.009002
vn 0.884848 -0.465793 -0.009002
vn 0.884848 -0.465793 -0.009002
vn 0.884848 -0.465793 -0.009002
vn -0.004840 0.000002 -0.999988
vn -0.004840 0.000002 -0.999988
vn -0.004840 0.000002 -0.999988
vn -0.004840 0.000002 -0.999988
vn -0.884836 -0.465816 -0.008999
vn -0.884836 -0.465816 -0.008999
vn -0.884836 -0.465816 -0.008999
vn -0.884836 -0.465816 -0.008999
vn 0.004842 0.000000 0.999988
vn 0.004842 0.000000 0.999988
vn 0.004842 0.000000 0.999988
vn 0.004842 0.000000 0.999988
vn -0.005222 0.000000 -0.999986
vn -0.005222 0.000000 -0.999986
vn -0.005222 0.000000 -0.999986
vn -0.005222 0.000000 -0.999986
vn 0.943855 0.330299 0.006387
vn 0.943855 0.330299 0.006387
vn 0.943855 0.330299 0.006387
vn 0.943855 0.330299 0.006387
vn 0.005225 0.000000 0.999986
vn 0.005225 0.000000 0.999986
vn 0.005225 0.000000 0.999986
vn 0.005225 0.000000 0.999986
vn -0.943855 0.330297 0.006386
vn -0.943855 0.330297 0.006386
vn -0.943855 0.330297 0.006386
vn -0.943855 0.330297 0.006386
vn 0.000000 -0.422453 0.906385
vn 0.000000 -0.422453 0.906385
vn 0.000000 -0.422453 0.906385
vn 0.000000 -0.422453 0.906385
vn 0.000000 1.000000 0.000000
vn 0.000000 1.000000 0.000000
vn 0.000000 1.000000 0.000000
vn 0.000000 1.000000 0.000000
vn 0.000000 0.000000 -1.000000
vn 0.000000 0.000000 -1.000000
vn 0.000000 0.000000 -1.000000
vn 0.000000 0.000000 -1.000000
vn 0.000000 -1.000000 0.000000
vn 0.000000 -1.000000 0.000000
vn 0.000000 -1.000000 0.000000
vn 0.000000 -1.000000 0.000000
vn 1.000000 0.000000 0.000000
vn 1.000000 0.000000 0.000000
vn 1.000000 0.000000 0.000000
vn 1.000000 0.000000 0.000000
vn -1.000000 0.000000 0.000000
vn -1.000000 0.000000 0.000000
vn -1.000000 0.000000 0.000000
vn -1.000000 0.000000 0.000000
vn -0.005919 0.003029 0.999978
vn -0.005919 0.003029 0.999978
vn -0.005919 0.003029 0.999978
vn -0.005919 0.003029 0.999978
vn 1.000000 0.000000 0.000000
vn 1.000000 0.000000 0.000000
vn 1.000000 0.000000 0.000000
vn 1.000000 0.000000 0.000000
vn 0.005948 -0.003036 -0.999978
vn 0.005948 -0.003036 -0.999978
vn 0.005948 -0.003036 -0.999978
vn 0.005948 -0.003036 -0.999978
vn -1.000000 0.000000 0.000000
vn -1.000000 0.000000 0.000000
vn -1.000000 0.000000 0.000000
vn -1.000000 0.000000 0.000000
vn -0.002509 -0.999985 0.004792
vn -0.002509 -0.999985 0.004792
vn -0.002509 -0.999985 0.004792
vn -0.002509 -0.999985 0.004792
vn 0.002579 0.999985 -0.004780
vn 0.002579 0.999985 -0.004780
vn 0.002579 0.999985 -0.004780
vn 0.002579 0.999985 -0.004780
vn -0.775553 0.631275 -0.003023
vn -0.775553 0.631275 -0.003023
vn -0.775553 0.631275 -0.003023
vn -0.775553 0.631275 -0.003023
vn 0.005156 0.000026 -0.999987
vn 0.005156 0.000026 -0.999987
vn 0.005156 0.000026 -0.999987
vn 0.005156 0.000026 -0.999987
vn 0.775523 0.631312 -0.003025
vn 0.775523 0.631312 -0.003025
vn 0.775523 0.631312 -0.003025
vn 0.775523 0.631312 -0.003025
vn -0.005147 0.000103 0.999987
vn -0.005147 0.000103 0.999987
vn -0.005147 0.000103 0.999987
vn -0.005147 0.000103 0.999987
vn 0.005223 0.000000 -0.999986
vn 0.005223 0.000000 -0.999986
vn 0.005223 0.000000 -0.999986
vn 0.005223 0.000000 -0.999986
vn -0.797715 -0.603028 0.002886
vn -0.797715 -0.603028 0.002886
vn -0.797715 -0.603028 0.002886
vn -0.797715 -0.603028 0.002886
vn -0.005225 0.000000 0.999986
vn -0.005225 0.000000 0.999986
vn -0.005225 0.000000 0.999986
vn -0.005225 0.000000 0.999986
vn 0.797715 -0.603027 0.002884
vn 0.797715 -0.603027 0.002884
vn 0.797715 -0.603027 0.002884
vn 0.797715 -0.603027 0.002884
vn -0.005921 0.002995 0.999978
vn -0.005921 0.002995 0.999978
vn -0.005921 0.002995 0.999978
vn -0.005921 0.002995 0.999978
vn 1.000000 0.000000 0.000000
vn 1.000000 0.000000 0.000000
vn 1.000000 0.000000 0.000000
vn 1.000000 0.000000 0.000000
vn 0.005947 -0.003003 -0.999978
vn 0.005947 -0.003003 -0.999978
vn 0.005947 -0.003003 -0.999978
vn 0.005947 -0.003003 -0.999978
vn -1.000000 0.000000 0.000000
vn -1.000000 0.000000 0.000000
vn -1.000000 0.000000 0.000000
vn -1.000000 0.000000 0.000000
vn -0.002536 -0.999985 0.004848
vn -0.002536 -0.999985 0.004848
vn -0.002536 -0.999985 0.004848
vn -0.002536 -0.999985 0.004848
vn 0.002607 0.999985 -0.004834
vn 0.002607 0.999985 -0.004834
vn 0.002607 0.999985 -0.004834
vn 0.002607 0.999985 -0.004834
vn -0.778985 0.627035 -0.003036
vn -0.778985 0.627035 -0.003036
vn -0.778985 0.627035 -0.003036
vn -0.778985 0.627035 -0.003036
vn 0.005155 0.000026 -0.999987
vn 0.005155 0.000026 -0.999987
vn 0.005155 0.000026 -0.999987
vn 0.005155 0.000026 -0.999987
vn 0.778956 0.627071 -0.003038
vn 0.778956 0.627071 -0.003038
vn 0.778956 0.627071 -0.003038
vn 0.778956 0.627071 -0.003038
vn -0.005147 0.000102 0.999987
vn -0.005147 0.000102 0.999987
vn -0.005147 0.000102 0.999987
vn -0.005147 0.000102 0.999987
vn 0.005223 0.000000 -0.999986
vn 0.005223 0.000000 -0.999986
vn 0.005223 0.000000 -0.999986
vn 0.005223 0.000000 -0.999986
vn -0.800937 -0.598742 0.002894
vn -0.800937 -0.598742 0.002894
vn -0.800937 -0.598742 0.002894
vn -0.800937 -0.598742 0.002894
vn -0.005225 0.000000 0.999986
vn -0.005225 0.000000 0.999986
vn -0.005225 0.000000 0.999986
vn -0.005225 0.000000 0.999986
vn 0.800936 -0.598743 0.002892
vn 0.800936 -0.598743 0.002892
vn 0.800936 -0.598743 0.002892
vn 0.800936 -0.598743 0.002892
vn 0.005933 -0.000639 0.999982
vn 0.005933 -0.000639 0.999982
vn 0.005933 -0.000639 0.999982
vn 0.005933 -0.000639 0.999982
vn -1.000000 -0.000000 0.000000
vn -1.000000 -0.000000 0.000000
vn -1.000000 -0.000000 0.000000
vn -1.000000 -0.000000 0.000000
vn -0.005931 0.000639 -0.999982
vn -0.005931 0.000639 -0.999982
vn -0.005931 0.000639 -0.999982
vn -0.005931 0.000639 -0.999982
vn 1.000000 0.000000 0.000000
vn 1.000000 0.000000 0.000000
vn 1.000000 0.000000 0.000000
vn 1.000000 0.000000 0.000000
vn 0.009137 0.999772 0.019317
vn 0.009137 0.999772 0.019317
vn 0.009137 0.999772 0.019317
vn 0.009137 0.999772 0.019317
vn -0.010426 -0.999759 -0.019330
vn -0.010426 -0.999759 -0.019330
vn -0.010426 -0.999759 -0.019330
vn -0.010426 -0.999759 -0.019330
vn 0.884850 -0.465790 -0.009002
vn 0.884850 -0.465790 -0.009002
vn 0.884850 -0.465790 -0.009002
vn 0.884850 -0.465790 -0.009002
vn -0.004840 0.000002 -0.999988
vn -0.004840 0.000002 -0.999988
vn -0.004840 0.000002 -0.999988
vn -0.004840 0.000002 -0.999988
vn -0.884836 -0.465816 -0.008999
vn -0.884836 -0.465816 -0.008999
vn -0.884836 -0.465816 -0.008999
vn -0.884836 -0.465816 -0.008999
vn 0.004842 0.000000 0.999988
vn 0.004842 0.000000 0.999988
vn 0.004842 0.000000 0.999988
vn 0.004842 0.000000 0.999988
vn -0.005222 0.000000 -0.999986
vn -0.005222 0.000000 -0.999986
vn -0.005222 0.000000 -0.999986
vn -0.005222 0.000000 -0.999986
vn 0.943856 0.330297 0.006387
vn 0.943856 0.330297 0.006387
vn 0.943856 0.330297 0.006387
vn 0.943856 0.330297 0.006387
vn 0.005225 0.000000 0.999986
vn 0.005225 0.000000 0.999986
vn 0.005225 0.000000 0.999986
vn 0.005225 0.000000 0.999986
vn -0.943855 0.330300 0.006386
vn -0.943855 0.330300 0.006386
vn -0.943855 0.330300 0.006386
vn -0.943855 0.330300 0.006386
vn 0.005933 -0.000639 0.999982
vn 0.005933 -0.000639 0.999982
vn 0.005933 -0.000639 0.999982
vn 0.005933 -0.000639 0.999982
vn -1.000000 0.000000 0.000000
vn -1.000000 0.000000 0.000000
vn -1.000000 0.000000 0.000000
vn -1.000000 0.000000 0.000000
vn -0.005931 0.000639 -0.999982
vn -0.005931 0.000639 -0.999982
vn -0.005931 0.000639 -0.999982
vn -0.005931 0.000639 -0.999982
vn 1.000000 0.000000 0.000000
vn 1.000000 0.000000 0.000000
vn 1.000000 0.000000 0.000000
vn 1.000000 0.000000 0.000000
vn 0.009137 0.999772 0.019317
vn 0.009137 0.999772 0.019317
vn 0.009137 0.999772 0.019317
vn 0.009137 0.999772 0.019317
vn -0.010426 -0.999759 -0.019330
vn -0.010426 -0.999759 -0.019330
vn -0.010426 -0.999759 -0.019330
vn -0.010426 -0.999759 -0.019330
vn 0.884850 -0.465790 -0.009002
vn 0.884850 -0.465790 -0.009002
vn 0.884850 -0.465790 -0.009002
vn 0.884850 -0.465790 -0.009002
vn -0.004840 0.000002 -0.999988
vn -0.004840 0.000002 -0.999988
vn -0.004840 0.000002 -0.999988
vn -0.004840 0.000002 -0.999988
vn -0.884835 -0.465818 -0.008999
vn -0.884835 -0.465818 -0.008999
vn -0.884835 -0.465818 -0.008999
vn -0.884835 -0.465818 -0.008999
vn 0.004842 0.000000 0.999988
vn 0.004842 0.000000 0.999988
vn 0.004842 0.000000 0.999988
vn 0.004842 0.000000 0.999988
vn -0.005222 0.000000 -0.999986
vn -0.005222 0.000000 -0.999986
vn -0.005222 0.000000 -0.999986
vn -0.005222 0.000000 -0.999986
vn 0.943855 0.330299 0.006387
vn 0.943855 0.330299 0.006387
vn 0.943855 0.330299 0.006387
vn 0.943855 0.330299 0.006387
vn 0.005225 0.000000 0.999986
vn 0.005225 0.000000 0.999986
vn 0.005225 0.000000 0.999986
vn 0.005225 0.000000 0.999986
vn -0.943855 0.330297 0.006386
vn -0.943855 0.330297 0.006386
vn -0.943855 0.330297 0.006386
vn -0.943855 0.330297 0.006386
vn 0.999982 -0.000640 -0.005925
vn 0.999982 -0.000640 -0.005925
vn 0.999982 -0.000640 -0.005925
vn 0.999982 -0.000640 -0.005925
vn -0.000000 0.000000 1.000000
vn -0.000000 0.000000 1.000000
vn -0.000000 0.000000 1.000000
vn -0.000000 0.000000 1.000000
vn -0.999982 0.000640 0.005925
vn -0.999982 0.000640 0.005925
vn -0.999982 0.000640 0.005925
vn -0.999982 0.000640 0.005925
vn -0.000000 0.000000 -1.000000
vn -0.000000 0.000000 -1.000000
vn -0.000000 0.000000 -1.000000
vn -0.000000 0.000000 -1.000000
vn 0.019317 0.999772 -0.009137
vn 0.019317 0.999772 -0.009137
vn 0.019317 0.999772 -0.009137
vn 0.019317 0.999772 -0.009137
vn -0.019330 -0.999759 0.010426
vn -0.019330 -0.999759 0.010426
vn -0.019330 -0.999759 0.010426
vn -0.019330 -0.999759 0.010426
vn -0.009002 -0.465800 -0.884844
vn -0.009002 -0.465800 -0.884844
vn -0.009002 -0.465800 -0.884844
vn -0.009002 -0.465800 -0.884844
vn -0.999988 0.000000 0.004836
vn -0.999988 0.000000 0.004836
vn -0.999988 0.000000 0.004836
vn -0.999988 0.000000 0.004836
vn -0.008998 -0.465800 0.884844
vn -0.008998 -0.465800 0.884844
vn -0.008998 -0.465800 0.884844
vn -0.008998 -0.465800 0.884844
vn 0.999988 -0.000010 -0.004836
vn 0.999988 -0.000010 -0.004836
vn 0.999988 -0.000010 -0.004836
vn 0.999988 -0.000010 -0.004836
vn -0.999986 0.000005 0.005218
vn -0.999986 0.000005 0.005218
vn -0.999986 0.000005 0.005218
vn -0.999986 0.000005 0.005218
vn 0.006387 0.330297 -0.943856
vn 0.006387 0.330297 -0.943856
vn 0.006387 0.330297 -0.943856
vn 0.006387 0.330297 -0.943856
vn 0.999986 0.000001 -0.005218
vn 0.999986 0.000001 -0.005218
vn 0.999986 0.000001 -0.005218
vn 0.999986 0.000001 -0.005218
vn 0.006385 0.330297 0.943856
vn 0.006385 0.330297 0.943856
vn 0.006385 0.330297 0.943856
vn 0.006385 0.330297 0.943856
vn 0.002257 0.005927 0.999980
vn 0.002257 0.005927 0.999980
vn 0.002257 0.005927 0.999980
vn 0.002257 0.005927 0.999980
vn 0.000000 -1.000000 0.000000
vn 0.000000 -1.000000 0.000000
vn 0.000000 -1.000000 0.000000
vn 0.000000 -1.000000 0.000000
vn -0.002260 -0.005946 -0.999980
vn -0.002260 -0.005946 -0.999980
vn -0.002260 -0.005946 -0.999980
vn -0.002260 -0.005946 -0.999980
vn 0.000000 1.000000 0.000000
vn 0.000000 1.000000 0.000000
vn 0.000000 1.000000 0.000000
vn 0.000000 1.000000 0.000000
vn -0.999974 0.003370 0.006431
vn -0.999974 0.003370 0.006431
vn -0.999974 0.003370 0.006431
vn -0.999974 0.003370 0.006431
vn 0.999973 -0.003466 -0.006415
vn 0.999973 -0.003466 -0.006415
vn 0.999973 -0.003466 -0.006415
vn 0.999973 -0.003466 -0.006415
vn 0.518389 0.855138 -0.003334
vn 0.518389 0.855138 -0.003334
vn 0.518389 0.855138 -0.003334
vn 0.518389 0.855138 -0.003334
vn -0.000017 -0.005156 -0.999987
vn -0.000017 -0.005156 -0.999987
vn -0.000017 -0.005156 -0.999987
vn -0.000017 -0.005156 -0.999987
vn 0.518390 -0.855138 -0.003334
vn 0.518391 -0.855138 -0.003334
vn 0.518390 -0.855138 -0.003334
vn 0.518390 -0.855138 -0.003334
vn 0.000038 0.005150 0.999987
vn 0.000038 0.005150 0.999987
vn 0.000038 0.005150 0.999987
vn 0.000038 0.005150 0.999987
vn -0.000003 -0.005223 -0.999986
vn -0.000003 -0.005223 -0.999986
vn -0.000003 -0.005223 -0.999986
vn -0.000003 -0.005223 -0.999986
vn -0.490578 0.871392 0.003156
vn -0.490578 0.871392 0.003156
vn -0.490578 0.871391 0.003156
vn -0.490578 0.871392 0.003156
vn 0.000001 0.005224 0.999986
vn 0.000001 0.005224 0.999986
vn 0.000001 0.005224 0.999986
vn 0.000001 0.005224 0.999986
vn -0.490591 -0.871384 0.003147
vn -0.490591 -0.871384 0.003147
vn -0.490591 -0.871384 0.003147
vn -0.490591 -0.871384 0.003147
vn 0.005934 -0.001926 0.999981
vn 0.005934 -0.001926 0.999981
vn 0.005934 -0.001926 0.999981
vn 0.005934 -0.001926 0.999981
vn -1.000000 0.000000 0.000000
vn -1.000000 0.000000 0.000000
vn -1.000000 0.000000 0.000000
vn -1.000000 0.000000 0.000000
vn -0.005933 0.001925 -0.999981
vn -0.005933 0.001925 -0.999981
vn -0.005933 0.001925 -0.999981
vn -0.005933 0.001925 -0.999981
vn 1.000000 -0.000000 0.000000
vn 1.000000 -0.000000 0.000000
vn 1.000000 -0.000000 0.000000
vn 1.000000 -0.000000 0.000000
vn 0.003033 0.999975 0.006414
vn 0.003033 0.999975 0.006414
vn 0.003033 0.999975 0.006414
vn 0.003033 0.999975 0.006414
vn -0.003463 -0.999973 -0.006421
vn -0.003463 -0.999973 -0.006421
vn -0.003463 -0.999973 -0.006421
vn -0.003463 -0.999973 -0.006421
vn 0.533548 -0.845752 -0.005423
vn 0.533548 -0.845752 -0.005423
vn 0.533548 -0.845752 -0.005423
vn 0.533548 -0.845752 -0.005423
vn -0.004843 -0.000028 -0.999988
vn -0.004843 -0.000028 -0.999988
vn -0.004843 -0.000028 -0.999988
vn -0.004843 -0.000028 -0.999988
vn -0.533518 -0.845771 -0.005423
vn -0.533518 -0.845772 -0.005423
vn -0.533518 -0.845771 -0.005423
vn -0.533518 -0.845771 -0.005423
vn 0.004842 -0.000007 0.999988
vn 0.004842 -0.000007 0.999988
vn 0.004842 -0.000007 0.999988
vn 0.004842 -0.000007 0.999988
vn -0.005224 0.000000 -0.999986
vn -0.005224 0.000000 -0.999986
vn -0.005224 0.000000 -0.999986
vn -0.005224 0.000000 -0.999986
vn 0.688347 0.725366 0.004658
vn 0.688347 0.725366 0.004658
vn 0.688347 0.725366 0.004658
vn 0.688347 0.725366 0.004658
vn 0.005223 0.000000 0.999986
vn 0.005223 0.000000 0.999986
vn 0.005223 0.000000 0.999986
vn 0.005223 0.000000 0.999986
vn -0.688348 0.725366 0.004658
vn -0.688348 0.725366 0.004658
vn -0.688348 0.725366 0.004658
vn -0.688348 0.725366 0.004658
vn 0.005933 -0.000639 0.999982
vn 0.005933 -0.000639 0.999982
vn 0.005933 -0.000639 0.999982
vn 0.005933 -0.000639 0.999982
vn -1.000000 0.000000 0.000000
vn -1.000000 0.000000 0.000000
vn -1.000000 0.000000 0.000000
vn -1.000000 0.000000 0.000000
vn -0.005931 0.000639 -0.999982
vn -0.005931 0.000639 -0.999982
vn -0.005931 0.000639 -0.999982
vn -0.005931 0.000639 -0.999982
vn 1.000000 0.000000 0.000000
vn 1.000000 0.000000 0.000000
vn 1.000000 0.000000 0.000000
vn 1.000000 0.000000 0.000000
vn 0.009137 0.999772 0.019317
vn 0.009137 0.999772 0.019317
vn 0.009137 0.999772 0.019317
vn 0.009137 0.999772 0.019317
vn -0.010426 -0.999759 -0.019330
vn -0.010426 -0.999759 -0.019330
vn -0.010426 -0.999759 -0.019330
vn -0.010426 -0.999759 -0.019330
vn 0.884851 -0.465787 -0.009002
vn 0.884851 -0.465787 -0.009002
vn 0.884851 -0.465787 -0.009002
vn 0.884851 -0.465787 -0.009002
vn -0.004840 0.000002 -0.999988
vn -0.004840 0.000002 -0.999988
vn -0.004840 0.000002 -0.999988
vn -0.004840 0.000002 -0.999988
vn -0.884836 -0.465815 -0.008999
vn -0.884836 -0.465815 -0.008999
vn -0.884836 -0.465815 -0.008999
vn -0.884836 -0.465815 -0.008999
vn 0.004842 0.000000 0.999988
vn 0.004842 0.000000 0.999988
vn 0.004842 0.000000 0.999988
vn 0.004842 0.000000 0.999988
vn -0.005222 0.000000 -0.999986
vn -0.005222 0.000000 -0.999986
vn -0.005222 0.000000 -0.999986
vn -0.005222 0.000000 -0.999986
vn 0.943856 0.330295 0.006387
vn 0.943856 0.330295 0.006387
vn 0.943856 0.330295 0.006387
vn 0.943856 0.330295 0.006387
vn 0.005225 0.000000 0.999986
vn 0.005225 0.000000 0.999986
vn 0.005225 0.000000 0.999986
vn 0.005225 0.000000 0.999986
vn -0.943857 0.330293 0.006386
vn -0.943857 0.330293 0.006386
vn -0.943857 0.330293 0.006386
vn -0.943857 0.330293 0.006386
vn 0.005933 -0.000639 0.999982
vn 0.005933 -0.000639 0.999982
vn 0.005933 -0.000639 0.999982
vn 0.005933 -0.000639 0.999982
vn -1.000000 0.000000 0.000000
vn -1.000000 0.000000 0.000000
vn -1.000000 0.000000 0.000000
vn -1.000000 0.000000 0.000000
vn -0.005931 0.000639 -0.999982
vn -0.005931 0.000639 -0.999982
vn -0.005931 0.000639 -0.999982
vn -0.005931 0.000639 -0.999982
vn 1.000000 0.000000 0.000000
vn 1.000000 0.000000 0.000000
vn 1.000000 0.000000 0.000000
vn 1.000000 0.000000 0.000000
vn 0.009137 0.999772 0.019317
vn 0.009137 0.999772 0.019317
vn 0.009137 0.999772 0.019317
vn 0.009137 0.999772 0.019317
vn -0.010426 -0.999759 -0.019330
vn -0.010426 -0.999759 -0.019330
vn -0.010426 -0.999759 -0.019330
vn -0.010426 -0.999759 -0.019330
vn 0.884851 -0.465787 -0.009002
vn 0.884851 -0.465787 -0.009002
vn 0.884851 -0.465787 -0.009002
vn 0.884851 -0.465787 -0.009002
vn -0.004840 0.000002 -0.999988
vn -0.004840 0.000002 -0.999988
vn -0.004840 0.000002 -0.999988
vn -0.004840 0.000002 -0.999988
vn -0.884835 -0.465818 -0.008999
vn -0.884835 -0.465818 -0.008999
vn -0.884835 -0.465818 -0.008999
vn -0.884835 -0.465818 -0.008999
vn 0.004842 0.000000 0.999988
vn 0.004842 0.000000 0.999988
vn 0.004842 0.000000 0.999988
vn 0.004842 0.000000 0.999988
vn -0.005222 0.000000 -0.999986
vn -0.005222 0.000000 -0.999986
vn -0.005222 0.000000 -0.999986
vn -0.005222 0.000000 -0.999986
vn 0.943856 0.330295 0.006387
vn 0.943856 0.330295 0.006387
vn 0.943856 0.330295 0.006387
vn 0.943856 0.330295 0.006387
vn 0.005225 0.000000 0.999986
vn 0.005225 0.000000 0.999986
vn 0.005225 0.000000 0.999986
vn 0.005225 0.000000 0.999986
vn -0.943854 0.330302 0.006386
vn -0.943854 0.330302 0.006386
vn -0.943854 0.330302 0.006386
vn -0.943854 0.330302 0.006386
vn 0.002257 0.005927 0.999980
vn 0.002257 0.005927 0.999980
vn 0.002257 0.005927 0.999980
vn 0.002257 0.005927 0.999980
vn 0.000000 -1.000000 -0.000000
vn 0.000000 -1.000000 -0.000000
vn 0.000000 -1.000000 -0.000000
vn 0.000000 -1.000000 -0.000000
vn -0.002260 -0.005946 -0.999980
vn -0.002260 -0.005946 -0.999980
vn -0.002260 -0.005946 -0.999980
vn -0.002260 -0.005946 -0.999980
vn 0.000000 1.000000 0.000000
vn 0.000000 1.000000 0.000000
vn 0.000000 1.000000 0.000000
vn 0.000000 1.000000 0.000000
vn -0.999974 0.003370 0.006431
vn -0.999974 0.003370 0.006431
vn -0.999974 0.003370 0.006431
vn -0.999974 0.003370 0.006431
vn 0.999973 -0.003466 -0.006415
vn 0.999973 -0.003466 -0.006415
vn 0.999973 -0.003466 -0.006415
vn 0.999973 -0.003466 -0.006415
vn 0.518389 0.855138 -0.003334
vn 0.518389 0.855138 -0.003334
vn 0.518389 0.855138 -0.003334
vn 0.518389 0.855138 -0.003334
vn -0.000010 -0.005156 -0.999987
vn -0.000010 -0.005156 -0.999987
vn -0.000010 -0.005156 -0.999987
vn -0.000010 -0.005156 -0.999987
vn 0.518388 -0.855139 -0.003333
vn 0.518388 -0.855139 -0.003333
vn 0.518388 -0.855139 -0.003333
vn 0.518388 -0.855139 -0.003333
vn 0.000037 0.005150 0.999987
vn 0.000037 0.005150 0.999987
vn 0.000037 0.005150 0.999987
vn 0.000037 0.005150 0.999987
vn -0.000003 -0.005223 -0.999986
vn -0.000003 -0.005223 -0.999986
vn -0.000003 -0.005223 -0.999986
vn -0.000003 -0.005223 -0.999986
vn -0.490580 0.871391 0.003156
vn -0.490580 0.871391 0.003156
vn -0.490580 0.871391 0.003156
vn -0.490580 0.871391 0.003156
vn -0.000001 0.005224 0.999986
vn -0.000001 0.005224 0.999986
vn -0.000001 0.005224 0.999986
vn -0.000001 0.005224 0.999986
vn -0.490591 -0.871384 0.003147
vn -0.490591 -0.871384 0.003147
vn -0.490591 -0.871384 0.003147
vn -0.490591 -0.871384 0.003147
vn 0.999982 -0.000640 -0.005925
vn 0.999982 -0.000640 -0.005925
vn 0.999982 -0.000640 -0.005925
vn 0.999982 -0.000640 -0.005925
vn 0.000000 0.000000 1.000000
vn 0.000000 0.000000 1.000000
vn 0.000000 0.000000 1.000000
vn 0.000000 0.000000 1.000000
vn -0.999982 0.000640 0.005925
vn -0.999982 0.000640 0.005925
vn -0.999982 0.000640 0.005925
vn -0.999982 0.000640 0.005925
vn -0.000002 0.000000 -1.000000
vn -0.000002 0.000000 -1.000000
vn -0.000002 0.000000 -1.000000
vn -0.000002 0.000000 -1.000000
vn 0.019317 0.999772 -0.009137
vn 0.019317 0.999772 -0.009137
vn 0.019317 0.999772 -0.009137
vn 0.019317 0.999772 -0.009137
vn -0.019330 -0.999759 0.010426
vn -0.019330 -0.999759 0.010426
vn -0.019330 -0.999759 0.010426
vn -0.019330 -0.999759 0.010426
vn -0.009002 -0.465800 -0.884844
vn -0.009002 -0.465800 -0.884844
vn -0.009002 -0.465800 -0.884844
vn -0.009002 -0.465800 -0.884844
vn -0.999988 0.000000 0.004836
vn -0.999988 0.000000 0.004836
vn -0.999988 0.000000 0.004836
vn -0.999988 0.000000 0.004836
vn -0.008997 -0.465800 0.884844
vn -0.008997 -0.465800 0.884844
vn -0.008997 -0.465800 0.884844
vn -0.008997 -0.465800 0.884844
vn 0.999988 -0.000010 -0.004836
vn 0.999988 -0.000010 -0.004836
vn 0.999988 -0.000010 -0.004836
vn 0.999988 -0.000010 -0.004836
vn -0.999986 0.000006 0.005218
vn -0.999986 0.000006 0.005218
vn -0.999986 0.000006 0.005218
vn -0.999986 0.000006 0.005218
vn 0.006386 0.330297 -0.943856
vn 0.006386 0.330297 -0.943856
vn 0.006386 0.330297 -0.943856
vn 0.006386 0.330297 -0.943856
vn 0.999986 0.000003 -0.005218
vn 0.999986 0.000003 -0.005218
vn 0.999986 0.000003 -0.005218
vn 0.999986 0.000003 -0.005218
vn 0.006385 0.330297 0.943856
vn 0.006385 0.330297 0.943856
vn 0.006385 0.330297 0.943856
vn 0.006385 0.330297 0.943856
vn 0.999982 -0.000640 -0.005925
vn 0.999982 -0.000640 -0.005925
vn 0.999982 -0.000640 -0.005925
vn 0.999982 -0.000640 -0.005925
vn 0.000000 0.000000 1.000000
vn 0.000000 0.000000 1.000000
vn 0.000000 0.000000 1.000000
vn 0.000000 0.000000 1.000000
vn -0.999982 0.000640 0.005925
vn -0.999982 0.000640 0.005925
vn -0.999982 0.000640 0.005925
vn -0.999982 0.000640 0.005925
vn 0.000000 0.000000 -1.000000
vn 0.000000 0.000000 -1.000000
vn 0.000000 0.000000 -1.000000
vn 0.000000 0.000000 -1.000000
vn 0.019317 0.999772 -0.009137
vn 0.019317 0.999772 -0.009137
vn 0.019317 0.999772 -0.009137
vn 0.019317 0.999772 -0.009137
vn -0.019330 -0.999759 0.010426
vn -0.019330 -0.999759 0.010426
vn -0.019330 -0.999759 0.010426
vn -0.019330 -0.999759 0.010426
vn -0.009002 -0.465803 -0.884843
vn -0.009002 -0.465803 -0.884843
vn -0.009002 -0.465803 -0.884843
vn -0.009002 -0.465803 -0.884843
vn -0.999988 0.000000 0.004836
vn -0.999988 0.000000 0.004836
vn -0.999988 0.000000 0.004836
vn -0.999988 0.000000 0.004836
vn -0.008997 -0.465800 0.884844
vn -0.008997 -0.465800 0.884844
vn -0.008997 -0.465800 0.884844
vn -0.008997 -0.465800 0.884844
vn 0.999988 -0.000010 -0.004836
vn 0.999988 -0.000010 -0.004836
vn 0.999988 -0.000010 -0.004836
vn 0.999988 -0.000010 -0.004836
vn -0.999986 0.000006 0.005218
vn -0.999986 0.000006 0.005218
vn -0.999986 0.000006 0.005218
vn -0.999986 0.000006 0.005218
vn 0.006387 0.330299 -0.943855
vn 0.006387 0.330299 -0.943855
vn 0.006387 0.330299 -0.943855
vn 0.006387 0.330299 -0.943855
vn 0.999986 0.000000 -0.005218
vn 0.999986 0.000000 -0.005218
vn 0.999986 0.000000 -0.005218
vn 0.999986 0.000000 -0.005218
vn 0.006386 0.330297 0.943856
vn 0.006386 0.330297 0.943856
vn 0.006386 0.330297 0.943856
vn 0.006386 0.330297 0.943856
vn 0.999982 -0.000640 -0.005925
vn 0.999982 -0.000640 -0.005925
vn 0.999982 -0.000640 -0.005925
vn 0.999982 -0.000640 -0.005925
vn 0.000002 0.000000 1.000000
vn 0.000002 0.000000 1.000000
vn 0.000002 0.000000 1.000000
vn 0.000002 0.000000 1.000000
vn -0.999982 0.000640 0.005925
vn -0.999982 0.000640 0.005925
vn -0.999982 0.000640 0.005925
vn -0.999982 0.000640 0.005925
vn 0.000002 0.000000 -1.000000
vn 0.000002 0.000000 -1.000000
vn 0.000002 0.000000 -1.000000
vn 0.000002 0.000000 -1.000000
vn 0.019317 0.999772 -0.009137
vn 0.019317 0.999772 -0.009137
vn 0.019317 0.999772 -0.009137
vn 0.019317 0.999772 -0.009137
vn -0.019330 -0.999759 0.010426
vn -0.019330 -0.999759 0.010426
vn -0.019330 -0.999759 0.010426
vn -0.019330 -0.999759 0.010426
vn -0.009002 -0.465800 -0.884844
vn -0.009002 -0.465800 -0.884844
vn -0.009002 -0.465800 -0.884844
vn -0.009002 -0.465800 -0.884844
vn -0.999988 0.000000 0.004836
vn -0.999988 0.000000 0.004836
vn -0.999988 0.000000 0.004836
vn -0.999988 0.000000 0.004836
vn -0.008999 -0.465800 0.884844
vn -0.008999 -0.465800 0.884844
vn -0.008999 -0.465800 0.884844
vn -0.008999 -0.465800 0.884844
vn 0.999988 -0.000010 -0.004836
vn 0.999988 -0.000010 -0.004836
vn 0.999988 -0.000010 -0.004836
vn 0.999988 -0.000010 -0.004836
vn -0.999986 0.000006 0.005218
vn -0.999986 0.000006 0.005218
vn -0.999986 0.000006 0.005218
vn -0.999986 0.000006 0.005218
vn 0.006386 0.330297 -0.943856
vn 0.006386 0.330297 -0.943856
vn 0.006386 0.330297 -0.943856
vn 0.006386 0.330297 -0.943856
vn 0.999986 0.000003 -0.005218
vn 0.999986 0.000003 -0.005218
vn 0.999986 0.000003 -0.005218
vn 0.999986 0.000003 -0.005218
vn 0.006386 0.330297 0.943856
vn 0.006386 0.330297 0.943856
vn 0.006386 0.330297 0.943856
vn 0.006386 0.330297 0.943856
vn 0.005933 -0.000639 0.999982
vn 0.005933 -0.000639 0.999982
vn 0.005933 -0.000639 0.999982
vn 0.005933 -0.000639 0.999982
vn -1.000000 0.000000 0.000000
vn -1.000000 0.000000 0.000000
vn -1.000000 0.000000 0.000000
vn -1.000000 0.000000 0.000000
vn -0.005931 0.000639 -0.999982
vn -0.005931 0.000639 -0.999982
vn -0.005931 0.000639 -0.999982
vn -0.005931 0.000639 -0.999982
vn 1.000000 0.000000 0.000000
vn 1.000000 0.000000 0.000000
vn 1.000000 0.000000 0.000000
vn 1.000000 0.000000 0.000000
vn 0.009137 0.999772 0.019317
vn 0.009137 0.999772 0.019317
vn 0.009137 0.999772 0.019317
vn 0.009137 0.999772 0.019317
vn -0.010426 -0.999759 -0.019330
vn -0.010426 -0.999759 -0.019330
vn -0.010426 -0.999759 -0.019330
vn -0.010426 -0.999759 -0.019330
vn 0.884850 -0.465790 -0.009002
vn 0.884850 -0.465790 -0.009002
vn 0.884850 -0.465790 -0.009002
vn 0.884850 -0.465790 -0.009002
vn -0.004840 0.000002 -0.999988
vn -0.004840 0.000002 -0.999988
vn -0.004840 0.000002 -0.999988
vn -0.004840 0.000002 -0.999988
vn -0.884835 -0.465817 -0.008999
vn -0.884835 -0.465817 -0.008999
vn -0.884835 -0.465817 -0.008999
vn -0.884835 -0.465817 -0.008999
vn 0.004842 0.000000 0.999988
vn 0.004842 0.000000 0.999988
vn 0.004842 0.000000 0.999988
vn 0.004842 0.000000 0.999988
vn -0.005222 0.000000 -0.999986
vn -0.005222 0.000000 -0.999986
vn -0.005222 0.000000 -0.999986
vn -0.005222 0.000000 -0.999986
vn 0.943855 0.330299 0.006387
vn 0.943855 0.330299 0.006387
vn 0.943855 0.330299 0.006387
vn 0.943855 0.330299 0.006387
vn 0.005225 0.000000 0.999986
vn 0.005225 0.000000 0.999986
vn 0.005225 0.000000 0.999986
vn 0.005225 0.000000 0.999986
vn -0.943855 0.330297 0.006386
vn -0.943855 0.330297 0.006386
vn -0.943855 0.330297 0.006386
vn -0.943855 0.330297 0.006386
vn 0.005933 -0.000639 0.999982
vn 0.005933 -0.000639 0.999982
vn 0.005933 -0.000639 0.999982
vn 0.005933 -0.000639 0.999982
vn -1.000000 -0.000000 0.000000
vn -1.000000 -0.000000 0.000000
vn -1.000000 -0.000000 0.000000
vn -1.000000 -0.000000 0.000000
vn -0.005931 0.000639 -0.999982
vn -0.005931 0.000639 -0.999982
vn -0.005931 0.000639 -0.999982
vn -0.005931 0.000639 -0.999982
vn 1.000000 0.000000 0.000000
vn 1.000000 0.000000 0.000000
vn 1.000000 0.000000 0.000000
vn 1.000000 0.000000 0.000000
vn 0.009137 0.999772 0.019317
vn 0.009137 0.999772 0.019317
vn 0.009137 0.999772 0.019317
vn 0.009137 0.999772 0.019317
vn -0.010426 -0.999759 -0.019330
vn -0.010426 -0.999759 -0.019330
vn -0.010426 -0.999759 -0.019330
vn -0.010426 -0.999759 -0.019330
vn 0.884850 -0.465790 -0.009002
vn 0.884850 -0.465790 -0.009002
vn 0.884850 -0.465790 -0.009002
vn 0.884850 -0.465790 -0.009002
vn -0.004840 0.000002 -0.999988
vn -0.004840 0.000002 -0.999988
vn -0.004840 0.000002 -0.999988
vn -0.004840 0.000002 -0.999988
vn -0.884835 -0.465817 -0.008999
vn -0.884835 -0.465817 -0.008999
vn -0.884835 -0.465817 -0.008999
vn -0.884835 -0.465817 -0.008999
vn 0.004842 0.000000 0.999988
vn 0.004842 0.000000 0.999988
vn 0.004842 0.000000 0.999988
vn 0.004842 0.000000 0.999988
vn -0.005222 0.000000 -0.999986
vn -0.005222 0.000000 -0.999986
vn -0.005222 0.000000 -0.999986
vn -0.005222 0.000000 -0.999986
vn 0.943855 0.330299 0.006387
vn 0.943855 0.330299 0.006387
vn 0.943855 0.330299 0.006387
vn 0.943855 0.330299 0.006387
vn 0.005225 0.000000 0.999986
vn 0.005225 0.000000 0.999986
vn 0.005225 0.000000 0.999986
vn 0.005225 0.000000 0.999986
vn -0.943855 0.330297 0.006386
vn -0.943855 0.330297 0.006386
vn -0.943855 0.330297 0.006386
vn -0.943855 0.330297 0.006386
vn 0.702893 -0.000864 -0.711296
vn 0.702893 -0.000864 -0.711295
vn 0.702893 -0.000864 -0.711296
vn 0.702893 -0.000864 -0.711295
vn 0.707106 -0.000000 0.707107
vn 0.707106 -0.000000 0.707108
vn 0.707106 -0.000000 0.707107
vn 0.707106 -0.000000 0.707107
vn -0.702900 0.000864 0.711288
vn -0.702900 0.000864 0.711288
vn -0.702900 0.000864 0.711288
vn -0.702900 0.000864 0.711288
vn -0.707113 -0.000000 -0.707101
vn -0.707113 -0.000000 -0.707101
vn -0.707113 -0.000000 -0.707101
vn -0.707113 -0.000000 -0.707101
vn 0.003158 0.999849 -0.017060
vn 0.003158 0.999849 -0.017060
vn 0.003158 0.999849 -0.017060
vn 0.003158 0.999850 -0.017060
vn -0.003161 -0.999849 0.017068
vn -0.003161 -0.999849 0.017068
vn -0.003161 -0.999849 0.017068
vn -0.003161 -0.999849 0.017068
vn 0.005933 -0.000639 0.999982
vn 0.005933 -0.000639 0.999982
vn 0.005933 -0.000639 0.999982
vn 0.005933 -0.000639 0.999982
vn -1.000000 0.000000 0.000000
vn -1.000000 0.000000 0.000000
vn -1.000000 0.000000 0.000000
vn -1.000000 0.000000 0.000000
vn -0.005931 0.000639 -0.999982
vn -0.005931 0.000639 -0.999982
vn -0.005931 0.000639 -0.999982
vn -0.005931 0.000639 -0.999982
vn 1.000000 0.000000 0.000000
vn 1.000000 0.000000 0.000000
vn 1.000000 0.000000 0.000000
vn 1.000000 0.000000 0.000000
vn 0.009137 0.999772 0.019317
vn 0.009137 0.999772 0.019317
vn 0.009137 0.999772 0.019317
vn 0.009137 0.999772 0.019317
vn -0.010426 -0.999759 -0.019330
vn -0.010426 -0.999759 -0.019330
vn -0.010426 -0.999759 -0.019330
vn -0.010426 -0.999759 -0.019330
vn 0.884848 -0.465793 -0.009002
vn 0.884848 -0.465793 -0.009002
vn 0.884848 -0.465793 -0.009002
vn 0.884848 -0.465793 -0.009002
vn -0.004840 0.000002 -0.999988
vn -0.004840 0.000002 -0.999988
vn -0.004840 0.000002 -0.999988
vn -0.004840 0.000002 -0.999988
vn -0.884836 -0.465815 -0.008999
vn -0.884836 -0.465815 -0.008999
vn -0.884836 -0.465815 -0.008999
vn -0.884836 -0.465815 -0.008999
vn 0.004842 0.000000 0.999988
vn 0.004842 0.000000 0.999988
vn 0.004842 0.000000 0.999988
vn 0.004842 0.000000 0.999988
vn -0.005222 0.000000 -0.999986
vn -0.005222 0.000000 -0.999986
vn -0.005222 0.000000 -0.999986
vn -0.005222 0.000000 -0.999986
vn 0.943856 0.330295 0.006387
vn 0.943856 0.330295 0.006387
vn 0.943856 0.330295 0.006387
vn 0.943856 0.330295 0.006387
vn 0.005225 0.000000 0.999986
vn 0.005225 0.000000 0.999986
vn 0.005225 0.000000 0.999986
vn 0.005225 0.000000 0.999986
vn -0.943854 0.330302 0.006386
vn -0.943854 0.330302 0.006386
vn -0.943854 0.330302 0.006386
vn -0.943854 0.330302 0.006386
vn 0.005933 -0.000639 0.999982
vn 0.005933 -0.000639 0.999982
vn 0.005933 -0.000639 0.999982
vn 0.005933 -0.000639 0.999982
vn -1.000000 0.000000 0.000000
vn -1.000000 0.000000 0.000000
vn -1.000000 0.000000 0.000000
vn -1.000000 0.000000 0.000000
vn -0.005931 0.000639 -0.999982
vn -0.005931 0.000639 -0.999982
vn -0.005931 0.000639 -0.999982
vn -0.005931 0.000639 -0.999982
vn 1.000000 0.000000 0.000000
vn 1.000000 0.000000 0.000000
vn 1.000000 0.000000 0.000000
vn 1.000000 0.000000 0.000000
vn 0.009137 0.999772 0.019317
vn 0.009137 0.999772 0.019317
vn 0.009137 0.999772 0.019317
vn 0.009137 0.999772 0.019317
vn -0.010426 -0.999759 -0.019330
vn -0.010426 -0.999759 -0.019330
vn -0.010426 -0.999759 -0.019330
vn -0.010426 -0.999759 -0.019330
vn 0.884850 -0.465790 -0.009002
vn 0.884850 -0.465790 -0.009002
vn 0.884850 -0.465790 -0.009002
vn 0.884850 -0.465790 -0.009002
vn -0.004840 0.000002 -0.999988
vn -0.004840 0.000002 -0.999988
vn -0.004840 0.000002 -0.999988
vn -0.004840 0.000002 -0.999988
vn -0.884836 -0.465815 -0.008999
vn -0.884836 -0.465815 -0.008999
vn -0.884836 -0.465815 -0.008999
vn -0.884836 -0.465815 -0.008999
vn 0.004842 0.000000 0.999988
vn 0.004842 0.000000 0.999988
vn 0.004842 0.000000 0.999988
vn 0.004842 0.000000 0.999988
vn -0.005222 0.000000 -0.999986
vn -0.005222 0.000000 -0.999986
vn -0.005222 0.000000 -0.999986
vn -0.005222 0.000000 -0.999986
vn 0.943855 0.330299 0.006387
vn 0.943855 0.330299 0.006387
vn 0.943855 0.330299 0.006387
vn 0.943855 0.330299 0.006387
vn 0.005225 0.000000 0.999986
vn 0.005225 0.000000 0.999986
vn 0.005225 0.000000 0.999986
vn 0.005225 0.000000 0.999986
vn -0.943855 0.330297 0.006386
vn -0.943855 0.330297 0.006386
vn -0.943855 0.330297 0.006386
vn -0.943855 0.330297 0.006386
vn 0.999982 -0.000640 -0.005925
vn 0.999982 -0.000640 -0.005925
vn 0.999982 -0.000640 -0.005925
vn 0.999982 -0.000640 -0.005925
vn 0.000001 0.000000 1.000000
vn 0.000001 0.000000 1.000000
vn 0.000001 0.000000 1.000000
vn 0.000001 0.000000 1.000000
vn -0.999982 0.000640 0.005925
vn -0.999982 0.000640 0.005925
vn -0.999982 0.000640 0.005925
vn -0.999982 0.000640 0.005925
vn 0.000001 0.000000 -1.000000
vn 0.000001 0.000000 -1.000000
vn 0.000001 0.000000 -1.000000
vn 0.000001 0.000000 -1.000000
vn 0.019317 0.999772 -0.009137
vn 0.019317 0.999772 -0.009137
vn 0.019317 0.999772 -0.009137
vn 0.019317 0.999772 -0.009137
vn -0.019330 -0.999759 0.010426
vn -0.019330 -0.999759 0.010426
vn -0.019330 -0.999759 0.010426
vn -0.019330 -0.999759 0.010426
vn -0.009002 -0.465800 -0.884844
vn -0.009002 -0.465800 -0.884844
vn -0.009002 -0.465800 -0.884844
vn -0.009002 -0.465800 -0.884844
vn -0.999988 0.000000 0.004836
vn -0.999988 0.000000 0.004836
vn -0.999988 0.000000 0.004836
vn -0.999988 0.000000 0.004836
vn -0.008999 -0.465800 0.884844
vn -0.008999 -0.465800 0.884844
vn -0.008999 -0.465800 0.884844
vn -0.008999 -0.465800 0.884844
vn 0.999988 -0.000010 -0.004836
vn 0.999988 -0.000010 -0.004836
vn 0.999988 -0.000010 -0.004836
vn 0.999988 -0.000010 -0.004836
vn -0.999986 0.000006 0.005218
vn -0.999986 0.000006 0.005218
vn -0.999986 0.000006 0.005218
vn -0.999986 0.000006 0.005218
vn 0.006389 0.330297 -0.943856
vn 0.006389 0.330297 -0.943856
vn 0.006389 0.330297 -0.943856
vn 0.006389 0.330297 -0.943856
vn 0.999986 0.000003 -0.005218
vn 0.999986 0.000003 -0.005218
vn 0.999986 0.000003 -0.005218
vn 0.999986 0.000003 -0.005218
vn 0.006386 0.330297 0.943856
vn 0.006386 0.330297 0.943856
vn 0.006386 0.330297 0.943856
vn 0.006386 0.330297 0.943856
vn 0.999982 -0.000640 -0.005925
vn 0.999982 -0.000640 -0.005925
vn 0.999982 -0.000640 -0.005925
vn 0.999982 -0.000640 -0.005925
vn 0.000000 0.000000 1.000000
vn 0.000000 0.000000 1.000000
vn 0.000000 0.000000 1.000000
vn 0.000000 0.000000 1.000000
vn -0.999982 0.000640 0.005925
vn -0.999982 0.000640 0.005925
vn -0.999982 0.000640 0.005925
vn -0.999982 0.000640 0.005925
vn 0.000000 0.000000 -1.000000
vn 0.000000 0.000000 -1.000000
vn 0.000000 0.000000 -1.000000
vn 0.000000 0.000000 -1.000000
vn 0.019317 0.999772 -0.009137
vn 0.019317 0.999772 -0.009137
vn 0.019317 0.999772 -0.009137
vn 0.019317 0.999772 -0.009137
vn -0.019330 -0.999759 0.010426
vn -0.019330 -0.999759 0.010426
vn -0.019330 -0.999759 0.010426
vn -0.019330 -0.999759 0.010426
vn -0.009002 -0.465800 -0.884844
vn -0.009002 -0.465800 -0.884844
vn -0.009002 -0.465800 -0.884844
vn -0.009002 -0.465800 -0.884844
vn -0.999988 0.000004 0.004836
vn -0.999988 0.000004 0.004836
vn -0.999988 0.000004 0.004836
vn -0.999988 0.000004 0.004836
vn -0.008998 -0.465803 0.884843
vn -0.008998 -0.465803 0.884843
vn -0.008998 -0.465803 0.884843
vn -0.008998 -0.465803 0.884843
vn 0.999988 -0.000011 -0.004836
vn 0.999988 -0.000011 -0.004836
vn 0.999988 -0.000011 -0.004836
vn 0.999988 -0.000011 -0.004836
vn -0.999986 -0.000003 0.005218
vn -0.999986 -0.000003 0.005218
vn -0.999986 -0.000003 0.005218
vn -0.999986 -0.000003 0.005218
vn 0.006387 0.330297 -0.943856
vn 0.006387 0.330297 -0.943856
vn 0.006387 0.330297 -0.943856
vn 0.006387 0.330297 -0.943856
vn 0.999986 0.000001 -0.005218
vn 0.999986 0.000001 -0.005218
vn 0.999986 0.000001 -0.005218
vn 0.999986 0.000001 -0.005218
vn 0.006386 0.330297 0.943856
vn 0.006386 0.330297 0.943856
vn 0.006386 0.330297 0.943856
vn 0.006386 0.330297 0.943856
vn 0.005933 -0.000639 0.999982
vn 0.005933 -0.000639 0.999982
vn 0.005933 -0.000639 0.999982
vn 0.005933 -0.000639 0.999982
vn -1.000000 0.000000 0.000000
vn -1.000000 0.000000 0.000000
vn -1.000000 0.000000 0.000000
vn -1.000000 0.000000 0.000000
vn -0.005931 0.000639 -0.999982
vn -0.005931 0.000639 -0.999982
vn -0.005931 0.000639 -0.999982
vn -0.005931 0.000639 -0.999982
vn 1.000000 0.000000 0.000000
vn 1.000000 0.000000 0.000000
vn 1.000000 0.000000 0.000000
vn 1.000000 0.000000 0.000000
vn 0.009137 0.999772 0.019317
vn 0.009137 0.999772 0.019317
vn 0.009137 0.999772 0.019317
vn 0.009137 0.999772 0.019317
vn -0.010426 -0.999759 -0.019330
vn -0.010426 -0.999759 -0.019330
vn -0.010426 -0.999759 -0.019330
vn -0.010426 -0.999759 -0.019330
vn 0.884849 -0.465792 -0.009002
vn 0.884849 -0.465792 -0.009002
vn 0.884849 -0.465792 -0.009002
vn 0.884849 -0.465792 -0.009002
vn -0.004840 0.000002 -0.999988
vn -0.004840 0.000002 -0.999988
vn -0.004840 0.000002 -0.999988
vn -0.004840 0.000002 -0.999988
vn -0.884836 -0.465816 -0.008999
vn -0.884836 -0.465816 -0.008999
vn -0.884836 -0.465816 -0.008999
vn -0.884836 -0.465816 -0.008999
vn 0.004842 0.000000 0.999988
vn 0.004842 0.000000 0.999988
vn 0.004842 0.000000 0.999988
vn 0.004842 0.000000 0.999988
vn -0.005222 0.000000 -0.999986
vn -0.005222 0.000000 -0.999986
vn -0.005222 0.000000 -0.999986
vn -0.005222 0.000000 -0.999986
vn 0.943855 0.330299 0.006387
vn 0.943855 0.330299 0.006387
vn 0.943855 0.330299 0.006387
vn 0.943855 0.330299 0.006387
vn 0.005225 0.000000 0.999986
vn 0.005225 0.000000 0.999986
vn 0.005225 0.000000 0.999986
vn 0.005225 0.000000 0.999986
vn -0.943855 0.330297 0.006386
vn -0.943855 0.330297 0.006386
vn -0.943855 0.330297 0.006386
vn -0.943855 0.330297 0.006386
vn 0.005933 -0.000639 0.999982
vn 0.005933 -0.000639 0.999982
vn 0.005933 -0.000639 0.999982
vn 0.005933 -0.000639 0.999982
vn -1.000000 -0.000000 0.000000
vn -1.000000 -0.000000 0.000000
vn -1.000000 -0.000000 0.000000
vn -1.000000 -0.000000 0.000000
vn -0.005931 0.000639 -0.999982
vn -0.005931 0.000639 -0.999982
vn -0.005931 0.000639 -0.999982
vn -0.005931 0.000639 -0.999982
vn 1.000000 0.000000 0.000000
vn 1.000000 0.000000 0.000000
vn 1.000000 0.000000 0.000000
vn 1.000000 0.000000 0.000000
vn 0.009137 0.999772 0.019317
vn 0.009137 0.999772 0.019317
vn 0.009137 0.999772 0.019317
vn 0.009137 0.999772 0.019317
vn -0.010426 -0.999759 -0.019330
vn -0.010426 -0.999759 -0.019330
vn -0.010426 -0.999759 -0.019330
vn -0.010426 -0.999759 -0.019330
vn 0.884850 -0.465790 -0.009002
vn 0.884850 -0.465790 -0.009002
vn 0.884850 -0.465790 -0.009002
vn 0.884850 -0.465790 -0.009002
vn -0.004840 0.000002 -0.999988
vn -0.004840 0.000002 -0.999988
vn -0.004840 0.000002 -0.999988
vn -0.004840 0.000002 -0.999988
vn -0.884836 -0.465816 -0.008999
vn -0.884836 -0.465816 -0.008999
vn -0.884836 -0.465816 -0.008999
vn -0.884836 -0.465816 -0.008999
vn 0.004842 0.000000 0.999988
vn 0.004842 0.000000 0.999988
vn 0.004842 0.000000 0.999988
vn 0.004842 0.000000 0.999988
vn -0.005222 0.000000 -0.999986
vn -0.005222 0.000000 -0.999986
vn -0.005222 0.000000 -0.999986
vn -0.005222 0.000000 -0.999986
vn 0.943855 0.330298 0.006387
vn 0.943855 0.330298 0.006387
vn 0.943855 0.330298 0.006387
vn 0.943855 0.330298 0.006387
vn 0.005225 0.000000 0.999986
vn 0.005225 0.000000 0.999986
vn 0.005225 0.000000 0.999986
vn 0.005225 0.000000 0.999986
vn -0.943855 0.330298 0.006386
vn -0.943855 0.330298 0.006386
vn -0.943855 0.330298 0.006386
vn -0.943855 0.330298 0.006386
vn 0.005933 -0.000639 0.999982
vn 0.005933 -0.000639 0.999982
vn 0.005933 -0.000639 0.999982
vn 0.005933 -0.000639 0.999982
vn -1.000000 0.000000 0.000000
vn -1.000000 0.000000 0.000000
vn -1.000000 0.000000 0.000000
vn -1.000000 0.000000 0.000000
vn -0.005931 0.000639 -0.999982
vn -0.005931 0.000639 -0.999982
vn -0.005931 0.000639 -0.999982
vn -0.005931 0.000639 -0.999982
vn 1.000000 0.000000 0.000000
vn 1.000000 0.000000 0.000000
vn 1.000000 0.000000 0.000000
vn 1.000000 0.000000 0.000000
vn 0.009137 0.999772 0.019317
vn 0.009137 0.999772 0.019317
vn 0.009137 0.999772 0.019317
vn 0.009137 0.999772 0.019317
vn -0.010426 -0.999759 -0.019330
vn -0.010426 -0.999759 -0.019330
vn -0.010426 -0.999759 -0.019330
vn -0.010426 -0.999759 -0.019330
vn 0.884848 -0.465793 -0.009002
vn 0.884848 -0.465793 -0.009002
vn 0.884848 -0.465793 -0.009002
vn 0.884848 -0.465793 -0.009002
vn -0.004840 0.000002 -0.999988
vn -0.004840 0.000002 -0.999988
vn -0.004840 0.000002 -0.999988
vn -0.004840 0.000002 -0.999988
vn -0.884834 -0.465820 -0.008999
vn -0.884834 -0.465820 -0.008999
vn -0.884834 -0.465820 -0.008999
vn -0.884834 -0.465820 -0.008999
vn 0.004842 0.000000 0.999988
vn 0.004842 0.000000 0.999988
vn 0.004842 0.000000 0.999988
vn 0.004842 0.000000 0.999988
vn -0.005222 0.000000 -0.999986
vn -0.005222 0.000000 -0.999986
vn -0.005222 0.000000 -0.999986
vn -0.005222 0.000000 -0.999986
vn 0.943856 0.330295 0.006387
vn 0.943856 0.330295 0.006387
vn 0.943856 0.330295 0.006387
vn 0.943856 0.330295 0.006387
vn 0.005225 0.000000 0.999986
vn 0.005225 0.000000 0.999986
vn 0.005225 0.000000 0.999986
vn 0.005225 0.000000 0.999986
vn -0.943857 0.330293 0.006386
vn -0.943857 0.330293 0.006386
vn -0.943857 0.330293 0.006386
vn -0.943857 0.330293 0.006386
vn 0.999982 -0.000640 -0.005925
vn 0.999982 -0.000640 -0.005925
vn 0.999982 -0.000640 -0.005925
vn 0.999982 -0.000640 -0.005925
vn -0.000001 0.000000 1.000000
vn -0.000001 0.000000 1.000000
vn -0.000001 0.000000 1.000000
vn -0.000001 0.000000 1.000000
vn -0.999982 0.000640 0.005925
vn -0.999982 0.000640 0.005925
vn -0.999982 0.000640 0.005925
vn -0.999982 0.000640 0.005925
vn 0.000000 0.000000 -1.000000
vn 0.000000 0.000000 -1.000000
vn 0.000000 0.000000 -1.000000
vn 0.000000 0.000000 -1.000000
vn 0.019317 0.999772 -0.009137
vn 0.019317 0.999772 -0.009137
vn 0.019317 0.999772 -0.009137
vn 0.019317 0.999772 -0.009137
vn -0.019330 -0.999759 0.010426
vn -0.019330 -0.999759 0.010426
vn -0.019330 -0.999759 0.010426
vn -0.019330 -0.999759 0.010426
vn -0.009002 -0.465803 -0.884843
vn -0.009002 -0.465803 -0.884843
vn -0.009002 -0.465803 -0.884843
vn -0.009002 -0.465803 -0.884843
vn -0.999988 0.000000 0.004836
vn -0.999988 0.000000 0.004836
vn -0.999988 0.000000 0.004836
vn -0.999988 0.000000 0.004836
vn -0.008998 -0.465803 0.884843
vn -0.008998 -0.465803 0.884843
vn -0.008998 -0.465803 0.884843
vn -0.008998 -0.465803 0.884843
vn 0.999988 0.000000 -0.004836
vn 0.999988 0.000000 -0.004836
vn 0.999988 0.000000 -0.004836
vn 0.999988 0.000000 -0.004836
vn -0.999986 0.000006 0.005218
vn -0.999986 0.000006 0.005218
vn -0.999986 0.000006 0.005218
vn -0.999986 0.000006 0.005218
vn 0.006387 0.330299 -0.943855
vn 0.006387 0.330299 -0.943855
vn 0.006387 0.330299 -0.943855
vn 0.006387 0.330299 -0.943855
vn 0.999986 0.000000 -0.005218
vn 0.999986 0.000000 -0.005218
vn 0.999986 0.000000 -0.005218
vn 0.999986 0.000000 -0.005218
vn 0.006385 0.330297 0.943856
vn 0.006385 0.330297 0.943856
vn 0.006385 0.330297 0.943856
vn 0.006385 0.330297 0.943856
vn 0.005933 -0.000639 0.999982
vn 0.005933 -0.000639 0.999982
vn 0.005933 -0.000639 0.999982
vn 0.005933 -0.000639 0.999982
vn -1.000000 0.000000 0.000000
vn -1.000000 0.000000 0.000000
vn -1.000000 0.000000 0.000000
vn -1.000000 0.000000 0.000000
vn -0.005931 0.000639 -0.999982
vn -0.005931 0.000639 -0.999982
vn -0.005931 0.000639 -0.999982
vn -0.005931 0.000639 -0.999982
vn 1.000000 0.000000 0.000000
vn 1.000000 0.000000 0.000000
vn 1.000000 0.000000 0.000000
vn 1.000000 0.000000 0.000000
vn 0.009137 0.999772 0.019317
vn 0.009137 0.999772 0.019317
vn 0.009137 0.999772 0.019317
vn 0.009137 0.999772 0.019317
vn -0.010426 -0.999759 -0.019330
vn -0.010426 -0.999759 -0.019330
vn -0.010426 -0.999759 -0.019330
vn -0.010426 -0.999759 -0.019330
vn 0.884850 -0.465790 -0.009002
vn 0.884850 -0.465790 -0.009002
vn 0.884850 -0.465790 -0.009002
vn 0.884850 -0.465790 -0.009002
vn -0.004840 0.000002 -0.999988
vn -0.004840 0.000002 -0.999988
vn -0.004840 0.000002 -0.999988
vn -0.004840 0.000002 -0.999988
vn -0.884836 -0.465815 -0.008999
vn -0.884836 -0.465815 -0.008999
vn -0.884836 -0.465815 -0.008999
vn -0.884836 -0.465815 -0.008999
vn 0.004842 0.000000 0.999988
vn 0.004842 0.000000 0.999988
vn 0.004842 0.000000 0.999988
vn 0.004842 0.000000 0.999988
vn -0.005222 0.000000 -0.999986
vn -0.005222 0.000000 -0.999986
vn -0.005222 0.000000 -0.999986
vn -0.005222 0.000000 -0.999986
vn 0.943855 0.330299 0.006387
vn 0.943855 0.330299 0.006387
vn 0.943855 0.330299 0.006387
vn 0.943855 0.330299 0.006387
vn 0.005225 0.000000 0.999986
vn 0.005225 0.000000 0.999986
vn 0.005225 0.000000 0.999986
vn 0.005225 0.000000 0.999986
vn -0.943855 0.330297 0.006386
vn -0.943855 0.330297 0.006386
vn -0.943855 0.330297 0.006386
vn -0.943855 0.330297 0.006386
vn 0.005933 -0.000639 0.999982
vn 0.005933 -0.000639 0.999982
vn 0.005933 -0.000639 0.999982
vn 0.005933 -0.000639 0.999982
vn -1.000000 0.000000 0.000000
vn -1.000000 0.000000 0.000000
vn -1.000000 0.000000 0.000000
vn -1.000000 0.000000 0.000000
vn -0.005931 0.000639 -0.999982
vn -0.005931 0.000639 -0.999982
vn -0.005931 0.000639 -0.999982
vn -0.005931 0.000639 -0.999982
vn 1.000000 0.000000 0.000000
vn 1.000000 0.000000 0.000000
vn 1.000000 0.000000 0.000000
vn 1.000000 0.000000 0.000000
vn 0.009137 0.999772 0.019317
vn 0.009137 0.999772 0.019317
vn 0.009137 0.999772 0.019317
vn 0.009137 0.999772 0.019317
vn -0.010426 -0.999759 -0.019330
vn -0.010426 -0.999759 -0.019330
vn -0.010426 -0.999759 -0.019330
vn -0.010426 -0.999759 -0.019330
vn 0.884850 -0.465790 -0.009002
vn 0.884850 -0.465790 -0.009002
vn 0.884850 -0.465790 -0.009002
vn 0.884850 -0.465790 -0.009002
vn -0.004840 0.000002 -0.999988
vn -0.004840 0.000002 -0.999988
vn -0.004840 0.000002 -0.999988
vn -0.004840 0.000002 -0.999988
vn -0.884835 -0.465817 -0.008999
vn -0.884835 -0.465817 -0.008999
vn -0.884835 -0.465817 -0.008999
vn -0.884835 -0.465817 -0.008999
vn 0.004842 0.000000 0.999988
vn 0.004842 0.000000 0.999988
vn 0.004842 0.000000 0.999988
vn 0.004842 0.000000 0.999988
vn -0.005222 0.000000 -0.999986
vn -0.005222 0.000000 -0.999986
vn -0.005222 0.000000 -0.999986
vn -0.005222 0.000000 -0.999986
vn 0.943856 0.330297 0.006387
vn 0.943856 0.330297 0.006387
vn 0.943856 0.330297 0.006387
vn 0.943856 0.330297 0.006387
vn 0.005225 0.000000 0.999986
vn 0.005225 0.000000 0.999986
vn 0.005225 0.000000 0.999986
vn 0.005225 0.000000 0.999986
vn -0.943855 0.330297 0.006386
vn -0.943855 0.330297 0.006386
vn -0.943855 0.330297 0.006386
vn -0.943855 0.330297 0.006386
vn 0.999982 -0.000640 -0.005925
vn 0.999982 -0.000640 -0.005925
vn 0.999982 -0.000640 -0.005925
vn 0.999982 -0.000640 -0.005925
vn -0.000001 0.000000 1.000000
vn -0.000001 0.000000 1.000000
vn -0.000001 0.000000 1.000000
vn -0.000001 0.000000 1.000000
vn -0.999982 0.000640 0.005925
vn -0.999982 0.000640 0.005925
vn -0.999982 0.000640 0.005925
vn -0.999982 0.000640 0.005925
vn 0.000000 0.000000 -1.000000
vn 0.000000 0.000000 -1.000000
vn 0.000000 0.000000 -1.000000
vn 0.000000 0.000000 -1.000000
vn 0.019317 0.999772 -0.009137
vn 0.019317 0.999772 -0.009137
vn 0.019317 0.999772 -0.009137
vn 0.019317 0.999772 -0.009137
vn -0.019330 -0.999759 0.010426
vn -0.019330 -0.999759 0.010426
vn -0.019330 -0.999759 0.010426
vn -0.019330 -0.999759 0.010426
vn -0.009002 -0.465803 -0.884843
vn -0.009002 -0.465803 -0.884843
vn -0.009002 -0.465803 -0.884843
vn -0.009002 -0.465803 -0.884843
vn -0.999988 0.000000 0.004836
vn -0.999988 0.000000 0.004836
vn -0.999988 0.000000 0.004836
vn -0.999988 0.000000 0.004836
vn -0.008998 -0.465803 0.884843
vn -0.008998 -0.465803 0.884843
vn -0.008998 -0.465803 0.884843
vn -0.008998 -0.465803 0.884843
vn 0.999988 0.000000 -0.004836
vn 0.999988 0.000000 -0.004836
vn 0.999988 0.000000 -0.004836
vn 0.999988 0.000000 -0.004836
vn -0.999986 0.000006 0.005218
vn -0.999986 0.000006 0.005218
vn -0.999986 0.000006 0.005218
vn -0.999986 0.000006 0.005218
vn 0.006387 0.330299 -0.943855
vn 0.006387 0.330299 -0.943855
vn 0.006387 0.330299 -0.943855
vn 0.006387 0.330299 -0.943855
vn 0.999986 0.000000 -0.005218
vn 0.999986 0.000000 -0.005218
vn 0.999986 0.000000 -0.005218
vn 0.999986 0.000000 -0.005218
vn 0.006385 0.330297 0.943856
vn 0.006385 0.330297 0.943856
vn 0.006385 0.330297 0.943856
vn 0.006385 0.330297 0.943856
vn 0.999982 -0.000640 -0.005925
vn 0.999982 -0.000640 -0.005925
vn 0.999982 -0.000640 -0.005925
vn 0.999982 -0.000640 -0.005925
vn -0.000001 0.000000 1.000000
vn -0.000001 0.000000 1.000000
vn -0.000001 0.000000 1.000000
vn -0.000001 0.000000 1.000000
vn -0.999982 0.000640 0.005925
vn -0.999982 0.000640 0.005925
vn -0.999982 0.000640 0.005925
vn -0.999982 0.000640 0.005925
vn 0.000002 0.000000 -1.000000
vn 0.000002 0.000000 -1.000000
vn 0.000002 0.000000 -1.000000
vn 0.000002 0.000000 -1.000000
vn 0.019317 0.999772 -0.009137
vn 0.019317 0.999772 -0.009137
vn 0.019317 0.999772 -0.009137
vn 0.019317 0.999772 -0.009137
vn -0.019330 -0.999759 0.010426
vn -0.019330 -0.999759 0.010426
vn -0.019330 -0.999759 0.010426
vn -0.019330 -0.999759 0.010426
vn -0.009003 -0.465803 -0.884843
vn -0.009003 -0.465803 -0.884843
vn -0.009003 -0.465803 -0.884843
vn -0.009003 -0.465803 -0.884843
vn -0.999988 0.000000 0.004836
vn -0.999988 0.000000 0.004836
vn -0.999988 0.000000 0.004836
vn -0.999988 0.000000 0.004836
vn -0.008998 -0.465803 0.884843
vn -0.008998 -0.465803 0.884843
vn -0.008998 -0.465803 0.884843
vn -0.008998 -0.465803 0.884843
vn 0.999988 -0.000008 -0.004836
vn 0.999988 -0.000008 -0.004836
vn 0.999988 -0.000008 -0.004836
vn 0.999988 -0.000008 -0.004836
vn -0.999986 0.000006 0.005218
vn -0.999986 0.000006 0.005218
vn -0.999986 0.000006 0.005218
vn -0.999986 0.000006 0.005218
vn 0.006386 0.330299 -0.943855
vn 0.006386 0.330299 -0.943855
vn 0.006386 0.330299 -0.943855
vn 0.006386 0.330299 -0.943855
vn 0.999986 0.000000 -0.005218
vn 0.999986 0.000000 -0.005218
vn 0.999986 0.000000 -0.005218
vn 0.999986 0.000000 -0.005218
vn 0.006386 0.330297 0.943856
vn 0.006386 0.330297 0.943856
vn 0.006386 0.330297 0.943856
vn 0.006386 0.330297 0.943856
vn 0.999982 -0.000640 -0.005925
vn 0.999982 -0.000640 -0.005925
vn 0.999982 -0.000640 -0.005925
vn 0.999982 -0.000640 -0.005925
vn 0.000001 0.000000 1.000000
vn 0.000001 0.000000 1.000000
vn 0.000001 0.000000 1.000000
vn 0.000001 0.000000 1.000000
vn -0.999982 0.000640 0.005925
vn -0.999982 0.000640 0.005925
vn -0.999982 0.000640 0.005925
vn -0.999982 0.000640 0.005925
vn -0.000001 0.000000 -1.000000
vn -0.000001 0.000000 -1.000000
vn -0.000001 0.000000 -1.000000
vn -0.000001 0.000000 -1.000000
vn 0.019317 0.999772 -0.009137
vn 0.019317 0.999772 -0.009137
vn 0.019317 0.999772 -0.009137
vn 0.019317 0.999772 -0.009137
vn -0.019330 -0.999759 0.010426
vn -0.019330 -0.999759 0.010426
vn -0.019330 -0.999759 0.010426
vn -0.019330 -0.999759 0.010426
vn -0.009003 -0.465800 -0.884844
vn -0.009003 -0.465800 -0.884844
vn -0.009003 -0.465800 -0.884844
vn -0.009003 -0.465800 -0.884844
vn -0.999988 0.000000 0.004836
vn -0.999988 0.000000 0.004836
vn -0.999988 0.000000 0.004836
vn -0.999988 0.000000 0.004836
vn -0.008997 -0.465800 0.884844
vn -0.008997 -0.465800 0.884844
vn -0.008997 -0.465800 0.884844
vn -0.008997 -0.465800 0.884844
vn 0.999988 -0.000010 -0.004836
vn 0.999988 -0.000010 -0.004836
vn 0.999988 -0.000010 -0.004836
vn 0.999988 -0.000010 -0.004836
vn -0.999986 0.000006 0.005218
vn -0.999986 0.000006 0.005218
vn -0.999986 0.000006 0.005218
vn -0.999986 0.000006 0.005218
vn 0.006387 0.330297 -0.943856
vn 0.006387 0.330297 -0.943856
vn 0.006387 0.330297 -0.943856
vn 0.006387 0.330297 -0.943856
vn 0.999986 0.000003 -0.005218
vn 0.999986 0.000003 -0.005218
vn 0.999986 0.000003 -0.005218
vn 0.999986 0.000003 -0.005218
vn 0.006386 0.330297 0.943856
vn 0.006386 0.330297 0.943856
vn 0.006386 0.330297 0.943856
vn 0.006386 0.330297 0.943856
vn -0.772951 -0.000864 -0.634465
vn -0.772951 -0.000864 -0.634465
vn -0.772951 -0.000864 -0.634465
vn -0.772951 -0.000864 -0.634465
vn 0.639033 0.000000 -0.769179
vn 0.639033 0.000000 -0.769179
vn 0.639033 0.000000 -0.769179
vn 0.639033 0.000000 -0.769179
vn 0.772951 0.000864 0.634465
vn 0.772951 0.000864 0.634465
vn 0.772951 0.000864 0.634465
vn 0.772951 0.000864 0.634465
vn -0.639033 0.000000 0.769179
vn -0.639033 0.000000 0.769179
vn -0.639033 0.000000 0.769179
vn -0.639033 0.000000 0.769179
vn -0.017280 0.999849 -0.001573
vn -0.017280 0.999849 -0.001573
vn -0.017280 0.999850 -0.001573
vn -0.017280 0.999849 -0.001573
vn 0.017287 -0.999849 0.001578
vn 0.017287 -0.999849 0.001578
vn 0.017287 -0.999849 0.001578
vn 0.017287 -0.999849 0.001578
s 1
g pCube220
usemtl initialShadingGroup
f 1/1/1 2/2/2 14/14/3 13/13/4
f 2/2/2 3/3/5 15/15/6 14/14/3
f 3/3/5 4/4/7 16/16/8 15/15/6
f 4/4/7 5/5/9 17/17/10 16/16/8
f 5/5/9 6/6/11 18/18/12 17/17/10
f 6/6/11 7/7/13 19/19/14 18/18/12
f 7/7/13 8/8/15 20/20/16 19/19/14
f 8/8/15 9/9/17 21/21/18 20/20/16
f 9/9/17 10/10/19 22/22/20 21/21/18
f 10/10/19 11/11/21 23/23/22 22/22/20
f 11/11/21 12/12/23 24/24/24 23/23/22
s 2
f 13/13/25 14/14/26 26/26/27 25/25/28
f 14/14/26 15/15/29 27/27/30 26/26/27
f 15/15/29 16/16/31 28/28/32 27/27/30
f 16/16/31 17/17/33 29/29/34 28/28/32
f 17/17/33 18/18/35 30/30/36 29/29/34
f 18/18/35 19/19/37 31/31/38 30/30/36
f 19/19/37 20/20/39 32/32/40 31/31/38
f 20/20/39 21/21/41 33/33/42 32/32/40
f 21/21/41 22/22/43 34/34/44 33/33/42
f 22/22/43 23/23/45 35/35/46 34/34/44
f 23/23/45 24/24/47 36/36/48 35/35/46
s 3
f 25/25/49 26/26/50 38/38/51 37/37/52
f 26/26/50 27/27/53 39/39/54 38/38/51
f 27/27/53 28/28/55 40/40/56 39/39/54
f 28/28/55 29/29/57 41/41/58 40/40/56
f 29/29/57 30/30/59 42/42/60 41/41/58
f 30/30/59 31/31/61 43/43/62 42/42/60
f 31/31/61 32/32/63 44/44/64 43/43/62
f 32/32/63 33/33/65 45/45/66 44/44/64
f 33/33/65 34/34/67 46/46/68 45/45/66
f 34/34/67 35/35/69 47/47/70 46/46/68
f 35/35/69 36/36/71 48/48/72 47/47/70
s 4
f 37/37/73 38/38/74 2/50/75 1/49/76
f 38/38/74 39/39/77 3/51/78 2/50/75
f 39/39/77 40/40/79 4/52/80 3/51/78
f 40/40/79 41/41/81 5/53/82 4/52/80
f 41/41/81 42/42/83 6/54/84 5/53/82
f 42/42/83 43/43/85 7/55/86 6/54/84
f 43/43/85 44/44/87 8/56/88 7/55/86
f 44/44/87 45/45/89 9/57/90 8/56/88
f 45/45/89 46/46/91 10/58/92 9/57/90
f 46/46/91 47/47/93 11/59/94 10/58/92
f 47/47/93 48/48/95 12/60/96 11/59/94
s off
f 12/12/97 48/61/98 36/62/99 24/24/100
f 37/63/101 1/1/102 13/13/103 25/64/104
s 5
f 49/65/105 50/66/106 62/67/107 61/68/108
f 50/66/106 51/69/109 63/70/110 62/67/107
f 51/69/109 52/71/111 64/72/112 63/70/110
f 52/71/111 53/73/113 65/74/114 64/72/112
f 53/73/113 54/75/115 66/76/116 65/74/114
f 54/75/115 55/77/117 67/78/118 66/76/116
f 55/77/117 56/79/119 68/80/120 67/78/118
f 56/79/119 57/81/121 69/82/122 68/80/120
f 57/81/121 58/83/123 70/84/124 69/82/122
f 58/83/123 59/85/125 71/86/126 70/84/124
f 59/85/125 60/87/127 72/88/128 71/86/126
s 6
f 61/68/129 62/67/130 74/89/131 73/90/132
f 62/67/130 63/70/133 75/91/134 74/89/131
f 63/70/133 64/72/135 76/92/136 75/91/134
f 64/72/135 65/74/137 77/93/138 76/92/136
f 65/74/137 66/76/139 78/94/140 77/93/138
f 66/76/139 67/78/141 79/95/142 78/94/140
f 67/78/141 68/80/143 80/96/144 79/95/142
f 68/80/143 69/82/145 81/97/146 80/96/144
f 69/82/145 70/84/147 82/98/148 81/97/146
f 70/84/147 71/86/149 83/99/150 82/98/148
f 71/86/149 72/88/151 84/100/152 83/99/150
s 7
f 73/90/153 74/89/154 86/101/155 85/102/156
f 74/89/154 75/91/157 87/103/158 86/101/155
f 75/91/157 76/92/159 88/104/160 87/103/158
f 76/92/159 77/93/161 89/105/162 88/104/160
f 77/93/161 78/94/163 90/106/164 89/105/162
f 78/94/163 79/95/165 91/107/166 90/106/164
f 79/95/165 80/96/167 92/108/168 91/107/166
f 80/96/167 81/97/169 93/109/170 92/108/168
f 81/97/169 82/98/171 94/110/172 93/109/170
f 82/98/171 83/99/173 95/111/174 94/110/172
f 83/99/173 84/100/175 96/112/176 95/111/174
s 8
f 85/102/177 86/101/178 50/113/179 49/114/180
f 86/101/178 87/103/181 51/115/182 50/113/179
f 87/103/181 88/104/183 52/116/184 51/115/182
f 88/104/183 89/105/185 53/117/186 52/116/184
f 89/105/185 90/106/187 54/118/188 53/117/186
f 90/106/187 91/107/189 55/119/190 54/118/188
f 91/107/189 92/108/191 56/120/192 55/119/190
f 92/108/191 93/109/193 57/121/194 56/120/192
f 93/109/193 94/110/195 58/122/196 57/121/194
f 94/110/195 95/111/197 59/123/198 58/122/196
f 95/111/197 96/112/199 60/124/200 59/123/198
s off
f 60/87/201 96/125/202 84/126/203 72/88/204
f 85/127/205 49/65/206 61/68/207 73/128/208
f 97/129/209 98/130/210 100/131/211 99/132/212
f 99/132/213 100/131/214 102/133/215 101/134/216
f 101/134/217 102/133/218 104/135/219 103/136/220
f 105/137/221 106/138/222 107/139/223 108/140/224
f 98/130/225 104/141/226 102/142/227 100/131/228
f 103/143/229 97/129/230 99/132/231 101/144/232
f 103/136/233 104/135/234 106/138/235 105/137/236
f 104/135/237 98/145/238 107/139/239 106/138/240
f 98/145/241 97/146/242 108/140/243 107/139/244
f 97/146/245 103/136/246 105/137/247 108/140/248
f 109/147/249 110/148/250 112/149/251 111/150/252
f 111/150/253 112/149/254 114/151/255 113/152/256
f 113/152/257 114/151/258 116/153/259 115/154/260
f 115/154/261 116/153/262 110/155/263 109/156/264
f 110/148/265 116/157/266 114/158/267 112/149/268
f 115/159/269 109/147/270 111/150/271 113/160/272
f 117/161/273 118/162/274 120/163/275 119/164/276
f 119/164/277 120/163/278 122/165/279 121/166/280
f 121/166/281 122/165/282 124/167/283 123/168/284
f 123/168/285 124/167/286 118/169/287 117/170/288
f 126/171/289 125/172/290 127/173/291 128/174/292
f 129/175/293 130/176/294 131/177/295 132/178/296
f 118/162/297 124/179/298 125/172/299 126/171/300
f 124/179/301 122/180/302 127/173/303 125/172/304
f 122/180/305 120/163/306 128/174/307 127/173/308
f 120/163/309 118/162/310 126/171/311 128/174/312
f 121/181/313 123/182/314 130/176/315 129/175/316
f 123/182/317 117/183/318 131/177/319 130/176/320
f 117/183/321 119/184/322 132/178/323 131/177/324
f 119/184/325 121/181/326 129/175/327 132/178/328
f 133/185/329 134/186/330 136/187/331 135/188/332
f 135/188/333 136/187/334 138/189/335 137/190/336
f 137/190/337 138/189/338 140/191/339 139/192/340
f 141/193/341 142/194/342 143/195/343 144/196/344
f 134/186/345 140/197/346 138/198/347 136/187/348
f 139/199/349 133/185/350 135/188/351 137/200/352
f 139/192/353 140/191/354 142/194/355 141/193/356
f 140/191/357 134/201/358 143/195/359 142/194/360
f 134/201/361 133/202/362 144/196/363 143/195/364
f 133/202/365 139/192/366 141/193/367 144/196/368
s 9
f 145/203/369 146/204/370 158/205/371 157/206/372
f 146/204/370 147/207/373 159/208/374 158/205/371
f 147/207/373 148/209/375 160/210/376 159/208/374
f 148/209/375 149/211/377 161/212/378 160/210/376
f 149/211/377 150/213/379 162/214/380 161/212/378
f 150/213/379 151/215/381 163/216/382 162/214/380
f 151/215/381 152/217/383 164/218/384 163/216/382
f 152/217/383 153/219/385 165/220/386 164/218/384
f 153/219/385 154/221/387 166/222/388 165/220/386
f 154/221/387 155/223/389 167/224/390 166/222/388
f 155/223/389 156/225/391 168/226/392 167/224/390
s 10
f 157/206/393 158/205/394 170/227/395 169/228/396
f 158/205/394 159/208/397 171/229/398 170/227/395
f 159/208/397 160/210/399 172/230/400 171/229/398
f 160/210/399 161/212/401 173/231/402 172/230/400
f 161/212/401 162/214/403 174/232/404 173/231/402
f 162/214/403 163/216/405 175/233/406 174/232/404
f 163/216/405 164/218/407 176/234/408 175/233/406
f 164/218/407 165/220/409 177/235/410 176/234/408
f 165/220/409 166/222/411 178/236/412 177/235/410
f 166/222/411 167/224/413 179/237/414 178/236/412
f 167/224/413 168/226/415 180/238/416 179/237/414
s 11
f 169/228/417 170/227/418 182/239/419 181/240/420
f 170/227/418 171/229/421 183/241/422 182/239/419
f 171/229/421 172/230/423 184/242/424 183/241/422
f 172/230/423 173/231/425 185/243/426 184/242/424
f 173/231/425 174/232/427 186/244/428 185/243/426
f 174/232/427 175/233/429 187/245/430 186/244/428
f 175/233/429 176/234/431 188/246/432 187/245/430
f 176/234/431 177/235/433 189/247/434 188/246/432
f 177/235/433 178/236/435 190/248/436 189/247/434
f 178/236/435 179/237/437 191/249/438 190/248/436
f 179/237/437 180/238/439 192/250/440 191/249/438
s 12
f 181/240/441 182/239/442 146/251/443 145/252/444
f 182/239/442 183/241/445 147/253/446 146/251/443
f 183/241/445 184/242/447 148/254/448 147/253/446
f 184/242/447 185/243/449 149/255/450 148/254/448
f 185/243/449 186/244/451 150/256/452 149/255/450
f 186/244/451 187/245/453 151/257/454 150/256/452
f 187/245/453 188/246/455 152/258/456 151/257/454
f 188/246/455 189/247/457 153/259/458 152/258/456
f 189/247/457 190/248/459 154/260/460 153/259/458
f 190/248/459 191/249/461 155/261/462 154/260/460
f 191/249/461 192/250/463 156/262/464 155/261/462
s off
f 156/225/465 192/263/466 180/264/467 168/226/468
f 181/265/469 145/203/470 157/206/471 169/266/472
s 13
f 193/267/473 194/268/474 206/269/475 205/270/476
f 194/268/474 195/271/477 207/272/478 206/269/475
f 195/271/477 196/273/479 208/274/480 207/272/478
f 196/273/479 197/275/481 209/276/482 208/274/480
f 197/275/481 198/277/483 210/278/484 209/276/482
f 198/277/483 199/279/485 211/280/486 210/278/484
f 199/279/485 200/281/487 212/282/488 211/280/486
f 200/281/487 201/283/489 213/284/490 212/282/488
f 201/283/489 202/285/491 214/286/492 213/284/490
f 202/285/491 203/287/493 215/288/494 214/286/492
f 203/287/493 204/289/495 216/290/496 215/288/494
s 14
f 205/270/497 206/269/498 218/291/499 217/292/500
f 206/269/498 207/272/501 219/293/502 218/291/499
f 207/272/501 208/274/503 220/294/504 219/293/502
f 208/274/503 209/276/505 221/295/506 220/294/504
f 209/276/505 210/278/507 222/296/508 221/295/506
f 210/278/507 211/280/509 223/297/510 222/296/508
f 211/280/509 212/282/511 224/298/512 223/297/510
f 212/282/511 213/284/513 225/299/514 224/298/512
f 213/284/513 214/286/515 226/300/516 225/299/514
f 214/286/515 215/288/517 227/301/518 226/300/516
f 215/288/517 216/290/519 228/302/520 227/301/518
s 15
f 217/292/521 218/291/522 230/303/523 229/304/524
f 218/291/522 219/293/525 231/305/526 230/303/523
f 219/293/525 220/294/527 232/306/528 231/305/526
f 220/294/527 221/295/529 233/307/530 232/306/528
f 221/295/529 222/296/531 234/308/532 233/307/530
f 222/296/531 223/297/533 235/309/534 234/308/532
f 223/297/533 224/298/535 236/310/536 235/309/534
f 224/298/535 225/299/537 237/311/538 236/310/536
f 225/299/537 226/300/539 238/312/540 237/311/538
f 226/300/539 227/301/541 239/313/542 238/312/540
f 227/301/541 228/302/543 240/314/544 239/313/542
s 16
f 229/304/545 230/303/546 194/315/547 193/316/548
f 230/303/546 231/305/549 195/317/550 194/315/547
f 231/305/549 232/306/551 196/318/552 195/317/550
f 232/306/551 233/307/553 197/319/554 196/318/552
f 233/307/553 234/308/555 198/320/556 197/319/554
f 234/308/555 235/309/557 199/321/558 198/320/556
f 235/309/557 236/310/559 200/322/560 199/321/558
f 236/310/559 237/311/561 201/323/562 200/322/560
f 237/311/561 238/312/563 202/324/564 201/323/562
f 238/312/563 239/313/565 203/325/566 202/324/564
f 239/313/565 240/314/567 204/326/568 203/325/566
s off
f 204/289/569 240/327/570 228/328/571 216/290/572
f 229/329/573 193/267/574 205/270/575 217/330/576
f 241/331/577 242/332/578 244/333/579 243/334/580
f 243/334/581 244/333/582 246/335/583 245/336/584
f 245/336/585 246/335/586 248/337/587 247/338/588
f 247/338/589 248/337/590 242/339/591 241/340/592
f 250/341/593 249/342/594 251/343/595 252/344/596
f 253/345/597 254/346/598 255/347/599 256/348/600
f 242/332/601 248/349/602 249/342/603 250/341/604
f 248/349/605 246/350/606 251/343/607 249/342/608
f 246/350/609 244/333/610 252/344/611 251/343/612
f 244/333/613 242/332/614 250/341/615 252/344/616
f 245/351/617 247/352/618 254/346/619 253/345/620
f 247/352/621 241/353/622 255/347/623 254/346/624
f 241/353/625 243/354/626 256/348/627 255/347/628
f 243/354/629 245/351/630 253/345/631 256/348/632
f 257/355/633 258/356/634 260/357/635 259/358/636
f 259/358/637 260/357/638 262/359/639 261/360/640
f 261/360/641 262/359/642 264/361/643 263/362/644
f 263/362/645 264/361/646 258/363/647 257/364/648
f 266/365/649 265/366/650 267/367/651 268/368/652
f 269/369/653 270/370/654 271/371/655 272/372/656
f 258/356/657 264/373/658 265/366/659 266/365/660
f 264/373/661 262/374/662 267/367/663 265/366/664
f 262/374/665 260/357/666 268/368/667 267/367/668
f 260/357/669 258/356/670 266/365/671 268/368/672
f 261/375/673 263/376/674 270/370/675 269/369/676
f 263/376/677 257/377/678 271/371/679 270/370/680
f 257/377/681 259/378/682 272/372/683 271/371/684
f 259/378/685 261/375/686 269/369/687 272/372/688
f 273/379/689 274/380/690 276/381/691 275/382/692
f 275/382/693 276/381/694 278/383/695 277/384/696
f 277/384/697 278/383/698 280/385/699 279/386/700
f 279/386/701 280/385/702 274/387/703 273/388/704
f 282/389/705 281/390/706 283/391/707 284/392/708
f 285/393/709 286/394/710 287/395/711 288/396/712
f 274/380/713 280/397/714 281/390/715 282/389/716
f 280/397/717 278/398/718 283/391/719 281/390/720
f 278/398/721 276/381/722 284/392/723 283/391/724
f 276/381/725 274/380/726 282/389/727 284/392/728
f 277/399/729 279/400/730 286/394/731 285/393/732
f 279/400/733 273/401/734 287/395/735 286/394/736
f 273/401/737 275/402/738 288/396/739 287/395/740
f 275/402/741 277/399/742 285/393/743 288/396/744
f 289/403/745 290/404/746 292/405/747 291/406/748
f 291/406/749 292/405/750 294/407/751 293/408/752
f 293/408/753 294/407/754 296/409/755 295/410/756
f 295/410/757 296/409/758 290/411/759 289/412/760
f 298/413/761 297/414/762 299/415/763 300/416/764
f 301/417/765 302/418/766 303/419/767 304/420/768
f 290/404/769 296/421/770 297/414/771 298/413/772
f 296/421/773 294/422/774 299/415/775 297/414/776
f 294/422/777 292/405/778 300/416/779 299/415/780
f 292/405/781 290/404/782 298/413/783 300/416/784
f 293/423/785 295/424/786 302/418/787 301/417/788
f 295/424/789 289/425/790 303/419/791 302/418/792
f 289/425/793 291/426/794 304/420/795 303/419/796
f 291/426/797 293/423/798 301/417/799 304/420/800
f 305/427/801 306/428/802 308/429/803 307/430/804
f 307/430/805 308/429/806 310/431/807 309/432/808
f 309/432/809 310/431/810 312/433/811 311/434/812
f 311/434/813 312/433/814 306/435/815 305/436/816
f 314/437/817 313/438/818 315/439/819 316/440/820
f 317/441/821 318/442/822 319/443/823 320/444/824
f 306/428/825 312/445/826 313/438/827 314/437/828
f 312/445/829 310/446/830 315/439/831 313/438/832
f 310/446/833 308/429/834 316/440/835 315/439/836
f 308/429/837 306/428/838 314/437/839 316/440/840
f 309/447/841 311/448/842 318/442/843 317/441/844
f 311/448/845 305/449/846 319/443/847 318/442/848
f 305/449/849 307/450/850 320/444/851 319/443/852
f 307/450/853 309/447/854 317/441/855 320/444/856
f 321/451/857 322/452/858 324/453/859 323/454/860
f 323/454/861 324/453/862 326/455/863 325/456/864
f 325/456/865 326/455/866 328/457/867 327/458/868
f 327/458/869 328/457/870 322/459/871 321/460/872
f 330/461/873 329/462/874 331/463/875 332/464/876
f 333/465/877 334/466/878 335/467/879 336/468/880
f 322/452/881 328/469/882 329/462/883 330/461/884
f 328/469/885 326/470/886 331/463/887 329/462/888
f 326/470/889 324/453/890 332/464/891 331/463/892
f 324/453/893 322/452/894 330/461/895 332/464/896
f 325/471/897 327/472/898 334/466/899 333/465/900
f 327/472/901 321/473/902 335/467/903 334/466/904
f 321/473/905 323/474/906 336/468/907 335/467/908
f 323/474/909 325/471/910 333/465/911 336/468/912
f 337/475/913 338/476/914 340/477/915 339/478/916
f 339/478/917 340/477/918 342/479/919 341/480/920
f 341/480/921 342/479/922 344/481/923 343/482/924
f 343/482/925 344/481/926 338/483/927 337/484/928
f 346/485/929 345/486/930 347/487/931 348/488/932
f 349/489/933 350/490/934 351/491/935 352/492/936
f 338/476/937 344/493/938 345/486/939 346/485/940
f 344/493/941 342/494/942 347/487/943 345/486/944
f 342/494/945 340/477/946 348/488/947 347/487/948
f 340/477/949 338/476/950 346/485/951 348/488/952
f 341/495/953 343/496/954 350/490/955 349/489/956
f 343/496/957 337/497/958 351/491/959 350/490/960
f 337/497/961 339/498/962 352/492/963 351/491/964
f 339/498/965 341/495/966 349/489/967 352/492/968
f 353/499/969 354/500/970 356/501/971 355/502/972
f 355/502/973 356/501/974 358/503/975 357/504/976
f 357/504/977 358/503/978 360/505/979 359/506/980
f 359/506/981 360/505/982 354/507/983 353/508/984
f 362/509/985 361/510/986 363/511/987 364/512/988
f 365/513/989 366/514/990 367/515/991 368/516/992
f 354/500/993 360/517/994 361/510/995 362/509/996
f 360/517/997 358/518/998 363/511/999 361/510/1000
f 358/518/1001 356/501/1002 364/512/1003 363/511/1004
f 356/501/1005 354/500/1006 362/509/1007 364/512/1008
f 357/519/1009 359/520/1010 366/514/1011 365/513/1012
f 359/520/1013 353/521/1014 367/515/1015 366/514/1016
f 353/521/1017 355/522/1018 368/516/1019 367/515/1020
f 355/522/1021 357/519/1022 365/513/1023 368/516/1024
f 369/523/1025 370/524/1026 372/525/1027 371/526/1028
f 371/526/1029 372/525/1030 374/527/1031 373/528/1032
f 373/528/1033 374/527/1034 376/529/1035 375/530/1036
f 375/530/1037 376/529/1038 370/531/1039 369/532/1040
f 378/533/1041 377/534/1042 379/535/1043 380/536/1044
f 381/537/1045 382/538/1046 383/539/1047 384/540/1048
f 370/524/1049 376/541/1050 377/534/1051 378/533/1052
f 376/541/1053 374/542/1054 379/535/1055 377/534/1056
f 374/542/1057 372/525/1058 380/536/1059 379/535/1060
f 372/525/1061 370/524/1062 378/533/1063 380/536/1064
f 373/543/1065 375/544/1066 382/538/1067 381/537/1068
f 375/544/1069 369/545/1070 383/539/1071 382/538/1072
f 369/545/1073 371/546/1074 384/540/1075 383/539/1076
f 371/546/1077 373/543/1078 381/537/1079 384/540/1080
f 385/547/1081 386/548/1082 388/549/1083 387/550/1084
f 387/550/1085 388/549/1086 390/551/1087 389/552/1088
f 389/552/1089 390/551/1090 392/553/1091 391/554/1092
f 391/554/1093 392/553/1094 386/555/1095 385/556/1096
f 394/557/1097 393/558/1098 395/559/1099 396/560/1100
f 397/561/1101 398/562/1102 399/563/1103 400/564/1104
f 386/548/1105 392/565/1106 393/558/1107 394/557/1108
f 392/565/1109 390/566/1110 395/559/1111 393/558/1112
f 390/566/1113 388/549/1114 396/560/1115 395/559/1116
f 388/549/1117 386/548/1118 394/557/1119 396/560/1120
f 389/567/1121 391/568/1122 398/562/1123 397/561/1124
f 391/568/1125 385/569/1126 399/563/1127 398/562/1128
f 385/569/1129 387/570/1130 400/564/1131 399/563/1132
f 387/570/1133 389/567/1134 397/561/1135 400/564/1136
f 401/571/1137 402/572/1138 404/573/1139 403/574/1140
f 403/574/1141 404/573/1142 406/575/1143 405/576/1144
f 405/576/1145 406/575/1146 408/577/1147 407/578/1148
f 407/578/1149 408/577/1150 402/579/1151 401/580/1152
f 410/581/1153 409/582/1154 411/583/1155 412/584/1156
f 413/585/1157 414/586/1158 415/587/1159 416/588/1160
f 402/572/1161 408/589/1162 409/582/1163 410/581/1164
f 408/589/1165 406/590/1166 411/583/1167 409/582/1168
f 406/590/1169 404/573/1170 412/584/1171 411/583/1172
f 404/573/1173 402/572/1174 410/581/1175 412/584/1176
f 405/591/1177 407/592/1178 414/586/1179 413/585/1180
f 407/592/1181 401/593/1182 415/587/1183 414/586/1184
f 401/593/1185 403/594/1186 416/588/1187 415/587/1188
f 403/594/1189 405/591/1190 413/585/1191 416/588/1192
f 417/595/1193 418/596/1194 420/597/1195 419/598/1196
f 419/598/1197 420/597/1198 422/599/1199 421/600/1200
f 421/600/1201 422/599/1202 424/601/1203 423/602/1204
f 429/603/1205 430/604/1206 431/605/1207 432/606/1208
f 418/596/1209 424/607/1210 422/608/1211 420/597/1212
f 423/609/1213 417/595/1214 419/598/1215 421/610/1216
f 423/602/1217 424/601/1218 426/611/1219 425/612/1220
f 424/601/1221 418/613/1222 427/614/1223 426/611/1224
f 418/613/1225 417/615/1226 428/616/1227 427/614/1228
f 417/615/1229 423/602/1230 425/612/1231 428/616/1232
f 425/612/1233 426/611/1234 430/604/1235 429/603/1236
f 426/611/1237 427/614/1238 431/605/1239 430/604/1240
f 427/614/1241 428/616/1242 432/606/1243 431/605/1244
f 428/616/1245 425/612/1246 429/603/1247 432/606/1248
f 433/617/1249 434/618/1250 436/619/1251 435/620/1252
f 435/620/1253 436/619/1254 438/621/1255 437/622/1256
f 437/622/1257 438/621/1258 440/623/1259 439/624/1260
f 439/624/1261 440/623/1262 434/625/1263 433/626/1264
f 442/627/1265 441/628/1266 443/629/1267 444/630/1268
f 445/631/1269 446/632/1270 447/633/1271 448/634/1272
f 434/618/1273 440/635/1274 441/628/1275 442/627/1276
f 440/635/1277 438/636/1278 443/629/1279 441/628/1280
f 438/636/1281 436/619/1282 444/630/1283 443/629/1284
f 436/619/1285 434/618/1286 442/627/1287 444/630/1288
f 437/637/1289 439/638/1290 446/632/1291 445/631/1292
f 439/638/1293 433/639/1294 447/633/1295 446/632/1296
f 433/639/1297 435/640/1298 448/634/1299 447/633/1300
f 435/640/1301 437/637/1302 445/631/1303 448/634/1304
f 449/641/1305 450/642/1306 452/643/1307 451/644/1308
f 451/644/1309 452/643/1310 454/645/1311 453/646/1312
f 453/646/1313 454/645/1314 456/647/1315 455/648/1316
f 455/648/1317 456/647/1318 450/649/1319 449/650/1320
f 458/651/1321 457/652/1322 459/653/1323 460/654/1324
f 461/655/1325 462/656/1326 463/657/1327 464/658/1328
f 450/642/1329 456/659/1330 457/652/1331 458/651/1332
f 456/659/1333 454/660/1334 459/653/1335 457/652/1336
f 454/660/1337 452/643/1338 460/654/1339 459/653/1340
f 452/643/1341 450/642/1342 458/651/1343 460/654/1344
f 453/661/1345 455/662/1346 462/656/1347 461/655/1348
f 455/662/1349 449/663/1350 463/657/1351 462/656/1352
f 449/663/1353 451/664/1354 464/658/1355 463/657/1356
f 451/664/1357 453/661/1358 461/655/1359 464/658/1360
f 465/665/1361 466/666/1362 468/667/1363 467/668/1364
f 467/668/1365 468/667/1366 470/669/1367 469/670/1368
f 469/670/1369 470/669/1370 472/671/1371 471/672/1372
f 471/672/1373 472/671/1374 466/673/1375 465/674/1376
f 474/675/1377 473/676/1378 475/677/1379 476/678/1380
f 477/679/1381 478/680/1382 479/681/1383 480/682/1384
f 466/666/1385 472/683/1386 473/676/1387 474/675/1388
f 472/683/1389 470/684/1390 475/677/1391 473/676/1392
f 470/684/1393 468/667/1394 476/678/1395 475/677/1396
f 468/667/1397 466/666/1398 474/675/1399 476/678/1400
f 469/685/1401 471/686/1402 478/680/1403 477/679/1404
f 471/686/1405 465/687/1406 479/681/1407 478/680/1408
f 465/687/1409 467/688/1410 480/682/1411 479/681/1412
f 467/688/1413 469/685/1414 477/679/1415 480/682/1416
f 481/689/1417 482/690/1418 484/691/1419 483/692/1420
f 483/692/1421 484/691/1422 486/693/1423 485/694/1424
f 485/694/1425 486/693/1426 488/695/1427 487/696/1428
f 487/696/1429 488/695/1430 482/697/1431 481/698/1432
f 490/699/1433 489/700/1434 491/701/1435 492/702/1436
f 493/703/1437 494/704/1438 495/705/1439 496/706/1440
f 482/690/1441 488/707/1442 489/700/1443 490/699/1444
f 488/707/1445 486/708/1446 491/701/1447 489/700/1448
f 486/708/1449 484/691/1450 492/702/1451 491/701/1452
f 484/691/1453 482/690/1454 490/699/1455 492/702/1456
f 485/709/1457 487/710/1458 494/704/1459 493/703/1460
f 487/710/1461 481/711/1462 495/705/1463 494/704/1464
f 481/711/1465 483/712/1466 496/706/1467 495/705/1468
f 483/712/1469 485/709/1470 493/703/1471 496/706/1472
f 497/713/1473 498/714/1474 500/715/1475 499/716/1476
f 499/716/1477 500/715/1478 502/717/1479 501/718/1480
f 501/718/1481 502/717/1482 504/719/1483 503/720/1484
f 503/720/1485 504/719/1486 498/721/1487 497/722/1488
f 506/723/1489 505/724/1490 507/725/1491 508/726/1492
f 509/727/1493 510/728/1494 511/729/1495 512/730/1496
f 498/714/1497 504/731/1498 505/724/1499 506/723/1500
f 504/731/1501 502/732/1502 507/725/1503 505/724/1504
f 502/732/1505 500/715/1506 508/726/1507 507/725/1508
f 500/715/1509 498/714/1510 506/723/1511 508/726/1512
f 501/733/1513 503/734/1514 510/728/1515 509/727/1516
f 503/734/1517 497/735/1518 511/729/1519 510/728/1520
f 497/735/1521 499/736/1522 512/730/1523 511/729/1524
f 499/736/1525 501/733/1526 509/727/1527 512/730/1528
f 513/737/1529 514/738/1530 516/739/1531 515/740/1532
f 515/740/1533 516/739/1534 518/741/1535 517/742/1536
f 517/742/1537 518/741/1538 520/743/1539 519/744/1540
f 519/744/1541 520/743/1542 514/745/1543 513/746/1544
f 522/747/1545 521/748/1546 523/749/1547 524/750/1548
f 525/751/1549 526/752/1550 527/753/1551 528/754/1552
f 514/738/1553 520/755/1554 521/748/1555 522/747/1556
f 520/755/1557 518/756/1558 523/749/1559 521/748/1560
f 518/756/1561 516/739/1562 524/750/1563 523/749/1564
f 516/739/1565 514/738/1566 522/747/1567 524/750/1568
f 517/757/1569 519/758/1570 526/752/1571 525/751/1572
f 519/758/1573 513/759/1574 527/753/1575 526/752/1576
f 513/759/1577 515/760/1578 528/754/1579 527/753/1580
f 515/760/1581 517/757/1582 525/751/1583 528/754/1584
f 529/761/1585 530/762/1586 532/763/1587 531/764/1588
f 531/764/1589 532/763/1590 534/765/1591 533/766/1592
f 533/766/1593 534/765/1594 536/767/1595 535/768/1596
f 535/768/1597 536/767/1598 530/769/1599 529/770/1600
f 538/771/1601 537/772/1602 539/773/1603 540/774/1604
f 541/775/1605 542/776/1606 543/777/1607 544/778/1608
f 530/762/1609 536/779/1610 537/772/1611 538/771/1612
f 536/779/1613 534/780/1614 539/773/1615 537/772/1616
f 534/780/1617 532/763/1618 540/774/1619 539/773/1620
f 532/763/1621 530/762/1622 538/771/1623 540/774/1624
f 533/781/1625 535/782/1626 542/776/1627 541/775/1628
f 535/782/1629 529/783/1630 543/777/1631 542/776/1632
f 529/783/1633 531/784/1634 544/778/1635 543/777/1636
f 531/784/1637 533/781/1638 541/775/1639 544/778/1640
f 545/785/1641 546/786/1642 548/787/1643 547/788/1644
f 547/788/1645 548/787/1646 550/789/1647 549/790/1648
f 549/790/1649 550/789/1650 552/791/1651 551/792/1652
f 551/792/1653 552/791/1654 546/793/1655 545/794/1656
f 554/795/1657 553/796/1658 555/797/1659 556/798/1660
f 557/799/1661 558/800/1662 559/801/1663 560/802/1664
f 546/786/1665 552/803/1666 553/796/1667 554/795/1668
f 552/803/1669 550/804/1670 555/797/1671 553/796/1672
f 550/804/1673 548/787/1674 556/798/1675 555/797/1676
f 548/787/1677 546/786/1678 554/795/1679 556/798/1680
f 549/805/1681 551/806/1682 558/800/1683 557/799/1684
f 551/806/1685 545/807/1686 559/801/1687 558/800/1688
f 545/807/1689 547/808/1690 560/802/1691 559/801/1692
f 547/808/1693 549/805/1694 557/799/1695 560/802/1696
f 561/809/1697 562/810/1698 564/811/1699 563/812/1700
f 563/812/1701 564/811/1702 566/813/1703 565/814/1704
f 565/814/1705 566/813/1706 568/815/1707 567/816/1708
f 567/816/1709 568/815/1710 562/817/1711 561/818/1712
f 570/819/1713 569/820/1714 571/821/1715 572/822/1716
f 573/823/1717 574/824/1718 575/825/1719 576/826/1720
f 562/810/1721 568/827/1722 569/820/1723 570/819/1724
f 568/827/1725 566/828/1726 571/821/1727 569/820/1728
f 566/828/1729 564/811/1730 572/822/1731 571/821/1732
f 564/811/1733 562/810/1734 570/819/1735 572/822/1736
f 565/829/1737 567/830/1738 574/824/1739 573/823/1740
f 567/830/1741 561/831/1742 575/825/1743 574/824/1744
f 561/831/1745 563/832/1746 576/826/1747 575/825/1748
f 563/832/1749 565/829/1750 573/823/1751 576/826/1752
f 577/833/1753 578/834/1754 580/835/1755 579/836/1756
f 579/836/1757 580/835/1758 582/837/1759 581/838/1760
f 581/838/1761 582/837/1762 584/839/1763 583/840/1764
f 583/840/1765 584/839/1766 578/841/1767 577/842/1768
f 586/843/1769 585/844/1770 587/845/1771 588/846/1772
f 589/847/1773 590/848/1774 591/849/1775 592/850/1776
f 578/834/1777 584/851/1778 585/844/1779 586/843/1780
f 584/851/1781 582/852/1782 587/845/1783 585/844/1784
f 582/852/1785 580/835/1786 588/846/1787 587/845/1788
f 580/835/1789 578/834/1790 586/843/1791 588/846/1792
f 581/853/1793 583/854/1794 590/848/1795 589/847/1796
f 583/854/1797 577/855/1798 591/849/1799 590/848/1800
f 577/855/1801 579/856/1802 592/850/1803 591/849/1804
f 579/856/1805 581/853/1806 589/847/1807 592/850/1808
f 593/857/1809 594/858/1810 596/859/1811 595/860/1812
f 595/860/1813 596/859/1814 598/861/1815 597/862/1816
f 597/862/1817 598/861/1818 600/863/1819 599/864/1820
f 599/864/1821 600/863/1822 594/865/1823 593/866/1824
f 602/867/1825 601/868/1826 603/869/1827 604/870/1828
f 605/871/1829 606/872/1830 607/873/1831 608/874/1832
f 594/858/1833 600/875/1834 601/868/1835 602/867/1836
f 600/875/1837 598/876/1838 603/869/1839 601/868/1840
f 598/876/1841 596/859/1842 604/870/1843 603/869/1844
f 596/859/1845 594/858/1846 602/867/1847 604/870/1848
f 597/877/1849 599/878/1850 606/872/1851 605/871/1852
f 599/878/1853 593/879/1854 607/873/1855 606/872/1856
f 593/879/1857 595/880/1858 608/874/1859 607/873/1860
f 595/880/1861 597/877/1862 605/871/1863 608/874/1864
f 609/881/1865 610/882/1866 612/883/1867 611/884/1868
f 611/884/1869 612/883/1870 614/885/1871 613/886/1872
f 613/886/1873 614/885/1874 616/887/1875 615/888/1876
f 615/888/1877 616/887/1878 610/889/1879 609/890/1880
f 618/891/1881 617/892/1882 619/893/1883 620/894/1884
f 621/895/1885 622/896/1886 623/897/1887 624/898/1888
f 610/882/1889 616/899/1890 617/892/1891 618/891/1892
f 616/899/1893 614/900/1894 619/893/1895 617/892/1896
f 614/900/1897 612/883/1898 620/894/1899 619/893/1900
f 612/883/1901 610/882/1902 618/891/1903 620/894/1904
f 613/901/1905 615/902/1906 622/896/1907 621/895/1908
f 615/902/1909 609/903/1910 623/897/1911 622/896/1912
f 609/903/1913 611/904/1914 624/898/1915 623/897/1916
f 611/904/1917 613/901/1918 621/895/1919 624/898/1920
f 625/905/1921 626/906/1922 628/907/1923 627/908/1924
f 627/908/1925 628/907/1926 630/909/1927 629/910/1928
f 629/910/1929 630/909/1930 632/911/1931 631/912/1932
f 631/912/1933 632/911/1934 626/913/1935 625/914/1936
f 634/915/1937 633/916/1938 635/917/1939 636/918/1940
f 637/919/1941 638/920/1942 639/921/1943 640/922/1944
f 626/906/1945 632/923/1946 633/916/1947 634/915/1948
f 632/923/1949 630/924/1950 635/917/1951 633/916/1952
f 630/924/1953 628/907/1954 636/918/1955 635/917/1956
f 628/907/1957 626/906/1958 634/915/1959 636/918/1960
f 629/925/1961 631/926/1962 638/920/1963 637/919/1964
f 631/926/1965 625/927/1966 639/921/1967 638/920/1968
f 625/927/1969 627/928/1970 640/922/1971 639/921/1972
f 627/928/1973 629/925/1974 637/919/1975 640/922/1976
f 641/929/1977 642/930/1978 644/931/1979 643/932/1980
f 643/932/1981 644/931/1982 646/933/1983 645/934/1984
f 645/934/1985 646/933/1986 648/935/1987 647/936/1988
f 647/936/1989 648/935/1990 642/937/1991 641/938/1992
f 650/939/1993 649/940/1994 651/941/1995 652/942/1996
f 653/943/1997 654/944/1998 655/945/1999 656/946/2000
f 642/930/2001 648/947/2002 649/940/2003 650/939/2004
f 648/947/2005 646/948/2006 651/941/2007 649/940/2008
f 646/948/2009 644/931/2010 652/942/2011 651/941/2012
f 644/931/2013 642/930/2014 650/939/2015 652/942/2016
f 645/949/2017 647/950/2018 654/944/2019 653/943/2020
f 647/950/2021 641/951/2022 655/945/2023 654/944/2024
f 641/951/2025 643/952/2026 656/946/2027 655/945/2028
f 643/952/2029 645/949/2030 653/943/2031 656/946/2032
f 657/953/2033 658/954/2034 660/955/2035 659/956/2036
f 659/956/2037 660/955/2038 662/957/2039 661/958/2040
f 661/958/2041 662/957/2042 664/959/2043 663/960/2044
f 663/960/2045 664/959/2046 658/961/2047 657/962/2048
f 666/963/2049 665/964/2050 667/965/2051 668/966/2052
f 669/967/2053 670/968/2054 671/969/2055 672/970/2056
f 658/954/2057 664/971/2058 665/964/2059 666/963/2060
f 664/971/2061 662/972/2062 667/965/2063 665/964/2064
f 662/972/2065 660/955/2066 668/966/2067 667/965/2068
f 660/955/2069 658/954/2070 666/963/2071 668/966/2072
f 661/973/2073 663/974/2074 670/968/2075 669/967/2076
f 663/974/2077 657/975/2078 671/969/2079 670/968/2080
f 657/975/2081 659/976/2082 672/970/2083 671/969/2084
f 659/976/2085 661/973/2086 669/967/2087 672/970/2088
f 673/977/2089 674/978/2090 676/979/2091 675/980/2092
f 675/980/2093 676/979/2094 678/981/2095 677/982/2096
f 677/982/2097 678/981/2098 680/983/2099 679/984/2100
f 679/984/2101 680/983/2102 674/985/2103 673/986/2104
f 682/987/2105 681/988/2106 683/989/2107 684/990/2108
f 685/991/2109 686/992/2110 687/993/2111 688/994/2112
f 674/978/2113 680/995/2114 681/988/2115 682/987/2116
f 680/995/2117 678/996/2118 683/989/2119 681/988/2120
f 678/996/2121 676/979/2122 684/990/2123 683/989/2124
f 676/979/2125 674/978/2126 682/987/2127 684/990/2128
f 677/997/2129 679/998/2130 686/992/2131 685/991/2132
f 679/998/2133 673/999/2134 687/993/2135 686/992/2136
f 673/999/2137 675/1000/2138 688/994/2139 687/993/2140
f 675/1000/2141 677/997/2142 685/991/2143 688/994/2144
f 689/1001/2145 690/1002/2146 692/1003/2147 691/1004/2148
f 691/1004/2149 692/1003/2150 694/1005/2151 693/1006/2152
f 693/1006/2153 694/1005/2154 696/1007/2155 695/1008/2156
f 695/1008/2157 696/1007/2158 690/1009/2159 689/1010/2160
f 698/1011/2161 697/1012/2162 699/1013/2163 700/1014/2164
f 701/1015/2165 702/1016/2166 703/1017/2167 704/1018/2168
f 690/1002/2169 696/1019/2170 697/1012/2171 698/1011/2172
f 696/1019/2173 694/1020/2174 699/1013/2175 697/1012/2176
f 694/1020/2177 692/1003/2178 700/1014/2179 699/1013/2180
f 692/1003/2181 690/1002/2182 698/1011/2183 700/1014/2184
f 693/1021/2185 695/1022/2186 702/1016/2187 701/1015/2188
f 695/1022/2189 689/1023/2190 703/1017/2191 702/1016/2192
f 689/1023/2193 691/1024/2194 704/1018/2195 703/1017/2196
f 691/1024/2197 693/1021/2198 701/1015/2199 704/1018/2200
f 705/1025/2201 706/1026/2202 708/1027/2203 707/1028/2204
f 707/1028/2205 708/1027/2206 710/1029/2207 709/1030/2208
f 709/1030/2209 710/1029/2210 712/1031/2211 711/1032/2212
f 711/1032/2213 712/1031/2214 706/1033/2215 705/1034/2216
f 706/1026/2217 712/1035/2218 710/1036/2219 708/1027/2220
f 711/1037/2221 705/1025/2222 707/1028/2223 709/1038/2224
f 713/1039/2225 714/1040/2226 716/1041/2227 715/1042/2228
f 715/1042/2229 716/1041/2230 718/1043/2231 717/1044/2232
f 717/1044/2233 718/1043/2234 720/1045/2235 719/1046/2236
f 719/1046/2237 720/1045/2238 714/1047/2239 713/1048/2240
f 722/1049/2241 721/1050/2242 723/1051/2243 724/1052/2244
f 725/1053/2245 726/1054/2246 727/1055/2247 728/1056/2248
f 714/1040/2249 720/1057/2250 721/1050/2251 722/1049/2252
f 720/1057/2253 718/1058/2254 723/1051/2255 721/1050/2256
f 718/1058/2257 716/1041/2258 724/1052/2259 723/1051/2260
f 716/1041/2261 714/1040/2262 722/1049/2263 724/1052/2264
f 717/1059/2265 719/1060/2266 726/1054/2267 725/1053/2268
f 719/1060/2269 713/1061/2270 727/1055/2271 726/1054/2272
f 713/1061/2273 715/1062/2274 728/1056/2275 727/1055/2276
f 715/1062/2277 717/1059/2278 725/1053/2279 728/1056/2280
f 729/1063/2281 730/1064/2282 732/1065/2283 731/1066/2284
f 731/1066/2285 732/1065/2286 734/1067/2287 733/1068/2288
f 733/1068/2289 734/1067/2290 736/1069/2291 735/1070/2292
f 735/1070/2293 736/1069/2294 730/1071/2295 729/1072/2296
f 738/1073/2297 737/1074/2298 739/1075/2299 740/1076/2300
f 741/1077/2301 742/1078/2302 743/1079/2303 744/1080/2304
f 730/1064/2305 736/1081/2306 737/1074/2307 738/1073/2308
f 736/1081/2309 734/1082/2310 739/1075/2311 737/1074/2312
f 734/1082/2313 732/1065/2314 740/1076/2315 739/1075/2316
f 732/1065/2317 730/1064/2318 738/1073/2319 740/1076/2320
f 733/1083/2321 735/1084/2322 742/1078/2323 741/1077/2324
f 735/1084/2325 729/1085/2326 743/1079/2327 742/1078/2328
f 729/1085/2329 731/1086/2330 744/1080/2331 743/1079/2332
f 731/1086/2333 733/1083/2334 741/1077/2335 744/1080/2336
f 745/1087/2337 746/1088/2338 748/1089/2339 747/1090/2340
f 747/1090/2341 748/1089/2342 750/1091/2343 749/1092/2344
f 749/1092/2345 750/1091/2346 752/1093/2347 751/1094/2348
f 751/1094/2349 752/1093/2350 746/1095/2351 745/1096/2352
f 754/1097/2353 753/1098/2354 755/1099/2355 756/1100/2356
f 757/1101/2357 758/1102/2358 759/1103/2359 760/1104/2360
f 746/1088/2361 752/1105/2362 753/1098/2363 754/1097/2364
f 752/1105/2365 750/1106/2366 755/1099/2367 753/1098/2368
f 750/1106/2369 748/1089/2370 756/1100/2371 755/1099/2372
f 748/1089/2373 746/1088/2374 754/1097/2375 756/1100/2376
f 749/1107/2377 751/1108/2378 758/1102/2379 757/1101/2380
f 751/1108/2381 745/1109/2382 759/1103/2383 758/1102/2384
f 745/1109/2385 747/1110/2386 760/1104/2387 759/1103/2388
f 747/1110/2389 749/1107/2390 757/1101/2391 760/1104/2392
f 761/1111/2393 762/1112/2394 764/1113/2395 763/1114/2396
f 763/1114/2397 764/1113/2398 766/1115/2399 765/1116/2400
f 765/1116/2401 766/1115/2402 768/1117/2403 767/1118/2404
f 767/1118/2405 768/1117/2406 762/1119/2407 761/1120/2408
f 770/1121/2409 769/1122/2410 771/1123/2411 772/1124/2412
f 773/1125/2413 774/1126/2414 775/1127/2415 776/1128/2416
f 762/1112/2417 768/1129/2418 769/1122/2419 770/1121/2420
f 768/1129/2421 766/1130/2422 771/1123/2423 769/1122/2424
f 766/1130/2425 764/1113/2426 772/1124/2427 771/1123/2428
f 764/1113/2429 762/1112/2430 770/1121/2431 772/1124/2432
f 765/1131/2433 767/1132/2434 774/1126/2435 773/1125/2436
f 767/1132/2437 761/1133/2438 775/1127/2439 774/1126/2440
f 761/1133/2441 763/1134/2442 776/1128/2443 775/1127/2444
f 763/1134/2445 765/1131/2446 773/1125/2447 776/1128/2448
f 777/1135/2449 778/1136/2450 780/1137/2451 779/1138/2452
f 779/1138/2453 780/1137/2454 782/1139/2455 781/1140/2456
f 781/1140/2457 782/1139/2458 784/1141/2459 783/1142/2460
f 783/1142/2461 784/1141/2462 778/1143/2463 777/1144/2464
f 786/1145/2465 785/1146/2466 787/1147/2467 788/1148/2468
f 789/1149/2469 790/1150/2470 791/1151/2471 792/1152/2472
f 778/1136/2473 784/1153/2474 785/1146/2475 786/1145/2476
f 784/1153/2477 782/1154/2478 787/1147/2479 785/1146/2480
f 782/1154/2481 780/1137/2482 788/1148/2483 787/1147/2484
f 780/1137/2485 778/1136/2486 786/1145/2487 788/1148/2488
f 781/1155/2489 783/1156/2490 790/1150/2491 789/1149/2492
f 783/1156/2493 777/1157/2494 791/1151/2495 790/1150/2496
f 777/1157/2497 779/1158/2498 792/1152/2499 791/1151/2500
f 779/1158/2501 781/1155/2502 789/1149/2503 792/1152/2504
f 793/1159/2505 794/1160/2506 796/1161/2507 795/1162/2508
f 795/1162/2509 796/1161/2510 798/1163/2511 797/1164/2512
f 797/1164/2513 798/1163/2514 800/1165/2515 799/1166/2516
f 799/1166/2517 800/1165/2518 794/1167/2519 793/1168/2520
f 802/1169/2521 801/1170/2522 803/1171/2523 804/1172/2524
f 805/1173/2525 806/1174/2526 807/1175/2527 808/1176/2528
f 794/1160/2529 800/1177/2530 801/1170/2531 802/1169/2532
f 800/1177/2533 798/1178/2534 803/1171/2535 801/1170/2536
f 798/1178/2537 796/1161/2538 804/1172/2539 803/1171/2540
f 796/1161/2541 794/1160/2542 802/1169/2543 804/1172/2544
f 797/1179/2545 799/1180/2546 806/1174/2547 805/1173/2548
f 799/1180/2549 793/1181/2550 807/1175/2551 806/1174/2552
f 793/1181/2553 795/1182/2554 808/1176/2555 807/1175/2556
f 795/1182/2557 797/1179/2558 805/1173/2559 808/1176/2560
f 809/1183/2561 810/1184/2562 812/1185/2563 811/1186/2564
f 811/1186/2565 812/1185/2566 814/1187/2567 813/1188/2568
f 813/1188/2569 814/1187/2570 816/1189/2571 815/1190/2572
f 815/1190/2573 816/1189/2574 810/1191/2575 809/1192/2576
f 818/1193/2577 817/1194/2578 819/1195/2579 820/1196/2580
f 821/1197/2581 822/1198/2582 823/1199/2583 824/1200/2584
f 810/1184/2585 816/1201/2586 817/1194/2587 818/1193/2588
f 816/1201/2589 814/1202/2590 819/1195/2591 817/1194/2592
f 814/1202/2593 812/1185/2594 820/1196/2595 819/1195/2596
f 812/1185/2597 810/1184/2598 818/1193/2599 820/1196/2600
f 813/1203/2601 815/1204/2602 822/1198/2603 821/1197/2604
f 815/1204/2605 809/1205/2606 823/1199/2607 822/1198/2608
f 809/1205/2609 811/1206/2610 824/1200/2611 823/1199/2612
f 811/1206/2613 813/1203/2614 821/1197/2615 824/1200/2616
f 825/1207/2617 826/1208/2618 828/1209/2619 827/1210/2620
f 827/1210/2621 828/1209/2622 830/1211/2623 829/1212/2624
f 829/1212/2625 830/1211/2626 832/1213/2627 831/1214/2628
f 831/1214/2629 832/1213/2630 826/1215/2631 825/1216/2632
f 834/1217/2633 833/1218/2634 835/1219/2635 836/1220/2636
f 837/1221/2637 838/1222/2638 839/1223/2639 840/1224/2640
f 826/1208/2641 832/1225/2642 833/1218/2643 834/1217/2644
f 832/1225/2645 830/1226/2646 835/1219/2647 833/1218/2648
f 830/1226/2649 828/1209/2650 836/1220/2651 835/1219/2652
f 828/1209/2653 826/1208/2654 834/1217/2655 836/1220/2656
f 829/1227/2657 831/1228/2658 838/1222/2659 837/1221/2660
f 831/1228/2661 825/1229/2662 839/1223/2663 838/1222/2664
f 825/1229/2665 827/1230/2666 840/1224/2667 839/1223/2668
f 827/1230/2669 829/1227/2670 837/1221/2671 840/1224/2672
f 841/1231/2673 842/1232/2674 844/1233/2675 843/1234/2676
f 843/1234/2677 844/1233/2678 846/1235/2679 845/1236/2680
f 845/1236/2681 846/1235/2682 848/1237/2683 847/1238/2684
f 847/1238/2685 848/1237/2686 842/1239/2687 841/1240/2688
f 850/1241/2689 849/1242/2690 851/1243/2691 852/1244/2692
f 853/1245/2693 854/1246/2694 855/1247/2695 856/1248/2696
f 842/1232/2697 848/1249/2698 849/1242/2699 850/1241/2700
f 848/1249/2701 846/1250/2702 851/1243/2703 849/1242/2704
f 846/1250/2705 844/1233/2706 852/1244/2707 851/1243/2708
f 844/1233/2709 842/1232/2710 850/1241/2711 852/1244/2712
f 845/1251/2713 847/1252/2714 854/1246/2715 853/1245/2716
f 847/1252/2717 841/1253/2718 855/1247/2719 854/1246/2720
f 841/1253/2721 843/1254/2722 856/1248/2723 855/1247/2724
f 843/1254/2725 845/1251/2726 853/1245/2727 856/1248/2728
f 857/1255/2729 858/1256/2730 860/1257/2731 859/1258/2732
f 859/1258/2733 860/1257/2734 862/1259/2735 861/1260/2736
f 861/1260/2737 862/1259/2738 864/1261/2739 863/1262/2740
f 863/1262/2741 864/1261/2742 858/1263/2743 857/1264/2744
f 866/1265/2745 865/1266/2746 867/1267/2747 868/1268/2748
f 869/1269/2749 870/1270/2750 871/1271/2751 872/1272/2752
f 858/1256/2753 864/1273/2754 865/1266/2755 866/1265/2756
f 864/1273/2757 862/1274/2758 867/1267/2759 865/1266/2760
f 862/1274/2761 860/1257/2762 868/1268/2763 867/1267/2764
f 860/1257/2765 858/1256/2766 866/1265/2767 868/1268/2768
f 861/1275/2769 863/1276/2770 870/1270/2771 869/1269/2772
f 863/1276/2773 857/1277/2774 871/1271/2775 870/1270/2776
f 857/1277/2777 859/1278/2778 872/1272/2779 871/1271/2780
f 859/1278/2781 861/1275/2782 869/1269/2783 872/1272/2784
f 873/1279/2785 874/1280/2786 876/1281/2787 875/1282/2788
f 875/1282/2789 876/1281/2790 878/1283/2791 877/1284/2792
f 877/1284/2793 878/1283/2794 880/1285/2795 879/1286/2796
f 879/1286/2797 880/1285/2798 874/1287/2799 873/1288/2800
f 882/1289/2801 881/1290/2802 883/1291/2803 884/1292/2804
f 885/1293/2805 886/1294/2806 887/1295/2807 888/1296/2808
f 874/1280/2809 880/1297/2810 881/1290/2811 882/1289/2812
f 880/1297/2813 878/1298/2814 883/1291/2815 881/1290/2816
f 878/1298/2817 876/1281/2818 884/1292/2819 883/1291/2820
f 876/1281/2821 874/1280/2822 882/1289/2823 884/1292/2824
f 877/1299/2825 879/1300/2826 886/1294/2827 885/1293/2828
f 879/1300/2829 873/1301/2830 887/1295/2831 886/1294/2832
f 873/1301/2833 875/1302/2834 888/1296/2835 887/1295/2836
f 875/1302/2837 877/1299/2838 885/1293/2839 888/1296/2840
f 889/1303/2841 890/1304/2842 892/1305/2843 891/1306/2844
f 891/1306/2845 892/1305/2846 894/1307/2847 893/1308/2848
f 893/1308/2849 894/1307/2850 896/1309/2851 895/1310/2852
f 895/1310/2853 896/1309/2854 890/1311/2855 889/1312/2856
f 898/1313/2857 897/1314/2858 899/1315/2859 900/1316/2860
f 901/1317/2861 902/1318/2862 903/1319/2863 904/1320/2864
f 890/1304/2865 896/1321/2866 897/1314/2867 898/1313/2868
f 896/1321/2869 894/1322/2870 899/1315/2871 897/1314/2872
f 894/1322/2873 892/1305/2874 900/1316/2875 899/1315/2876
f 892/1305/2877 890/1304/2878 898/1313/2879 900/1316/2880
f 893/1323/2881 895/1324/2882 902/1318/2883 901/1317/2884
f 895/1324/2885 889/1325/2886 903/1319/2887 902/1318/2888
f 889/1325/2889 891/1326/2890 904/1320/2891 903/1319/2892
f 891/1326/2893 893/1323/2894 901/1317/2895 904/1320/2896
f 905/1327/2897 906/1328/2898 908/1329/2899 907/1330/2900
f 907/1330/2901 908/1329/2902 910/1331/2903 909/1332/2904
f 909/1332/2905 910/1331/2906 912/1333/2907 911/1334/2908
f 911/1334/2909 912/1333/2910 906/1335/2911 905/1336/2912
f 914/1337/2913 913/1338/2914 915/1339/2915 916/1340/2916
f 917/1341/2917 918/1342/2918 919/1343/2919 920/1344/2920
f 906/1328/2921 912/1345/2922 913/1338/2923 914/1337/2924
f 912/1345/2925 910/1346/2926 915/1339/2927 913/1338/2928
f 910/1346/2929 908/1329/2930 916/1340/2931 915/1339/2932
f 908/1329/2933 906/1328/2934 914/1337/2935 916/1340/2936
f 909/1347/2937 911/1348/2938 918/1342/2939 917/1341/2940
f 911/1348/2941 905/1349/2942 919/1343/2943 918/1342/2944
f 905/1349/2945 907/1350/2946 920/1344/2947 919/1343/2948
f 907/1350/2949 909/1347/2950 917/1341/2951 920/1344/2952
f 921/1351/2953 922/1352/2954 924/1353/2955 923/1354/2956
f 923/1354/2957 924/1353/2958 926/1355/2959 925/1356/2960
f 925/1356/2961 926/1355/2962 928/1357/2963 927/1358/2964
f 927/1358/2965 928/1357/2966 922/1359/2967 921/1360/2968
f 930/1361/2969 929/1362/2970 931/1363/2971 932/1364/2972
f 933/1365/2973 934/1366/2974 935/1367/2975 936/1368/2976
f 922/1352/2977 928/1369/2978 929/1362/2979 930/1361/2980
f 928/1369/2981 926/1370/2982 931/1363/2983 929/1362/2984
f 926/1370/2985 924/1353/2986 932/1364/2987 931/1363/2988
f 924/1353/2989 922/1352/2990 930/1361/2991 932/1364/2992
f 925/1371/2993 927/1372/2994 934/1366/2995 933/1365/2996
f 927/1372/2997 921/1373/2998 935/1367/2999 934/1366/3000
f 921/1373/3001 923/1374/3002 936/1368/3003 935/1367/3004
f 923/1374/3005 925/1371/3006 933/1365/3007 936/1368/3008
f 937/1375/3009 938/1376/3010 940/1377/3011 939/1378/3012
f 939/1378/3013 940/1377/3014 942/1379/3015 941/1380/3016
f 941/1380/3017 942/1379/3018 944/1381/3019 943/1382/3020
f 943/1382/3021 944/1381/3022 938/1383/3023 937/1384/3024
f 946/1385/3025 945/1386/3026 947/1387/3027 948/1388/3028
f 949/1389/3029 950/1390/3030 951/1391/3031 952/1392/3032
f 938/1376/3033 944/1393/3034 945/1386/3035 946/1385/3036
f 944/1393/3037 942/1394/3038 947/1387/3039 945/1386/3040
f 942/1394/3041 940/1377/3042 948/1388/3043 947/1387/3044
f 940/1377/3045 938/1376/3046 946/1385/3047 948/1388/3048
f 941/1395/3049 943/1396/3050 950/1390/3051 949/1389/3052
f 943/1396/3053 937/1397/3054 951/1391/3055 950/1390/3056
f 937/1397/3057 939/1398/3058 952/1392/3059 951/1391/3060
f 939/1398/3061 941/1395/3062 949/1389/3063 952/1392/3064
f 953/1399/3065 954/1400/3066 956/1401/3067 955/1402/3068
f 955/1402/3069 956/1401/3070 958/1403/3071 957/1404/3072
f 957/1404/3073 958/1403/3074 960/1405/3075 959/1406/3076
f 959/1406/3077 960/1405/3078 954/1407/3079 953/1408/3080
f 960/1409/3081 958/1410/3082 956/1411/3083 954/1412/3084
f 957/1413/3085 959/1414/3086 953/1415/3087 955/1416/3088
f 961/1417/3089 962/1418/3090 964/1419/3091 963/1420/3092
f 963/1420/3093 964/1419/3094 966/1421/3095 965/1422/3096
f 965/1422/3097 966/1421/3098 968/1423/3099 967/1424/3100
f 967/1424/3101 968/1423/3102 962/1425/3103 961/1426/3104
f 970/1427/3105 969/1428/3106 971/1429/3107 972/1430/3108
f 973/1431/3109 974/1432/3110 975/1433/3111 976/1434/3112
f 962/1418/3113 968/1435/3114 969/1428/3115 970/1427/3116
f 968/1435/3117 966/1436/3118 971/1429/3119 969/1428/3120
f 966/1436/3121 964/1419/3122 972/1430/3123 971/1429/3124
f 964/1419/3125 962/1418/3126 970/1427/3127 972/1430/3128
f 965/1437/3129 967/1438/3130 974/1432/3131 973/1431/3132
f 967/1438/3133 961/1439/3134 975/1433/3135 974/1432/3136
f 961/1439/3137 963/1440/3138 976/1434/3139 975/1433/3140
f 963/1440/3141 965/1437/3142 973/1431/3143 976/1434/3144
f 977/1441/3145 978/1442/3146 980/1443/3147 979/1444/3148
f 979/1444/3149 980/1443/3150 982/1445/3151 981/1446/3152
f 981/1446/3153 982/1445/3154 984/1447/3155 983/1448/3156
f 983/1448/3157 984/1447/3158 978/1449/3159 977/1450/3160
f 986/1451/3161 985/1452/3162 987/1453/3163 988/1454/3164
f 989/1455/3165 990/1456/3166 991/1457/3167 992/1458/3168
f 978/1442/3169 984/1459/3170 985/1452/3171 986/1451/3172
f 984/1459/3173 982/1460/3174 987/1453/3175 985/1452/3176
f 982/1460/3177 980/1443/3178 988/1454/3179 987/1453/3180
f 980/1443/3181 978/1442/3182 986/1451/3183 988/1454/3184
f 981/1461/3185 983/1462/3186 990/1456/3187 989/1455/3188
f 983/1462/3189 977/1463/3190 991/1457/3191 990/1456/3192
f 977/1463/3193 979/1464/3194 992/1458/3195 991/1457/3196
f 979/1464/3197 981/1461/3198 989/1455/3199 992/1458/3200
f 993/1465/3201 994/1466/3202 996/1467/3203 995/1468/3204
f 995/1468/3205 996/1467/3206 998/1469/3207 997/1470/3208
f 997/1470/3209 998/1469/3210 1000/1471/3211 999/1472/3212
f 999/1472/3213 1000/1471/3214 994/1473/3215 993/1474/3216
f 1002/1475/3217 1001/1476/3218 1003/1477/3219 1004/1478/3220
f 1005/1479/3221 1006/1480/3222 1007/1481/3223 1008/1482/3224
f 994/1466/3225 1000/1483/3226 1001/1476/3227 1002/1475/3228
f 1000/1483/3229 998/1484/3230 1003/1477/3231 1001/1476/3232
f 998/1484/3233 996/1467/3234 1004/1478/3235 1003/1477/3236
f 996/1467/3237 994/1466/3238 1002/1475/3239 1004/1478/3240
f 997/1485/3241 999/1486/3242 1006/1480/3243 1005/1479/3244
f 999/1486/3245 993/1487/3246 1007/1481/3247 1006/1480/3248
f 993/1487/3249 995/1488/3250 1008/1482/3251 1007/1481/3252
f 995/1488/3253 997/1485/3254 1005/1479/3255 1008/1482/3256
f 1009/1489/3257 1010/1490/3258 1012/1491/3259 1011/1492/3260
f 1011/1492/3261 1012/1491/3262 1014/1493/3263 1013/1494/3264
f 1013/1494/3265 1014/1493/3266 1016/1495/3267 1015/1496/3268
f 1015/1496/3269 1016/1495/3270 1010/1497/3271 1009/1498/3272
f 1018/1499/3273 1017/1500/3274 1019/1501/3275 1020/1502/3276
f 1021/1503/3277 1022/1504/3278 1023/1505/3279 1024/1506/3280
f 1010/1490/3281 1016/1507/3282 1017/1500/3283 1018/1499/3284
f 1016/1507/3285 1014/1508/3286 1019/1501/3287 1017/1500/3288
f 1014/1508/3289 1012/1491/3290 1020/1502/3291 1019/1501/3292
f 1012/1491/3293 1010/1490/3294 1018/1499/3295 1020/1502/3296
f 1013/1509/3297 1015/1510/3298 1022/1504/3299 1021/1503/3300
f 1015/1510/3301 1009/1511/3302 1023/1505/3303 1022/1504/3304
f 1009/1511/3305 1011/1512/3306 1024/1506/3307 1023/1505/3308
f 1011/1512/3309 1013/1509/3310 1021/1503/3311 1024/1506/3312
f 1025/1513/3313 1026/1514/3314 1028/1515/3315 1027/1516/3316
f 1027/1516/3317 1028/1515/3318 1030/1517/3319 1029/1518/3320
f 1029/1518/3321 1030/1517/3322 1032/1519/3323 1031/1520/3324
f 1031/1520/3325 1032/1519/3326 1026/1521/3327 1025/1522/3328
f 1034/1523/3329 1033/1524/3330 1035/1525/3331 1036/1526/3332
f 1037/1527/3333 1038/1528/3334 1039/1529/3335 1040/1530/3336
f 1026/1514/3337 1032/1531/3338 1033/1524/3339 1034/1523/3340
f 1032/1531/3341 1030/1532/3342 1035/1525/3343 1033/1524/3344
f 1030/1532/3345 1028/1515/3346 1036/1526/3347 1035/1525/3348
f 1028/1515/3349 1026/1514/3350 1034/1523/3351 1036/1526/3352
f 1029/1533/3353 1031/1534/3354 1038/1528/3355 1037/1527/3356
f 1031/1534/3357 1025/1535/3358 1039/1529/3359 1038/1528/3360
f 1025/1535/3361 1027/1536/3362 1040/1530/3363 1039/1529/3364
f 1027/1536/3365 1029/1533/3366 1037/1527/3367 1040/1530/3368
f 1041/1537/3369 1042/1538/3370 1044/1539/3371 1043/1540/3372
f 1043/1540/3373 1044/1539/3374 1046/1541/3375 1045/1542/3376
f 1045/1542/3377 1046/1541/3378 1048/1543/3379 1047/1544/3380
f 1047/1544/3381 1048/1543/3382 1042/1545/3383 1041/1546/3384
f 1050/1547/3385 1049/1548/3386 1051/1549/3387 1052/1550/3388
f 1053/1551/3389 1054/1552/3390 1055/1553/3391 1056/1554/3392
f 1042/1538/3393 1048/1555/3394 1049/1548/3395 1050/1547/3396
f 1048/1555/3397 1046/1556/3398 1051/1549/3399 1049/1548/3400
f 1046/1556/3401 1044/1539/3402 1052/1550/3403 1051/1549/3404
f 1044/1539/3405 1042/1538/3406 1050/1547/3407 1052/1550/3408
f 1045/1557/3409 1047/1558/3410 1054/1552/3411 1053/1551/3412
f 1047/1558/3413 1041/1559/3414 1055/1553/3415 1054/1552/3416
f 1041/1559/3417 1043/1560/3418 1056/1554/3419 1055/1553/3420
f 1043/1560/3421 1045/1557/3422 1053/1551/3423 1056/1554/3424
f 1057/1561/3425 1058/1562/3426 1060/1563/3427 1059/1564/3428
f 1059/1564/3429 1060/1563/3430 1062/1565/3431 1061/1566/3432
f 1061/1566/3433 1062/1565/3434 1064/1567/3435 1063/1568/3436
f 1063/1568/3437 1064/1567/3438 1058/1569/3439 1057/1570/3440
f 1066/1571/3441 1065/1572/3442 1067/1573/3443 1068/1574/3444
f 1069/1575/3445 1070/1576/3446 1071/1577/3447 1072/1578/3448
f 1058/1562/3449 1064/1579/3450 1065/1572/3451 1066/1571/3452
f 1064/1579/3453 1062/1580/3454 1067/1573/3455 1065/1572/3456
f 1062/1580/3457 1060/1563/3458 1068/1574/3459 1067/1573/3460
f 1060/1563/3461 1058/1562/3462 1066/1571/3463 1068/1574/3464
f 1061/1581/3465 1063/1582/3466 1070/1576/3467 1069/1575/3468
f 1063/1582/3469 1057/1583/3470 1071/1577/3471 1070/1576/3472
f 1057/1583/3473 1059/1584/3474 1072/1578/3475 1071/1577/3476
f 1059/1584/3477 1061/1581/3478 1069/1575/3479 1072/1578/3480
f 1073/1585/3481 1074/1586/3482 1076/1587/3483 1075/1588/3484
f 1075/1588/3485 1076/1587/3486 1078/1589/3487 1077/1590/3488
f 1077/1590/3489 1078/1589/3490 1080/1591/3491 1079/1592/3492
f 1079/1592/3493 1080/1591/3494 1074/1593/3495 1073/1594/3496
f 1082/1595/3497 1081/1596/3498 1083/1597/3499 1084/1598/3500
f 1085/1599/3501 1086/1600/3502 1087/1601/3503 1088/1602/3504
f 1074/1586/3505 1080/1603/3506 1081/1596/3507 1082/1595/3508
f 1080/1603/3509 1078/1604/3510 1083/1597/3511 1081/1596/3512
f 1078/1604/3513 1076/1587/3514 1084/1598/3515 1083/1597/3516
f 1076/1587/3517 1074/1586/3518 1082/1595/3519 1084/1598/3520
f 1077/1605/3521 1079/1606/3522 1086/1600/3523 1085/1599/3524
f 1079/1606/3525 1073/1607/3526 1087/1601/3527 1086/1600/3528
f 1073/1607/3529 1075/1608/3530 1088/1602/3531 1087/1601/3532
f 1075/1608/3533 1077/1605/3534 1085/1599/3535 1088/1602/3536
f 1089/1609/3537 1090/1610/3538 1092/1611/3539 1091/1612/3540
f 1091/1612/3541 1092/1611/3542 1094/1613/3543 1093/1614/3544
f 1093/1614/3545 1094/1613/3546 1096/1615/3547 1095/1616/3548
f 1095/1616/3549 1096/1615/3550 1090/1617/3551 1089/1618/3552
f 1098/1619/3553 1097/1620/3554 1099/1621/3555 1100/1622/3556
f 1101/1623/3557 1102/1624/3558 1103/1625/3559 1104/1626/3560
f 1090/1610/3561 1096/1627/3562 1097/1620/3563 1098/1619/3564
f 1096/1627/3565 1094/1628/3566 1099/1621/3567 1097/1620/3568
f 1094/1628/3569 1092/1611/3570 1100/1622/3571 1099/1621/3572
f 1092/1611/3573 1090/1610/3574 1098/1619/3575 1100/1622/3576
f 1093/1629/3577 1095/1630/3578 1102/1624/3579 1101/1623/3580
f 1095/1630/3581 1089/1631/3582 1103/1625/3583 1102/1624/3584
f 1089/1631/3585 1091/1632/3586 1104/1626/3587 1103/1625/3588
f 1091/1632/3589 1093/1629/3590 1101/1623/3591 1104/1626/3592
f 1105/1633/3593 1106/1634/3594 1108/1635/3595 1107/1636/3596
f 1107/1636/3597 1108/1635/3598 1110/1637/3599 1109/1638/3600
f 1109/1638/3601 1110/1637/3602 1112/1639/3603 1111/1640/3604
f 1111/1640/3605 1112/1639/3606 1106/1641/3607 1105/1642/3608
f 1114/1643/3609 1113/1644/3610 1115/1645/3611 1116/1646/3612
f 1117/1647/3613 1118/1648/3614 1119/1649/3615 1120/1650/3616
f 1106/1634/3617 1112/1651/3618 1113/1644/3619 1114/1643/3620
f 1112/1651/3621 1110/1652/3622 1115/1645/3623 1113/1644/3624
f 1110/1652/3625 1108/1635/3626 1116/1646/3627 1115/1645/3628
f 1108/1635/3629 1106/1634/3630 1114/1643/3631 1116/1646/3632
f 1109/1653/3633 1111/1654/3634 1118/1648/3635 1117/1647/3636
f 1111/1654/3637 1105/1655/3638 1119/1649/3639 1118/1648/3640
f 1105/1655/3641 1107/1656/3642 1120/1650/3643 1119/1649/3644
f 1107/1656/3645 1109/1653/3646 1117/1647/3647 1120/1650/3648
f 1121/1657/3649 1122/1658/3650 1124/1659/3651 1123/1660/3652
f 1123/1660/3653 1124/1659/3654 1126/1661/3655 1125/1662/3656
f 1125/1662/3657 1126/1661/3658 1128/1663/3659 1127/1664/3660
f 1127/1664/3661 1128/1663/3662 1122/1665/3663 1121/1666/3664
f 1130/1667/3665 1129/1668/3666 1131/1669/3667 1132/1670/3668
f 1133/1671/3669 1134/1672/3670 1135/1673/3671 1136/1674/3672
f 1122/1658/3673 1128/1675/3674 1129/1668/3675 1130/1667/3676
f 1128/1675/3677 1126/1676/3678 1131/1669/3679 1129/1668/3680
f 1126/1676/3681 1124/1659/3682 1132/1670/3683 1131/1669/3684
f 1124/1659/3685 1122/1658/3686 1130/1667/3687 1132/1670/3688
f 1125/1677/3689 1127/1678/3690 1134/1672/3691 1133/1671/3692
f 1127/1678/3693 1121/1679/3694 1135/1673/3695 1134/1672/3696
f 1121/1679/3697 1123/1680/3698 1136/1674/3699 1135/1673/3700
f 1123/1680/3701 1125/1677/3702 1133/1671/3703 1136/1674/3704
f 1137/1681/3705 1138/1682/3706 1140/1683/3707 1139/1684/3708
f 1139/1684/3709 1140/1683/3710 1142/1685/3711 1141/1686/3712
f 1141/1686/3713 1142/1685/3714 1144/1687/3715 1143/1688/3716
f 1143/1688/3717 1144/1687/3718 1138/1689/3719 1137/1690/3720
f 1146/1691/3721 1145/1692/3722 1147/1693/3723 1148/1694/3724
f 1149/1695/3725 1150/1696/3726 1151/1697/3727 1152/1698/3728
f 1138/1682/3729 1144/1699/3730 1145/1692/3731 1146/1691/3732
f 1144/1699/3733 1142/1700/3734 1147/1693/3735 1145/1692/3736
f 1142/1700/3737 1140/1683/3738 1148/1694/3739 1147/1693/3740
f 1140/1683/3741 1138/1682/3742 1146/1691/3743 1148/1694/3744
f 1141/1701/3745 1143/1702/3746 1150/1696/3747 1149/1695/3748
f 1143/1702/3749 1137/1703/3750 1151/1697/3751 1150/1696/3752
f 1137/1703/3753 1139/1704/3754 1152/1698/3755 1151/1697/3756
f 1139/1704/3757 1141/1701/3758 1149/1695/3759 1152/1698/3760
f 1153/1705/3761 1154/1706/3762 1156/1707/3763 1155/1708/3764
f 1155/1708/3765 1156/1707/3766 1158/1709/3767 1157/1710/3768
f 1157/1710/3769 1158/1709/3770 1160/1711/3771 1159/1712/3772
f 1159/1712/3773 1160/1711/3774 1154/1713/3775 1153/1714/3776
f 1162/1715/3777 1161/1716/3778 1163/1717/3779 1164/1718/3780
f 1165/1719/3781 1166/1720/3782 1167/1721/3783 1168/1722/3784
f 1154/1706/3785 1160/1723/3786 1161/1716/3787 1162/1715/3788
f 1160/1723/3789 1158/1724/3790 1163/1717/3791 1161/1716/3792
f 1158/1724/3793 1156/1707/3794 1164/1718/3795 1163/1717/3796
f 1156/1707/3797 1154/1706/3798 1162/1715/3799 1164/1718/3800
f 1157/1725/3801 1159/1726/3802 1166/1720/3803 1165/1719/3804
f 1159/1726/3805 1153/1727/3806 1167/1721/3807 1166/1720/3808
f 1153/1727/3809 1155/1728/3810 1168/1722/3811 1167/1721/3812
f 1155/1728/3813 1157/1725/3814 1165/1719/3815 1168/1722/3816
f 1169/1729/3817 1170/1730/3818 1172/1731/3819 1171/1732/3820
f 1171/1732/3821 1172/1731/3822 1174/1733/3823 1173/1734/3824
f 1173/1734/3825 1174/1733/3826 1176/1735/3827 1175/1736/3828
f 1175/1736/3829 1176/1735/3830 1170/1737/3831 1169/1738/3832
f 1176/1739/3833 1174/1740/3834 1172/1741/3835 1170/1742/3836
f 1173/1743/3837 1175/1744/3838 1169/1745/3839 1171/1746/3840
